# 3ds Max Wavefront OBJ Exporter v0.99 - (c)2007 guruware
# File Created: 07.04.2026 14:16:08

mtllib obj.mtl

#
# object obj_01
#

v  11.4993 21.2000 -16.7096
v  6.4993 21.2000 -16.7096
v  6.4993 21.2000 -11.7096
v  11.4993 21.2000 -11.7096
v  11.4993 21.2000 -21.7095
v  6.4993 21.2000 -21.7096
v  6.4993 21.2000 -21.3096
v  11.4993 21.2000 -21.3096
v  6.4993 24.2000 -6.7096
v  11.4993 24.2000 -6.7096
v  11.4993 24.2000 -7.1096
v  6.4993 24.2000 -7.1096
v  1.4993 3.5000 -16.7096
v  1.4993 3.5000 -19.0096
v  1.4993 3.2500 -19.0096
v  1.4993 3.2500 -16.7096
v  3.4990 21.2000 -16.7096
v  3.4990 21.2000 -11.7096
v  6.2382 3.5000 31.2904
v  6.2382 3.2500 31.2904
v  7.7382 3.2500 31.2904
v  7.7382 3.5000 31.2904
v  4.9991 21.2000 -21.7096
v  3.4990 21.2000 -21.7096
v  3.4990 21.2000 -21.3096
v  3.4991 21.2000 -7.1096
v  6.4993 21.2000 -7.1096
v  6.4993 24.2000 -2.7096
v  3.4993 24.2000 -2.7096
v  3.4991 24.2000 -2.3096
v  6.4993 24.2000 -2.3096
v  1.4993 3.5000 -2.7096
v  1.4993 3.2500 -2.7096
v  1.4993 3.2500 -2.3096
v  1.4993 3.5000 -2.3096
v  11.4993 21.2000 2.2904
v  6.4993 21.2000 2.2904
v  6.4993 21.2000 7.2904
v  11.4993 21.2000 7.2904
v  3.4990 21.2000 2.2904
v  3.4990 21.2000 7.2904
v  1.4993 3.5000 2.2904
v  1.4993 3.2500 2.2904
v  1.4993 3.2500 4.7904
v  1.4993 3.5000 4.7904
v  6.4993 21.2000 11.8904
v  7.7493 21.2000 11.8904
v  11.4993 21.2000 11.8904
v  3.4991 21.2000 11.8904
v  1.4993 3.5000 7.2904
v  1.4993 3.2500 7.2904
v  1.4993 3.2500 11.8904
v  1.4993 3.5000 11.8904
v  6.4993 24.2000 16.2904
v  3.4993 24.2000 16.2904
v  3.4991 24.2000 16.6904
v  6.4993 24.2000 16.6904
v  1.4993 3.5000 16.2904
v  1.4993 3.2500 16.2904
v  1.4993 3.2500 18.7904
v  1.4993 3.5000 18.7904
v  11.4993 21.2000 21.2904
v  6.4993 21.2000 21.2904
v  6.4993 21.2000 26.2904
v  11.4993 21.2000 26.2904
v  3.4990 21.2000 21.2904
v  3.4990 21.2000 26.2904
v  1.4993 3.5000 21.2904
v  1.4993 3.2500 21.2904
v  1.4993 3.2500 25.8904
v  1.4993 3.5000 25.8904
v  6.4993 21.2000 31.2904
v  11.4993 21.2000 31.2904
v  3.4990 21.2000 31.2904
v  1.4993 3.5000 -6.7096
v  1.4993 3.2500 -6.7096
v  3.4993 3.2500 -6.7096
v  3.4993 3.5000 -6.7096
v  1.4993 0.0000 -2.7096
v  3.4993 3.2500 -2.7096
v  3.4993 0.0000 -2.7096
v  1.4993 3.5000 12.2904
v  1.4993 3.2500 12.2904
v  3.4993 3.2500 12.2904
v  3.4993 3.5000 12.2904
v  1.4993 0.0000 16.2904
v  3.4993 3.2500 16.2904
v  3.4993 -0.0000 16.2904
v  3.4993 24.2000 -6.7096
v  3.4993 24.2000 12.2904
v  6.4993 24.2000 12.2904
v  1.4993 3.5000 -21.7096
v  1.4993 3.5000 -21.3096
v  1.4993 6.7500 -21.3096
v  1.4993 6.7500 -21.7096
v  3.4993 6.7500 -6.7096
v  1.4993 6.7500 -6.7096
v  3.4993 3.5000 -2.7096
v  1.4993 6.7500 -2.7096
v  3.4993 6.7500 -2.7096
v  1.4993 6.7500 -2.3096
v  3.4993 6.7500 12.2904
v  1.4993 6.7500 12.2904
v  3.4993 3.5000 16.2904
v  1.4993 6.7500 16.2904
v  3.4993 6.7500 16.2904
v  1.4993 6.7500 18.7904
v  1.4993 3.5000 31.2904
v  3.3326 3.5000 31.2904
v  3.3326 6.7500 31.2904
v  1.4993 6.7500 31.2904
v  1.4993 7.0000 -21.7096
v  1.4993 7.0000 -21.3096
v  1.4993 10.2500 -21.3096
v  1.4993 10.2500 -21.7096
v  1.4993 7.0000 -6.7096
v  3.4993 7.0000 -6.7096
v  3.4993 10.2500 -6.7096
v  1.4993 10.2500 -6.7096
v  3.4993 7.0000 -2.7096
v  1.4993 7.0000 -2.7096
v  1.4993 10.2500 -2.7096
v  3.4993 10.2500 -2.7096
v  1.4993 7.0000 -2.3096
v  1.4993 10.2500 -2.3096
v  1.4993 7.0000 12.2904
v  3.4993 7.0000 12.2904
v  3.4993 10.2500 12.2904
v  1.4993 10.2500 12.2904
v  3.4993 7.0000 16.2904
v  1.4993 7.0000 16.2904
v  1.4993 10.2500 16.2904
v  3.4993 10.2500 16.2904
v  1.4993 7.0000 18.7904
v  1.4993 10.2500 18.7904
v  1.4993 7.0000 31.2904
v  3.3326 7.0000 31.2904
v  3.3326 10.2500 31.2904
v  1.4993 10.2500 31.2904
v  1.4993 10.5000 -21.7096
v  1.4993 10.5000 -21.3096
v  1.4993 13.7500 -21.3096
v  1.4993 13.7500 -21.7096
v  1.4993 10.5000 -6.7096
v  3.4993 10.5000 -6.7096
v  3.4993 13.7500 -6.7096
v  1.4993 13.7500 -6.7096
v  3.4993 10.5000 -2.7096
v  1.4993 10.5000 -2.7096
v  1.4993 13.7500 -2.7096
v  3.4993 13.7500 -2.7096
v  1.4993 10.5000 -2.3096
v  1.4993 13.7500 -2.3096
v  1.4993 10.5000 12.2904
v  3.4993 10.5000 12.2904
v  3.4993 13.7500 12.2904
v  1.4993 13.7500 12.2904
v  3.4993 10.5000 16.2904
v  1.4993 10.5000 16.2904
v  1.4993 13.7500 16.2904
v  3.4993 13.7500 16.2904
v  1.4993 10.5000 18.7904
v  1.4993 13.7500 18.7904
v  1.4993 10.5000 31.2904
v  3.3326 10.5000 31.2904
v  3.3326 13.7500 31.2904
v  1.4993 13.7500 31.2904
v  1.4993 14.0000 -21.7096
v  1.4993 14.0000 -21.3096
v  1.4993 17.2500 -21.3096
v  1.4993 17.2500 -21.7096
v  1.4993 14.0000 -6.7096
v  3.4993 14.0000 -6.7096
v  3.4993 17.2500 -6.7096
v  1.4993 17.2500 -6.7096
v  3.4993 14.0000 -2.7096
v  1.4993 14.0000 -2.7096
v  1.4993 17.2500 -2.7096
v  3.4993 17.2500 -2.7096
v  1.4993 14.0000 -2.3096
v  1.4993 17.2500 -2.3096
v  1.4993 14.0000 12.2904
v  3.4993 14.0000 12.2904
v  3.4993 17.2500 12.2904
v  1.4993 17.2500 12.2904
v  3.4993 14.0000 16.2904
v  1.4993 14.0000 16.2904
v  1.4993 17.2500 16.2904
v  3.4993 17.2500 16.2904
v  1.4993 14.0000 18.7904
v  1.4993 17.2500 18.7904
v  1.4993 14.0000 31.2904
v  3.3326 14.0000 31.2904
v  3.3326 17.2500 31.2904
v  1.4993 17.2500 31.2904
v  1.4993 21.2000 -16.7096
v  1.4993 21.2000 -14.2096
v  1.4993 21.2000 -11.7096
v  1.7990 21.2000 -21.7096
v  1.4993 21.2000 -21.7096
v  1.4993 21.2000 -21.3096
v  1.4993 21.2000 2.2904
v  1.4993 21.2000 4.7904
v  1.4993 21.2000 7.2904
v  1.4993 21.2000 21.2904
v  1.4993 21.2000 26.2904
v  1.4993 21.2000 31.2904
v  1.4993 21.2000 -7.1096
v  3.4993 21.2000 -2.7096
v  1.4993 21.2000 -2.7096
v  1.4993 21.2000 -2.3096
v  3.4991 21.2000 -2.3096
v  1.4993 21.2000 11.8904
v  3.4993 21.2000 16.2904
v  1.4993 21.2000 16.2904
v  1.4993 21.2000 16.6900
v  3.4991 21.2000 16.6904
v  1.4993 17.5000 -21.7095
v  1.4993 17.5000 -21.3096
v  1.4993 20.7500 -21.3096
v  1.4993 20.7500 -21.7096
v  1.4993 17.5000 -6.7096
v  3.4993 17.5000 -6.7096
v  3.4993 20.7500 -6.7096
v  1.4993 20.7500 -6.7096
v  3.4993 17.5000 -2.7096
v  1.4993 17.5000 -2.7096
v  1.4993 20.7500 -2.7096
v  3.4993 20.7500 -2.7096
v  1.4993 17.5000 -2.3096
v  1.4993 20.7500 -2.3096
v  1.4993 17.5000 12.2904
v  3.4993 17.5000 12.2904
v  3.4993 20.7500 12.2904
v  1.4993 20.7500 12.2904
v  1.4993 3.2500 -11.7096
v  1.4993 3.5000 -11.7096
v  1.4993 3.5000 -14.2096
v  1.4993 3.2500 -14.2096
v  1.4993 3.5000 -7.1096
v  1.4993 3.2500 -7.1096
v  1.4993 3.2500 -21.7096
v  1.4993 0.0000 -21.7096
v  1.4993 0.0000 -21.3096
v  1.4993 3.2500 -21.3096
v  1.4993 0.0000 -2.3096
v  1.4993 0.0000 18.7904
v  1.4993 0.0000 -6.7096
v  3.4993 0.0000 -6.7096
v  1.4993 0.0000 12.2904
v  3.4993 0.0000 12.2904
v  1.4993 6.7500 -16.7096
v  1.4993 7.0000 -16.7096
v  1.4993 7.0000 -19.0096
v  1.4993 6.7500 -19.0096
v  1.4993 6.7500 -11.7096
v  1.4993 7.0000 -11.7096
v  1.4993 7.0000 -14.2096
v  1.4993 6.7500 -14.2096
v  1.4993 7.0000 -7.1096
v  1.4993 6.7500 -7.1096
v  1.4993 6.7500 2.2904
v  1.4993 7.0000 2.2904
v  1.4993 7.0000 -0.0096
v  1.4993 6.7500 -0.0096
v  1.4993 6.7500 7.2904
v  1.4993 7.0000 7.2904
v  1.4993 7.0000 4.7904
v  1.4993 6.7500 4.7904
v  1.4993 7.0000 11.8904
v  1.4993 6.7500 11.8904
v  1.4993 6.7500 21.2904
v  1.4993 7.0000 21.2904
v  1.4993 7.0000 20.9904
v  1.4993 6.7500 20.9904
v  1.4993 6.7500 25.8904
v  1.4993 7.0000 25.8904
v  1.4993 7.0000 30.9904
v  1.4993 6.7500 30.9904
v  4.8326 6.7500 31.2904
v  4.8326 7.0000 31.2904
v  1.4993 10.2500 -16.7096
v  1.4993 10.5000 -16.7096
v  1.4993 10.5000 -19.0096
v  1.4993 10.2500 -19.0096
v  1.4993 10.2500 -11.7096
v  1.4993 10.5000 -11.7096
v  1.4993 10.5000 -14.2096
v  1.4993 10.2500 -14.2096
v  1.4993 10.5000 -7.1096
v  1.4993 10.2500 -7.1096
v  1.4993 10.2500 2.2904
v  1.4993 10.5000 2.2904
v  1.4993 10.5000 -0.0096
v  1.4993 10.2500 -0.0096
v  1.4993 10.2500 7.2904
v  1.4993 10.5000 7.2904
v  1.4993 10.5000 4.7904
v  1.4993 10.2500 4.7904
v  1.4993 10.5000 11.8904
v  1.4993 10.2500 11.8904
v  1.4993 10.2500 21.2904
v  1.4993 10.5000 21.2904
v  1.4993 10.5000 20.9904
v  1.4993 10.2500 20.9904
v  1.4993 10.2500 25.8904
v  1.4993 10.5000 25.8904
v  1.4993 10.5000 30.9904
v  1.4993 10.2500 30.9904
v  4.8326 10.2500 31.2904
v  4.8326 10.5000 31.2904
v  1.4993 13.7500 -16.7096
v  1.4993 14.0000 -16.7096
v  1.4993 14.0000 -19.0096
v  1.4993 13.7500 -19.0096
v  1.4993 13.7500 -11.7096
v  1.4993 14.0000 -11.7096
v  1.4993 14.0000 -14.2096
v  1.4993 13.7500 -14.2096
v  1.4993 14.0000 -7.1096
v  1.4993 13.7500 -7.1096
v  1.4993 13.7500 2.2904
v  1.4993 14.0000 2.2904
v  1.4993 14.0000 -0.0096
v  1.4993 13.7500 -0.0096
v  1.4993 13.7500 7.2904
v  1.4993 14.0000 7.2904
v  1.4993 14.0000 4.7904
v  1.4993 13.7500 4.7904
v  1.4993 14.0000 11.8904
v  1.4993 13.7500 11.8904
v  1.4993 13.7500 21.2904
v  1.4993 14.0000 21.2904
v  1.4993 14.0000 20.9904
v  1.4993 13.7500 20.9904
v  1.4993 13.7500 25.8904
v  1.4993 14.0000 25.8904
v  1.4993 14.0000 30.9904
v  1.4993 13.7500 30.9904
v  4.8326 13.7500 31.2904
v  4.8326 14.0000 31.2904
v  1.4993 17.2500 -16.7096
v  1.4993 17.5000 -16.7096
v  1.4993 17.5000 -19.0096
v  1.4993 17.2500 -19.0096
v  1.4993 17.2500 -11.7096
v  1.4993 17.5000 -11.7096
v  1.4993 17.5000 -14.2096
v  1.4993 17.2500 -14.2096
v  1.4993 17.5000 -7.1096
v  1.4993 17.2500 -7.1096
v  1.4993 17.2500 2.2904
v  1.4993 17.5000 2.2904
v  1.4993 17.5000 -0.0096
v  1.4993 17.2500 -0.0096
v  1.4993 17.2500 7.2904
v  1.4993 17.5000 7.2904
v  1.4993 17.5000 4.7904
v  1.4993 17.2500 4.7904
v  1.4993 17.5000 11.8904
v  1.4993 17.2500 11.8904
v  1.4993 17.5000 16.2904
v  3.4993 17.5000 16.2904
v  1.4993 17.2500 21.2904
v  1.4993 17.5000 21.2904
v  1.4993 17.5000 20.9902
v  1.4993 17.2500 20.9904
v  4.8326 17.2500 31.2904
v  4.8326 17.5000 31.2904
v  3.4990 17.5000 31.2904
v  3.3326 17.5000 31.2904
v  1.4993 3.2500 31.2904
v  1.4993 0.0000 31.2904
v  3.3326 0.0000 31.2904
v  3.3326 3.2500 31.2904
v  7.7382 6.7500 31.2904
v  7.7382 7.0000 31.2904
v  6.2382 7.0000 31.2904
v  6.2382 6.7500 31.2904
v  7.7382 10.2500 31.2904
v  7.7382 10.5000 31.2904
v  6.2382 10.5000 31.2904
v  6.2382 10.2500 31.2904
v  7.7382 13.7500 31.2904
v  7.7382 14.0000 31.2904
v  6.2382 14.0000 31.2904
v  6.2382 13.7500 31.2904
v  7.7382 17.2500 31.2904
v  7.7382 17.5000 31.2904
v  6.2382 17.5000 31.2904
v  6.2382 17.2500 31.2904
v  1.4993 20.7500 -16.7096
v  1.4993 21.2000 -19.0096
v  1.4993 20.7500 -19.0096
v  1.4993 20.7500 -11.7096
v  1.4993 20.7500 -14.2096
v  1.4993 21.2000 -6.7096
v  1.4993 20.7500 -7.1096
v  3.4993 21.2000 -6.7096
v  1.4993 20.7500 2.2904
v  1.4993 21.2000 -0.0096
v  1.4993 20.7500 -0.0096
v  1.4993 20.7500 7.2904
v  1.4993 20.7500 4.7904
v  1.4993 21.2000 12.2904
v  1.4993 20.7500 11.8904
v  3.4993 21.2000 12.2904
v  1.4993 20.7500 16.2904
v  3.4993 20.7500 16.2904
v  1.4993 20.7500 21.2904
v  1.4993 20.7500 16.6900
v  1.4993 20.7500 26.2904
v  1.4993 20.7500 31.2904
v  3.4991 20.7500 31.2904
v  6.4993 20.7500 31.2904
v  11.4993 20.7500 31.2904
v  3.4991 20.7500 26.2904
v  3.4992 20.7500 21.2904
v  3.4991 20.7500 25.8904
v  3.4993 20.7500 17.2904
v  3.4991 17.5000 17.2904
v  1.4993 17.5000 17.2900
v  1.4993 17.5000 25.8904
v  3.4990 17.5000 25.8904
v  3.4990 17.5000 21.2904
v  7.7493 21.2000 -7.1096
v  11.4993 21.2000 -7.1096
v  1.4993 0.0000 -7.1096
v  3.4991 24.2000 -7.1096
v  6.4993 21.2000 -2.3096
v  11.4993 21.2000 -2.3096
v  1.4993 3.2500 -0.0096
v  1.4993 3.5000 -0.0096
v  6.4993 24.2000 11.8904
v  11.4993 24.2000 12.2904
v  11.4993 24.2000 11.8904
v  3.4991 24.2000 11.8904
v  1.4993 0.0000 11.8904
v  6.4993 21.2000 16.6904
v  11.4993 21.2000 16.6905
v  1.4993 17.5000 18.7900
v  1.4993 0.0000 -11.7096
v  3.4993 0.0000 -11.7096
v  3.4993 3.2500 -11.7096
v  3.4993 0.0000 -7.1096
v  3.4993 3.2500 -7.1096
v  3.4993 3.5000 -11.7096
v  3.4993 6.7500 -11.7096
v  3.4993 3.5000 -7.1096
v  3.4993 6.7500 -7.1096
v  3.4993 3.5000 11.8904
v  3.4993 3.5000 7.2904
v  3.4993 6.7500 11.8904
v  3.4993 6.7500 7.2904
v  3.4993 7.0000 -11.7096
v  3.4993 10.2500 -11.7096
v  3.4993 7.0000 -7.1096
v  3.4993 10.2500 -7.1096
v  3.4993 7.0000 7.2904
v  3.4993 10.2500 7.2904
v  3.4993 7.0000 11.8904
v  3.4993 10.2500 11.8904
v  3.4993 10.5000 -11.7096
v  3.4993 13.7500 -11.7096
v  3.4993 10.5000 -7.1096
v  3.4993 13.7500 -7.1096
v  3.4993 10.5000 7.2904
v  3.4993 13.7500 7.2904
v  3.4993 10.5000 11.8904
v  3.4993 13.7500 11.8904
v  3.4993 14.0000 -11.7096
v  3.4993 17.2500 -11.7096
v  3.4993 14.0000 -7.1096
v  3.4993 17.2500 -7.1096
v  3.4993 14.0000 7.2904
v  3.4993 17.2500 7.2904
v  3.4993 14.0000 11.8904
v  3.4993 17.2500 11.8904
v  3.4993 17.5000 -11.7096
v  3.4993 20.7500 -11.7096
v  3.4993 17.5000 -7.1096
v  3.4993 20.7500 -7.1096
v  3.4993 17.5000 7.2904
v  3.4993 20.7500 7.2904
v  3.4993 17.5000 11.8904
v  3.4993 20.7500 11.8904
v  3.4993 3.2500 7.2904
v  3.4993 3.2500 11.8904
v  1.4993 0.0000 7.2904
v  3.4993 0.0000 7.2904
v  3.4993 0.0000 11.8904
v  11.4993 24.2000 -2.7096
v  11.4993 24.2000 -2.3096
v  11.4993 24.2000 16.2904
v  11.4993 24.2000 16.6904
v  3.4993 23.7500 -6.7096
v  3.4993 23.7500 -2.7096
v  3.4993 23.7500 12.2904
v  3.4993 23.7500 16.2904
v  9.8324 3.2500 31.2904
v  9.8324 3.5000 31.2904
v  9.8324 6.7500 31.2904
v  9.8324 7.0000 31.2904
v  9.8324 13.7500 31.2904
v  9.8324 14.0000 31.2904
v  7.7382 0.0000 31.2904
v  9.8324 -0.0000 31.2904
v  9.8324 10.2500 31.2904
v  9.8324 17.2500 31.2904
v  1.4993 3.2500 30.9904
v  1.4993 3.5000 30.9904
v  1.4993 17.2500 30.9904
v  1.4993 0.0000 30.9904
v  1.4993 7.0000 28.7404
v  1.4993 6.7500 28.7404
v  1.4993 10.5000 28.7404
v  1.4993 10.2500 28.7404
v  1.4993 14.0000 28.7404
v  1.4993 13.7500 28.7404
v  3.4993 3.5000 25.8904
v  3.4993 3.5000 21.2904
v  3.4993 6.7500 25.8904
v  3.4993 6.7500 21.2904
v  3.4993 7.0000 25.8904
v  3.4993 7.0000 21.2904
v  3.4993 10.2500 25.8904
v  3.4993 10.2500 21.2904
v  3.4993 10.5000 25.8904
v  3.4993 10.5000 21.2904
v  3.4993 13.7500 25.8904
v  3.4993 13.7500 21.2904
v  3.4993 14.0000 25.8904
v  3.4993 14.0000 21.2904
v  1.4993 17.2500 25.8904
v  3.4993 17.2500 25.8904
v  3.4993 17.2500 21.2904
v  3.4993 3.2500 21.2904
v  3.4993 3.2500 25.8904
v  1.4993 0.0000 21.2904
v  3.4993 0.0000 21.2904
v  1.4993 0.0000 25.8904
v  3.4993 0.0000 25.8904
v  1.4993 3.2500 28.7404
v  1.4993 3.5000 28.7404
v  1.7993 6.7500 30.9904
v  1.7993 3.5000 30.9904
v  1.7993 6.7500 28.7404
v  1.7993 3.5000 28.7404
v  1.7993 10.2500 30.9904
v  1.7993 7.0000 30.9904
v  1.7993 10.2500 28.7404
v  1.7993 7.0000 28.7404
v  1.7993 13.7500 30.9904
v  1.7993 10.5000 30.9904
v  1.7993 13.7500 28.7404
v  1.7993 10.5000 28.7404
v  1.7993 17.2500 30.9904
v  1.7993 14.0000 30.9904
v  1.4993 17.2500 28.7404
v  1.7993 17.2500 28.7404
v  1.7993 14.0000 28.7404
v  1.7993 3.2500 30.9904
v  1.7993 0.0000 30.9904
v  1.7993 3.2500 28.7404
v  1.4993 0.0000 28.7404
v  1.7993 0.0000 28.7404
v  1.4993 3.2500 20.9904
v  1.4993 3.5000 20.9904
v  1.4993 0.0000 20.9904
v  1.7993 3.5000 18.7904
v  1.7993 6.7500 18.7904
v  1.7993 6.7500 20.9904
v  1.7993 3.5000 20.9904
v  1.7993 10.2500 20.9904
v  1.7993 7.0000 20.9904
v  1.7993 10.2500 18.7904
v  1.7993 7.0000 18.7904
v  1.7993 13.7500 20.9904
v  1.7993 10.5000 20.9904
v  1.7993 13.7500 18.7904
v  1.7993 10.5000 18.7904
v  1.7993 17.2500 20.9904
v  1.7993 14.0000 20.9904
v  1.7993 17.2500 18.7904
v  1.7993 14.0000 18.7904
v  1.7993 3.2500 18.7904
v  1.7993 3.2500 20.9904
v  1.7993 -0.0000 18.7904
v  1.7993 0.0000 20.9904
v  1.4993 0.0000 -14.2096
v  1.4993 0.0000 4.7904
v  1.4993 0.0000 -19.0096
v  1.4993 0.0000 -16.7096
v  1.4993 0.0000 -0.0096
v  1.4993 0.0000 2.2904
v  1.7993 0.0000 -14.2096
v  1.7993 0.0000 -16.7096
v  1.7993 3.2500 -14.2096
v  1.7993 3.2500 -16.7096
v  1.7993 6.7500 -14.2096
v  1.7993 3.5000 -14.2096
v  1.7993 6.7500 -16.7096
v  1.7993 3.5000 -16.7096
v  1.7993 3.5000 2.2904
v  1.7993 6.7500 2.2904
v  1.7993 6.7500 4.7904
v  1.7993 3.5000 4.7904
v  1.7993 10.2500 -14.2096
v  1.7993 7.0000 -14.2096
v  1.7993 10.2500 -16.7096
v  1.7993 7.0000 -16.7096
v  1.7993 10.2500 4.7904
v  1.7993 7.0000 4.7904
v  1.7993 10.2500 2.2904
v  1.7993 7.0000 2.2904
v  1.7993 13.7500 -14.2096
v  1.7993 10.5000 -14.2096
v  1.7993 13.7500 -16.7096
v  1.7993 10.5000 -16.7096
v  1.7993 13.7500 4.7904
v  1.7993 10.5000 4.7904
v  1.7993 13.7500 2.2904
v  1.7993 10.5000 2.2904
v  1.7993 17.2500 -14.2096
v  1.7993 14.0000 -14.2096
v  1.7993 17.2500 -16.7096
v  1.7993 14.0000 -16.7096
v  1.7993 17.2500 4.7904
v  1.7993 14.0000 4.7904
v  1.7993 17.2500 2.2904
v  1.7993 14.0000 2.2904
v  1.7993 20.7500 -14.2096
v  1.7993 17.5000 -14.2096
v  1.7993 20.7500 -16.7096
v  1.7993 17.5000 -16.7096
v  1.7993 20.7500 4.7904
v  1.7993 17.5000 4.7904
v  1.7993 20.7500 2.2904
v  1.7993 17.5000 2.2904
v  1.7993 3.2500 2.2904
v  1.7993 3.2500 4.7904
v  1.7993 0.0000 2.2904
v  1.7993 0.0000 4.7904
v  1.7993 3.5000 -21.3096
v  1.7993 6.7500 -21.3096
v  1.7993 6.7500 -19.0096
v  1.7993 3.5000 -19.0096
v  1.7993 7.0000 -21.3096
v  1.7993 10.2500 -21.3096
v  1.7993 10.2500 -19.0096
v  1.7993 7.0000 -19.0096
v  1.7993 10.5000 -21.3096
v  1.7993 13.7500 -21.3096
v  1.7993 13.7500 -19.0096
v  1.7993 10.5000 -19.0096
v  1.7993 14.0000 -21.3096
v  1.7993 17.2500 -21.3096
v  1.7993 17.2500 -19.0096
v  1.7993 14.0000 -19.0096
v  1.7993 17.5000 -21.3096
v  1.7993 20.7500 -21.3096
v  1.7993 20.7500 -19.0096
v  1.7993 17.5000 -19.0096
v  1.7993 3.2500 -21.3096
v  1.7993 3.2500 -19.0096
v  1.7993 0.0000 -21.3096
v  1.7993 0.0000 -19.0096
v  1.7993 3.5000 -2.3096
v  1.7993 6.7500 -2.3096
v  1.7993 6.7500 -0.0096
v  1.7993 3.5000 -0.0096
v  1.7993 7.0000 -2.3096
v  1.7993 10.2500 -2.3096
v  1.7993 10.2500 -0.0096
v  1.7993 7.0000 -0.0096
v  1.7993 10.5000 -2.3096
v  1.7993 13.7500 -2.3096
v  1.7993 13.7500 -0.0096
v  1.7993 10.5000 -0.0096
v  1.7993 14.0000 -2.3096
v  1.7993 17.2500 -2.3096
v  1.7993 17.2500 -0.0096
v  1.7993 14.0000 -0.0096
v  1.7993 17.5000 -2.3096
v  1.7993 20.7500 -2.3096
v  1.7993 20.7500 -0.0096
v  1.7993 17.5000 -0.0096
v  1.7993 0.0000 -2.3096
v  1.7993 3.2500 -2.3096
v  1.7993 0.0000 -0.0096
v  1.7993 3.2500 -0.0096
v  1.7993 3.2500 -21.7095
v  1.7993 -0.0000 -21.7096
v  1.7993 6.7499 -21.7095
v  1.7993 3.5000 -21.7095
v  1.7993 10.2500 -21.7095
v  1.7993 6.9999 -21.7096
v  1.7993 13.7500 -21.7095
v  1.7993 10.5000 -21.7095
v  1.7993 17.2500 -21.7096
v  1.7993 14.0000 -21.7095
v  7.7493 23.7500 -7.1096
v  11.4993 23.7500 -7.1095
v  3.4991 23.7500 -7.1096
v  6.4993 23.7500 -7.1096
v  3.4991 23.7500 -2.3096
v  6.4993 23.7500 -2.3096
v  11.4993 23.7500 -2.3095
v  3.4991 23.7500 16.6904
v  6.4993 23.7500 16.6904
v  11.4993 23.7500 16.6904
v  7.7493 23.7500 11.8904
v  11.4993 23.7500 11.8904
v  3.4991 23.7500 11.8904
v  6.4993 23.7500 11.8904
v  3.7993 3.2500 -6.7096
v  3.7993 3.5000 -6.7096
v  3.7993 0.0000 -6.7096
v  3.7993 0.0000 -2.7096
v  3.7993 3.2500 -2.7096
v  3.7993 3.5000 -2.7096
v  3.7993 6.7500 -2.7096
v  3.7993 7.0000 -2.7096
v  3.7993 10.2500 -2.7096
v  3.7993 10.5000 -2.7096
v  3.7993 13.7500 -2.7096
v  3.7993 14.0000 -2.7096
v  3.7993 17.2500 -2.7096
v  3.7993 17.5000 -2.7096
v  3.7993 20.7500 -2.7096
v  3.7993 21.2000 -2.7096
v  3.7993 23.7500 -2.7096
v  3.7993 23.7500 -6.7096
v  3.7993 21.2000 -6.7096
v  3.7993 20.7500 -6.7096
v  3.7993 17.5000 -6.7096
v  3.7993 17.2500 -6.7096
v  3.7993 14.0000 -6.7096
v  3.7993 13.7500 -6.7096
v  3.7993 10.5000 -6.7096
v  3.7993 10.2500 -6.7096
v  3.7993 7.0000 -6.7096
v  3.7993 6.7500 -6.7096
v  3.7993 3.2500 12.2904
v  3.7993 3.5000 12.2904
v  3.7993 0.0000 12.2904
v  3.7993 -0.0000 16.2904
v  3.7993 3.2500 16.2904
v  3.7993 3.5000 16.2904
v  3.7993 6.7500 16.2904
v  3.7993 7.0000 16.2904
v  3.7993 10.2500 16.2904
v  3.7993 10.5000 16.2904
v  3.7993 13.7500 16.2904
v  3.7993 14.0000 16.2904
v  3.7993 17.2500 16.2904
v  3.7993 17.5000 16.2904
v  3.7993 20.7500 16.2904
v  3.7993 21.2000 16.2904
v  3.7993 23.7500 16.2904
v  3.7993 23.7500 12.2904
v  3.7993 21.2000 12.2904
v  3.7993 20.7500 12.2904
v  3.7993 17.5000 12.2904
v  3.7993 17.2500 12.2904
v  3.7993 14.0000 12.2904
v  3.7993 13.7500 12.2904
v  3.7993 10.5000 12.2904
v  3.7993 10.2500 12.2904
v  3.7993 7.0000 12.2904
v  3.7993 6.7500 12.2904
v  6.4993 23.7500 12.1904
v  6.4993 21.2000 12.1904
v  7.7493 23.7500 12.1904
v  7.7493 21.2000 12.1904
v  6.4993 23.7500 -6.8096
v  6.4993 21.2000 -6.8096
v  7.7493 23.7500 -6.8096
v  7.7493 21.2000 -6.8096
v  9.8324 17.5000 31.2904
v  9.8324 10.5000 31.2904
v  14.4052 21.2000 -13.7095
v  14.4052 21.2000 -14.2095
v  12.0667 21.2000 -14.2096
v  12.0667 21.2000 -13.7096
v  12.0670 21.2000 -21.3096
v  14.4055 21.2000 -21.3095
v  16.4993 21.2000 -21.3096
v  16.4993 21.2000 -21.7096
v  14.4055 21.2000 -21.7093
v  12.0667 21.2000 -16.7096
v  12.0667 21.2000 -17.1696
v  12.0668 21.2000 -17.6296
v  12.0668 21.2000 -18.0896
v  12.0668 21.2000 -18.5496
v  12.0669 21.2000 -19.0096
v  12.0669 21.2000 -19.4696
v  12.0669 21.2000 -19.9296
v  12.0669 21.2000 -20.3896
v  12.0670 21.2000 -20.8496
v  14.4052 21.2000 5.2905
v  14.4052 21.2000 4.7905
v  12.0667 21.2000 4.7904
v  12.0667 21.2000 5.2904
v  14.4052 21.2000 10.0505
v  14.4052 21.2000 9.5905
v  12.0667 21.2000 9.5904
v  12.0667 21.2000 10.0504
v  14.4052 21.2000 24.2905
v  14.4052 21.2000 23.7905
v  12.0667 21.2000 23.7904
v  12.0667 21.2000 24.2904
v  14.4052 21.2000 29.2905
v  14.4052 21.2000 28.7905
v  12.0667 21.2000 28.7904
v  12.0667 21.2000 29.2904
v  12.0667 20.7500 31.2904
v  14.4052 20.7500 31.2905
v  14.4052 21.2000 31.2905
v  12.0667 21.2000 31.2904
v  14.4052 21.2000 -8.9495
v  14.4052 21.2000 -9.4095
v  12.0667 21.2000 -9.4096
v  12.0667 21.2000 -8.9496
v  14.4052 21.2000 0.4505
v  14.4052 21.2000 -0.0095
v  12.0667 21.2000 -0.0096
v  12.0667 21.2000 0.4504
v  14.4052 21.2000 19.4505
v  14.4052 21.2000 18.9905
v  12.0667 21.2000 18.9904
v  12.0667 21.2000 19.4504
v  16.4993 21.2000 -16.7096
v  16.4993 21.2000 -11.7096
v  16.4993 20.7500 -11.7096
v  16.4993 20.7500 -16.7096
v  16.4993 20.7500 -21.3096
v  16.4993 20.7500 -21.7096
v  16.4993 21.2000 2.2904
v  16.4993 21.2000 7.2904
v  16.4993 20.7500 7.2904
v  16.4993 20.7500 2.2904
v  16.4993 21.2000 11.8904
v  16.4991 20.7500 11.8904
v  16.4993 21.2000 21.2904
v  16.4993 21.2000 26.2904
v  16.4993 20.7500 26.2904
v  16.4993 20.7500 21.2904
v  16.4993 21.2000 31.2904
v  16.4993 20.7500 31.2904
v  16.4993 21.2000 -7.1096
v  16.4993 20.7500 -7.1096
v  16.4993 21.2000 -2.3096
v  16.4992 20.7500 -2.3096
v  16.4993 21.2000 16.6904
v  16.4993 20.7500 16.6904
v  16.4993 17.5000 -15.4595
v  16.4993 17.5000 -12.9595
v  16.4993 17.2500 -12.9596
v  16.4993 17.2500 -15.4596
v  16.4993 17.5000 -21.7095
v  16.4993 17.5000 -21.3095
v  16.4993 17.2500 -21.3096
v  16.4993 17.2500 -21.7096
v  16.4993 17.5000 3.5405
v  16.4993 17.5000 6.0405
v  16.4993 17.2500 6.0404
v  16.4993 17.2500 3.5404
v  16.4993 17.5000 10.7405
v  16.4993 17.2500 10.7404
v  16.4993 17.2500 7.2904
v  16.4993 17.5000 7.2905
v  16.4993 17.5000 22.5405
v  16.4993 17.5000 25.0405
v  16.4993 17.2500 25.0404
v  16.4993 17.2500 22.5404
v  16.4993 17.5000 30.0405
v  16.4993 17.2500 30.0404
v  16.4993 17.2500 26.2904
v  16.4993 17.5000 26.2905
v  16.4993 17.5000 -8.2595
v  16.4993 17.2500 -8.2596
v  16.4993 17.2500 -11.7096
v  16.4993 17.5000 -11.7095
v  16.4993 17.5000 -2.3095
v  16.4993 17.5000 -2.0095
v  16.4993 17.2500 -2.0096
v  16.4993 17.2500 -2.3096
v  16.4993 17.5000 16.6905
v  16.4993 17.5000 16.9905
v  16.4993 17.2500 16.9904
v  16.4993 17.2500 16.6904
v  16.4993 14.0000 -21.3096
v  16.4993 14.0000 -21.7096
v  16.4993 14.0000 -2.0096
v  16.4993 14.0000 -2.3095
v  16.4993 14.0000 16.9904
v  16.4993 14.0000 16.6905
v  16.4993 14.0000 -15.4596
v  16.4993 14.0000 -12.9596
v  16.4993 13.7500 -12.9596
v  16.4993 13.7500 -15.4596
v  16.4993 13.7500 -21.3096
v  16.4993 13.7500 -21.7096
v  16.4993 14.0000 3.5404
v  16.4993 14.0000 6.0404
v  16.4993 13.7500 6.0404
v  16.4993 13.7500 3.5404
v  16.4993 14.0000 10.7404
v  16.4993 13.7500 10.7404
v  16.4993 13.7500 7.2904
v  16.4993 14.0000 7.2904
v  16.4993 14.0000 22.5404
v  16.4993 14.0000 25.0404
v  16.4993 13.7500 25.0404
v  16.4993 13.7500 22.5404
v  16.4993 14.0000 30.0404
v  16.4993 13.7500 30.0404
v  16.4993 13.7500 26.2904
v  16.4993 14.0000 26.2904
v  16.4993 14.0000 -8.2595
v  16.4993 13.7500 -8.2596
v  16.4993 13.7500 -11.7096
v  16.4993 14.0000 -11.7096
v  16.4993 13.7500 -2.0096
v  16.4993 13.7500 -2.3096
v  16.4993 13.7500 16.9904
v  16.4993 13.7500 16.6904
v  16.4993 10.5000 -21.3096
v  16.4993 10.5000 -21.7096
v  16.4993 10.5000 -2.0096
v  16.4993 10.5000 -2.3096
v  16.4993 10.5000 16.9904
v  16.4993 10.5000 16.6904
v  16.4993 10.5000 -15.4596
v  16.4993 10.5000 -12.9596
v  16.4993 10.2500 -12.9596
v  16.4993 10.2500 -15.4596
v  16.4993 10.2500 -21.3096
v  16.4993 10.2500 -21.7096
v  16.4993 10.5000 3.5404
v  16.4993 10.5000 6.0404
v  16.4993 10.2500 6.0404
v  16.4993 10.2500 3.5404
v  16.4993 10.5000 10.7404
v  16.4993 10.2500 10.7404
v  16.4993 10.2500 7.2904
v  16.4993 10.5000 7.2904
v  16.4993 10.5000 22.5404
v  16.4993 10.5000 25.0404
v  16.4993 10.2500 25.0404
v  16.4993 10.2500 22.5404
v  16.4993 10.5000 30.0404
v  16.4993 10.2500 30.0404
v  16.4993 10.2500 26.2904
v  16.4993 10.5000 26.2904
v  16.4993 10.5000 -8.2596
v  16.4993 10.2500 -8.2596
v  16.4993 10.2500 -11.7096
v  16.4993 10.5000 -11.7096
v  16.4993 10.2500 -2.0096
v  16.4993 10.2500 -2.3096
v  16.4993 10.2500 16.9904
v  16.4993 10.2500 16.6904
v  16.4993 7.0000 -21.3096
v  16.4993 7.0000 -21.7096
v  16.4993 7.0000 -2.0096
v  16.4993 7.0000 -2.3096
v  16.4993 7.0000 16.9904
v  16.4993 7.0000 16.6904
v  16.4993 7.0000 -15.4596
v  16.4993 7.0000 -12.9596
v  16.4993 6.7500 -12.9596
v  16.4993 6.7500 -15.4596
v  16.4993 6.7500 -21.3096
v  16.4993 6.7500 -21.7096
v  16.4993 7.0000 3.5404
v  16.4993 7.0000 6.0404
v  16.4993 6.7500 6.0404
v  16.4993 6.7500 3.5404
v  16.4993 7.0000 10.7404
v  16.4993 6.7500 10.7404
v  16.4993 6.7500 7.2904
v  16.4993 7.0000 7.2904
v  16.4993 7.0000 22.5404
v  16.4993 7.0000 25.0404
v  16.4993 6.7500 25.0404
v  16.4993 6.7500 22.5404
v  16.4993 7.0000 30.0404
v  16.4993 6.7500 30.0404
v  16.4993 6.7500 26.2904
v  16.4993 7.0000 26.2904
v  16.4993 7.0000 -8.2596
v  16.4993 6.7500 -8.2595
v  16.4993 6.7500 -11.7096
v  16.4993 7.0000 -11.7096
v  16.4993 6.7500 -2.0096
v  16.4993 6.7500 -2.3095
v  16.4993 6.7500 16.9904
v  16.4993 6.7500 16.6905
v  16.4993 3.5000 -21.3096
v  16.4993 3.5000 -21.7096
v  16.4993 3.5000 -2.0096
v  16.4993 3.5000 -2.3096
v  16.4993 3.5000 16.9904
v  16.4993 3.5000 16.6904
v  16.4993 3.5000 -15.4596
v  16.4993 3.5000 -12.9596
v  16.4993 3.2500 -12.9596
v  16.4993 3.2500 -15.4596
v  16.4993 3.2500 -21.3096
v  16.4993 3.2500 -21.7096
v  16.4993 3.5000 3.5404
v  16.4993 3.5000 6.0404
v  16.4993 3.2500 6.0404
v  16.4993 3.2500 3.5404
v  16.4993 3.5000 10.7404
v  16.4993 3.2500 10.7404
v  16.4993 3.2500 7.2904
v  16.4993 3.5000 7.2904
v  16.4993 3.5000 22.5404
v  16.4993 3.5000 25.0404
v  16.4993 3.2500 25.0404
v  16.4993 3.2500 22.5404
v  16.4993 3.5000 30.0404
v  16.4993 3.2500 30.0404
v  16.4993 3.2500 26.2904
v  16.4993 3.5000 26.2904
v  16.4993 3.5000 -8.2596
v  16.4993 3.2500 -8.2596
v  16.4993 3.2500 -11.7096
v  16.4993 3.5000 -11.7096
v  16.4993 3.2500 -2.0096
v  16.4993 3.2500 -2.3096
v  16.4993 3.2500 16.9904
v  16.4993 3.2500 16.6904
v  16.4993 -0.0000 -21.3096
v  16.4993 -0.0000 -21.7096
v  16.4993 -0.0000 -2.0096
v  16.4993 -0.0000 -2.3096
v  16.4993 -0.0000 16.9904
v  16.4993 -0.0000 16.6904
v  11.4993 23.7500 -6.7095
v  11.4993 23.7500 -2.7095
v  11.4993 21.2000 -6.7096
v  11.4993 21.2000 -2.7096
v  11.4993 23.7500 12.2904
v  11.4993 23.7500 16.2904
v  11.4993 21.2000 12.2905
v  11.4993 21.2000 16.2905
v  16.4993 21.2000 -6.7096
v  16.4993 20.7500 -6.7096
v  16.4993 21.2000 -2.7096
v  16.4993 20.7500 -2.7096
v  16.4993 21.2000 12.2904
v  16.4993 20.7500 12.2904
v  16.4993 21.2000 16.2904
v  16.4993 20.7500 16.2904
v  16.4993 17.2500 11.8904
v  11.4993 17.2500 11.8904
v  11.4993 14.0000 11.8905
v  16.4993 14.0000 11.8904
v  11.4993 17.2500 -7.1096
v  11.4993 14.0000 -7.1095
v  16.4993 14.0000 -7.1095
v  16.4993 17.2500 -7.1096
v  13.1660 14.0000 -2.3095
v  13.1659 17.2500 -2.3096
v  11.4993 17.2500 -6.7096
v  11.4993 14.0000 -6.7095
v  11.4993 17.2500 -2.7096
v  11.4993 17.2500 -2.3096
v  11.4993 14.0000 -2.3095
v  11.4993 14.0000 -2.7095
v  11.4993 17.2500 12.2904
v  11.4993 14.0000 12.2905
v  11.4993 17.2500 16.2904
v  11.4993 17.2500 16.6904
v  11.4993 14.0000 16.6905
v  11.4993 14.0000 16.2905
v  12.3326 14.0000 16.6905
v  13.1660 14.0000 16.6905
v  13.1659 13.7500 16.6905
v  12.3326 13.7500 16.6905
v  11.4993 13.7500 11.8905
v  16.4993 13.7500 11.8904
v  11.4993 13.7500 -6.7095
v  11.4993 13.7500 -7.1095
v  11.4993 13.7500 -2.3095
v  11.4993 13.7500 -2.7095
v  11.4993 13.7500 12.2905
v  11.4993 13.7500 16.6905
v  11.4993 13.7500 16.2905
v  11.4993 10.5000 11.8904
v  16.4993 10.5000 11.8904
v  11.4993 10.5000 -7.1096
v  16.4993 10.5000 -7.1096
v  16.4993 13.7500 -7.1096
v  13.1660 10.5000 -2.3096
v  13.1659 13.7500 -2.3095
v  11.4993 10.5000 -6.7096
v  11.4993 10.5000 -2.3096
v  11.4993 10.5000 -2.7096
v  11.4993 10.5000 12.2905
v  11.4993 10.5000 16.6905
v  11.4993 10.5000 16.2905
v  12.3326 10.5000 16.6904
v  13.1660 10.5000 16.6904
v  13.1659 10.2500 16.6905
v  12.3326 10.2500 16.6905
v  11.4993 10.2500 11.8905
v  16.4993 10.2500 11.8904
v  11.4993 10.2500 -6.7095
v  11.4993 10.2500 -7.1095
v  11.4993 10.2500 -2.3095
v  11.4993 10.2500 -2.7095
v  11.4993 10.2500 12.2905
v  11.4993 10.2500 16.6905
v  11.4993 10.2500 16.2905
v  11.4993 7.0000 11.8904
v  16.4993 7.0000 11.8904
v  11.4993 7.0000 -7.1096
v  16.4993 7.0000 -7.1096
v  16.4993 10.2500 -7.1096
v  13.1659 7.0000 -2.3096
v  13.1659 10.2500 -2.3095
v  11.4993 7.0000 -6.7096
v  11.4993 7.0000 -2.3096
v  11.4993 7.0000 -2.7096
v  11.4993 7.0000 12.2904
v  11.4993 7.0000 16.6904
v  11.4993 7.0000 16.2904
v  12.3326 7.0000 16.6904
v  13.1659 7.0000 16.6904
v  13.1660 6.7500 16.6905
v  12.3326 6.7500 16.6905
v  11.4993 6.7500 11.8905
v  16.4993 6.7500 11.8904
v  11.4993 6.7500 -6.7095
v  11.4993 6.7500 -7.1095
v  11.4993 6.7500 -2.3095
v  11.4993 6.7500 -2.7095
v  11.4993 6.7500 12.2905
v  11.4993 6.7500 16.6905
v  11.4993 6.7500 16.2905
v  11.4993 3.5000 11.8904
v  16.4993 3.5000 11.8904
v  11.4993 3.5000 -7.1096
v  16.4993 3.5000 -7.1096
v  16.4993 6.7500 -7.1095
v  13.1660 3.5000 -2.3096
v  13.1660 6.7500 -2.3095
v  11.4993 3.5000 -6.7096
v  11.4993 3.5000 -2.3096
v  11.4993 3.5000 -2.7096
v  11.4993 3.5000 12.2905
v  11.4993 3.5000 16.6905
v  11.4993 3.5000 16.2905
v  12.3326 3.5000 16.6904
v  13.1660 3.5000 16.6904
v  13.1659 3.2500 16.6904
v  12.3326 3.2500 16.6904
v  11.4993 3.2500 11.8904
v  16.4993 3.2500 11.8904
v  11.4993 3.2500 -6.7096
v  11.4993 3.2500 -7.1096
v  11.4993 3.2500 -2.3096
v  11.4993 3.2500 -2.7096
v  11.4993 3.2500 12.2905
v  11.4993 3.2500 16.6905
v  11.4993 3.2500 16.2905
v  11.4993 -0.0000 11.8904
v  16.4993 -0.0000 11.8904
v  11.4993 -0.0000 -7.1096
v  16.4993 -0.0000 -7.1096
v  16.4993 3.2500 -7.1096
v  13.1659 -0.0000 -2.3096
v  13.1659 3.2500 -2.3096
v  11.4993 -0.0000 -6.7096
v  11.4993 -0.0000 -2.3096
v  11.4993 -0.0000 -2.7096
v  11.4992 -0.0000 12.2904
v  11.4993 -0.0000 16.6904
v  11.4992 -0.0000 16.2904
v  12.0667 20.7500 -13.7095
v  12.0667 20.7500 -14.2095
v  14.4052 20.7500 -14.2095
v  14.4052 20.7500 -13.7095
v  11.4993 17.5000 -7.1095
v  16.4993 17.5000 -7.1095
v  11.4993 17.5000 -11.7095
v  16.4993 17.5000 -16.7095
v  14.4356 17.5000 -16.7093
v  14.4060 17.5000 -16.7093
v  11.4993 17.5000 -16.7095
v  14.4055 13.7499 -21.7093
v  11.4990 13.7500 -21.7095
v  11.4990 14.0000 -21.7095
v  14.4055 14.0000 -21.7093
v  14.4055 10.2500 -21.7093
v  11.4990 10.2500 -21.7095
v  11.4990 10.5000 -21.7095
v  14.4055 10.5000 -21.7093
v  14.4055 6.7500 -21.7093
v  11.4990 6.7499 -21.7095
v  11.4990 6.9999 -21.7095
v  14.4055 7.0000 -21.7093
v  14.4055 3.2500 -21.7093
v  11.4990 3.2500 -21.7095
v  11.4990 3.5000 -21.7095
v  14.4055 3.5000 -21.7093
v  14.4052 20.7500 -16.7095
v  14.4053 20.7500 -17.1695
v  14.4053 20.7500 -17.6294
v  14.4053 20.7500 -18.0894
v  14.4053 20.7500 -18.5494
v  14.4054 20.7500 -19.0094
v  14.4054 20.7500 -19.4694
v  14.4054 20.7500 -19.9293
v  14.4055 20.7500 -20.3893
v  14.4055 20.7500 -20.8493
v  14.4055 20.7500 -21.3093
v  14.4355 20.7500 -21.3093
v  16.4993 17.5000 2.2905
v  16.4993 17.2500 2.2904
v  16.4993 14.0000 2.2904
v  16.4993 13.7500 2.2904
v  16.4993 10.5000 2.2904
v  16.4993 10.2500 2.2904
v  16.4993 7.0000 2.2904
v  16.4993 6.7500 2.2904
v  16.4993 3.5000 2.2904
v  16.4993 3.2500 2.2904
v  11.4990 17.5000 -2.0095
v  11.4990 17.5000 2.2905
v  14.4993 17.2500 2.2904
v  14.4993 17.2500 -2.0096
v  14.4993 14.0000 2.2904
v  14.4993 14.0000 -2.0096
v  14.4993 13.7499 2.2904
v  14.4993 13.7499 -2.0096
v  14.4993 10.5000 2.2904
v  14.4993 10.5000 -2.0096
v  14.4993 10.2500 2.2904
v  14.4993 10.2500 -2.0096
v  14.4993 7.0000 2.2904
v  14.4993 7.0000 -2.0096
v  14.4993 6.7500 2.2904
v  14.4993 6.7500 -2.0096
v  14.4993 3.5000 2.2904
v  14.4993 3.5000 -2.0096
v  14.4993 3.2500 2.2904
v  14.4993 3.2500 -2.0096
v  16.4993 -0.0000 2.2904
v  14.4993 -0.0000 2.2904
v  14.4993 -0.0000 -2.0096
v  16.4993 17.5000 21.2905
v  16.4993 17.2500 21.2904
v  16.4993 14.0000 21.2904
v  16.4993 13.7500 21.2904
v  16.4993 10.5000 21.2904
v  16.4993 10.2500 21.2904
v  16.4993 7.0000 21.2904
v  16.4993 6.7500 21.2904
v  16.4993 3.5000 21.2904
v  16.4993 3.2500 21.2904
v  11.4990 17.5000 16.9905
v  11.4990 17.5000 21.2905
v  14.4993 17.2500 21.2904
v  14.4993 17.2500 16.9904
v  14.4993 14.0000 21.2904
v  14.4993 14.0000 16.9905
v  14.4993 13.7499 21.2904
v  14.4993 13.7499 16.9904
v  14.4993 10.5000 21.2904
v  14.4993 10.5000 16.9904
v  14.4993 10.2500 21.2904
v  14.4993 10.2500 16.9904
v  14.4993 7.0000 21.2904
v  14.4993 7.0000 16.9904
v  14.4993 6.7500 21.2904
v  14.4993 6.7500 16.9905
v  14.4993 3.5000 21.2904
v  14.4993 3.5000 16.9904
v  14.4993 3.2500 21.2904
v  14.4993 3.2500 16.9904
v  16.4993 -0.0000 21.2904
v  14.4993 -0.0000 21.2904
v  14.4993 -0.0000 16.9904
v  16.4993 17.2500 31.2904
v  16.4993 17.5000 31.2905
v  16.1993 17.5000 31.2904
v  16.1993 17.2500 31.2903
v  16.4993 14.0000 31.2904
v  16.1993 14.0000 31.2904
v  16.4993 13.7500 31.2904
v  16.1993 13.7500 31.2904
v  16.4993 10.5000 31.2904
v  16.1993 10.5000 31.2903
v  16.4993 10.2500 31.2904
v  16.1993 10.2500 31.2904
v  16.4993 7.0000 31.2904
v  16.1993 7.0000 31.2903
v  16.4993 6.7500 31.2904
v  16.1993 6.7500 31.2904
v  16.4993 3.5000 31.2904
v  16.1993 3.5000 31.2903
v  16.4993 3.2500 31.2904
v  16.1993 3.2500 31.2903
v  16.4993 -0.0000 31.2904
v  16.1993 -0.0000 31.2903
v  11.4990 17.5000 31.2904
v  11.4990 17.2500 31.2904
v  11.4990 17.5000 7.2905
v  16.4993 17.5000 11.8905
v  11.4991 17.5000 11.8905
v  11.4990 17.5000 26.2905
v  11.4993 20.7500 -21.7095
v  6.4993 20.7500 -21.7096
v  4.9991 20.7500 -21.7096
v  3.4990 20.7500 -21.7096
v  1.7990 20.7500 -21.7096
v  14.4055 20.7500 -21.7093
v  1.7993 17.5000 -21.7095
v  11.4990 17.5000 -21.7094
v  6.4990 17.5000 -21.7095
v  13.1660 17.5000 -2.3095
v  12.3326 17.5000 -2.3095
v  11.4993 17.5000 -2.3095
v  13.1659 17.5000 16.6905
v  12.3326 17.5000 16.6905
v  11.4993 17.5000 16.6905
v  16.4993 17.2500 -16.7096
v  14.4356 17.2500 -16.7094
v  16.4993 14.0000 -16.7096
v  14.4356 14.0000 -16.7094
v  16.4993 13.7500 -16.7096
v  14.4356 13.7500 -16.7094
v  16.4993 10.5000 -16.7096
v  14.4356 10.5000 -16.7094
v  16.4993 10.2500 -16.7096
v  14.4356 10.2500 -16.7094
v  16.4993 7.0000 -16.7096
v  14.4356 7.0000 -16.7094
v  16.4993 6.7500 -16.7096
v  14.4356 6.7500 -16.7094
v  16.4993 3.5000 -16.7096
v  14.4356 3.5000 -16.7094
v  16.4993 3.2500 -16.7096
v  14.4356 3.2500 -16.7094
v  16.4993 -0.0000 -16.7096
v  14.4355 0.0000 -16.7094
v  12.3326 17.2500 -2.3096
v  11.4993 17.5000 -6.7095
v  11.4993 17.5000 16.2905
v  13.1659 17.2500 16.6904
v  12.0667 20.7500 -8.9496
v  12.0667 20.7500 -9.4096
v  14.4052 20.7500 -9.4095
v  14.4052 20.7500 -8.9495
v  12.0665 20.7500 5.2904
v  12.0665 20.7500 4.7904
v  14.4052 20.7500 4.7905
v  14.4052 20.7500 5.2905
v  12.0666 20.7500 0.4504
v  12.0666 20.7500 -0.0096
v  14.4052 20.7500 -0.0095
v  14.4052 20.7500 0.4505
v  12.0666 20.7500 10.0504
v  12.0666 20.7500 9.5904
v  14.4051 20.7500 9.5905
v  14.4051 20.7500 10.0505
v  12.0666 20.7500 24.2904
v  12.0666 20.7500 23.7904
v  14.4052 20.7500 23.7905
v  14.4052 20.7500 24.2905
v  12.0667 20.7500 29.2904
v  12.0667 20.7500 28.7904
v  14.4052 20.7500 28.7905
v  14.4052 20.7500 29.2905
v  12.0666 20.7500 19.4504
v  12.0667 20.7500 18.9904
v  14.4052 20.7500 18.9905
v  14.4052 20.7500 19.4505
v  11.4991 20.7500 26.2904
v  6.4993 20.7500 26.2904
v  3.7700 20.7500 26.2904
v  3.4990 17.5000 26.2904
v  3.7699 17.5000 26.2904
v  3.7991 17.5000 17.2904
v  3.7993 20.7500 17.2905
v  3.7990 17.5000 21.2904
v  3.7990 17.5000 25.8904
v  3.7991 20.7500 25.8904
v  3.7991 20.7500 21.2904
v  12.0667 21.2000 -6.7096
v  14.4052 21.2000 -6.7095
v  14.4052 21.2000 -7.1095
v  12.0667 21.2000 -7.1096
v  12.0667 20.7500 -6.7096
v  14.4052 20.7500 -6.7095
v  12.0667 20.7500 -7.1096
v  14.4052 20.7500 -7.1095
v  12.0667 21.2000 -2.3096
v  14.4052 21.2000 -2.3095
v  14.4052 21.2000 -2.7095
v  12.0667 21.2000 -2.7096
v  12.0667 20.7500 -2.7096
v  14.4052 20.7500 -2.7095
v  14.4052 20.7500 -2.3095
v  12.0666 20.7500 -2.3096
v  11.4993 17.5000 12.2905
v  12.0667 21.2000 12.2905
v  14.4052 21.2000 12.2905
v  14.4052 21.2000 11.8905
v  12.0667 21.2000 11.8904
v  12.0667 20.7500 12.2905
v  14.4052 20.7500 12.2905
v  12.0666 20.7500 11.8904
v  14.4051 20.7500 11.8905
v  12.0667 21.2000 16.6904
v  14.4052 21.2000 16.6905
v  14.4052 21.2000 16.2905
v  12.0667 21.2000 16.2905
v  12.0667 20.7500 16.2905
v  14.4052 20.7500 16.2905
v  14.4052 20.7500 16.6905
v  12.0667 20.7500 16.6904
v  11.1993 23.7500 -2.7095
v  11.1993 23.7500 -6.7095
v  11.1993 21.2000 -2.7096
v  11.4993 20.7500 -2.7096
v  11.1993 20.7500 -2.7096
v  11.4992 20.7500 -2.3096
v  11.1992 20.7500 -2.3097
v  11.4991 20.7500 2.2904
v  11.1991 20.7500 2.2904
v  11.4991 20.7500 7.2904
v  11.1991 20.7500 7.2904
v  11.4991 20.7500 11.8904
v  11.1991 20.7500 11.8905
v  11.4993 20.7500 12.2905
v  11.1993 20.7500 12.2905
v  11.1993 21.2000 12.2905
v  11.1993 23.7500 12.2904
v  11.1993 23.7500 16.2904
v  11.1993 21.2000 16.2905
v  11.4993 20.7500 16.2905
v  11.1993 20.7500 16.2905
v  11.4993 20.7500 16.6905
v  11.1993 20.7500 16.6903
v  11.4991 20.7500 21.2904
v  11.1991 20.7500 21.2904
v  11.1991 20.7500 25.9904
v  6.4993 20.7500 25.9904
v  3.7700 20.7500 25.9904
v  3.7699 17.5000 25.9904
v  11.1990 17.5000 25.9905
v  11.1990 17.5000 21.2905
v  11.1990 17.5000 16.9904
v  11.1993 17.5000 16.6904
v  11.1993 17.5000 16.2905
v  11.1993 17.2500 16.2904
v  11.1993 14.0000 16.2905
v  11.1993 13.7500 16.2905
v  11.1993 10.5000 16.2905
v  11.1993 10.2500 16.2905
v  11.1993 7.0000 16.2904
v  11.1993 6.7500 16.2905
v  11.1993 3.5000 16.2905
v  11.1993 3.2500 16.2905
v  11.1992 -0.0000 16.2904
v  11.1992 -0.0000 12.2904
v  11.1993 3.2500 12.2905
v  11.1993 3.5000 12.2905
v  11.1993 6.7500 12.2905
v  11.1993 7.0000 12.2904
v  11.1993 10.2500 12.2905
v  11.1993 10.5000 12.2905
v  11.1993 13.7500 12.2905
v  11.1993 14.0000 12.2905
v  11.1993 17.2500 12.2904
v  11.1993 17.5000 12.2906
v  11.1991 17.5000 11.8906
v  11.1990 17.5000 7.2905
v  11.1990 17.5000 2.2905
v  11.1990 17.5000 -2.0096
v  11.1993 17.5000 -2.3096
v  11.4993 17.5000 -2.7096
v  11.1993 17.5000 -2.7095
v  11.1993 17.2500 -2.7096
v  11.1993 14.0000 -2.7095
v  11.1993 13.7500 -2.7095
v  11.1993 10.5000 -2.7096
v  11.1993 10.2500 -2.7095
v  11.1993 7.0000 -2.7096
v  11.1993 6.7500 -2.7095
v  11.1993 3.5000 -2.7096
v  11.1993 3.2500 -2.7096
v  11.1993 -0.0000 -2.7096
v  11.1993 -0.0000 -6.7096
v  11.1993 3.2500 -6.7096
v  11.1993 3.5000 -6.7096
v  11.1993 6.7500 -6.7095
v  11.1993 7.0000 -6.7096
v  11.1993 10.2500 -6.7095
v  11.1993 10.5000 -6.7096
v  11.1993 13.7500 -6.7095
v  11.1993 14.0000 -6.7095
v  11.1993 17.2500 -6.7096
v  11.1993 17.5000 -6.7095
v  11.1993 17.5000 -7.1095
v  11.1993 17.5000 -11.7094
v  11.1993 17.5000 -16.7095
v  11.4993 20.7500 -21.3095
v  11.4993 20.7500 -16.7095
v  11.1993 20.7500 -16.7095
v  11.1993 20.7500 -21.3095
v  11.4993 20.7500 -11.7095
v  11.1993 20.7500 -11.7095
v  11.4993 20.7500 -7.1096
v  11.1993 20.7500 -7.1096
v  11.4993 20.7500 -6.7096
v  11.1993 20.7500 -6.7096
v  11.1993 21.2000 -6.7096
v  16.4993 -0.0000 -11.7096
v  16.4993 -0.0000 -12.9596
v  16.4993 -0.0000 -15.4596
v  16.4993 -0.0000 -8.2596
v  16.1993 14.0000 -12.9596
v  16.1993 17.2500 -12.9596
v  16.1993 17.2500 -15.4596
v  16.1993 14.0000 -15.4596
v  16.1993 17.2500 -11.7096
v  16.1993 14.0000 -11.7096
v  16.1993 17.2500 -8.2596
v  16.1993 14.0000 -8.2595
v  16.1993 10.5000 -12.9596
v  16.1993 13.7500 -12.9596
v  16.1993 13.7500 -15.4596
v  16.1993 10.5000 -15.4596
v  16.1993 13.7500 -11.7096
v  16.1993 10.5000 -11.7096
v  16.1993 13.7500 -8.2596
v  16.1993 10.5000 -8.2596
v  16.1993 7.0000 -12.9596
v  16.1993 10.2500 -12.9596
v  16.1993 10.2500 -15.4596
v  16.1993 7.0000 -15.4596
v  16.1993 10.2500 -11.7096
v  16.1993 7.0000 -11.7096
v  16.1993 10.2500 -8.2596
v  16.1993 7.0000 -8.2596
v  16.1993 3.5000 -12.9596
v  16.1993 6.7500 -12.9596
v  16.1993 6.7500 -15.4596
v  16.1993 3.5000 -15.4596
v  16.1993 6.7500 -11.7096
v  16.1993 3.5000 -11.7096
v  16.1993 6.7500 -8.2596
v  16.1993 3.5000 -8.2596
v  16.1993 -0.0000 -12.9596
v  16.1993 3.2500 -12.9596
v  16.1993 -0.0000 -15.4596
v  16.1993 3.2500 -15.4596
v  16.1993 3.2500 -11.7096
v  16.1993 -0.0000 -11.7096
v  16.1993 3.2500 -8.2596
v  16.1993 -0.0000 -8.2596
v  16.4993 -0.0000 7.2904
v  16.4993 -0.0000 6.0404
v  16.4993 -0.0000 3.5404
v  16.4993 -0.0000 10.7404
v  16.4993 -0.0000 26.2904
v  16.4993 -0.0000 25.0404
v  16.4993 -0.0000 22.5404
v  16.4993 -0.0000 30.0404
v  16.1993 14.0000 6.0404
v  16.1993 17.2500 6.0404
v  16.1993 17.2500 3.5404
v  16.1993 14.0000 3.5404
v  16.1993 17.2500 7.2904
v  16.1993 14.0000 7.2904
v  16.1993 17.2500 10.7404
v  16.1993 14.0000 10.7404
v  16.1993 14.0000 25.0404
v  16.1993 17.2500 25.0404
v  16.1993 17.2500 22.5404
v  16.1993 14.0000 22.5404
v  16.1993 17.2500 26.2904
v  16.1993 14.0000 26.2904
v  16.1993 17.2500 30.0404
v  16.1993 14.0000 30.0404
v  16.1993 10.5000 6.0404
v  16.1993 13.7500 6.0404
v  16.1993 13.7500 3.5404
v  16.1993 10.5000 3.5404
v  16.1993 13.7500 7.2904
v  16.1993 10.5000 7.2904
v  16.1993 13.7500 10.7404
v  16.1993 10.5000 10.7404
v  16.1993 10.5000 25.0404
v  16.1993 13.7500 25.0404
v  16.1993 13.7500 22.5404
v  16.1993 10.5000 22.5404
v  16.1993 13.7500 26.2904
v  16.1993 10.5000 26.2904
v  16.1993 13.7500 30.0404
v  16.1993 10.5000 30.0404
v  16.1993 7.0000 6.0404
v  16.1993 10.2500 6.0404
v  16.1993 10.2500 3.5404
v  16.1993 7.0000 3.5404
v  16.1993 10.2500 7.2904
v  16.1993 7.0000 7.2904
v  16.1993 10.2500 10.7404
v  16.1993 7.0000 10.7404
v  16.1993 7.0000 25.0404
v  16.1993 10.2500 25.0404
v  16.1993 10.2500 22.5404
v  16.1993 7.0000 22.5404
v  16.1993 10.2500 26.2904
v  16.1993 7.0000 26.2904
v  16.1993 10.2500 30.0404
v  16.1993 7.0000 30.0404
v  16.1993 3.5000 6.0404
v  16.1993 6.7500 6.0404
v  16.1993 6.7500 3.5404
v  16.1993 3.5000 3.5404
v  16.1993 6.7500 7.2904
v  16.1993 3.5000 7.2904
v  16.1993 6.7500 10.7404
v  16.1993 3.5000 10.7404
v  16.1993 3.5000 25.0404
v  16.1993 6.7500 25.0404
v  16.1993 6.7500 22.5404
v  16.1993 3.5000 22.5404
v  16.1993 6.7500 26.2904
v  16.1993 3.5000 26.2904
v  16.1993 6.7500 30.0404
v  16.1993 3.5000 30.0404
v  16.1993 -0.0000 6.0404
v  16.1993 3.2500 6.0404
v  16.1993 -0.0000 3.5404
v  16.1993 3.2500 3.5404
v  16.1993 3.2500 7.2904
v  16.1993 -0.0000 7.2904
v  16.1993 3.2500 10.7404
v  16.1993 -0.0000 10.7404
v  16.1993 -0.0000 25.0404
v  16.1993 3.2500 25.0404
v  16.1993 -0.0000 22.5404
v  16.1993 3.2500 22.5404
v  16.1993 3.2500 26.2904
v  16.1993 -0.0000 26.2904
v  16.1993 3.2500 30.0404
v  16.1993 -0.0000 30.0404
v  11.4990 17.2500 -21.7095
v  6.4990 17.2500 -21.7096
v  6.4990 14.0000 -21.7095
v  6.4990 13.7500 -21.7095
v  6.4990 10.5000 -21.7096
v  6.4990 10.2500 -21.7095
v  6.4990 7.0000 -21.7096
v  6.4990 6.7500 -21.7095
v  6.4990 3.5000 -21.7096
v  6.4990 3.2500 -21.7096
v  11.4990 -0.0000 -21.7095
v  6.4990 -0.0000 -21.7096
v  14.4055 17.4999 -21.7092
v  14.4055 17.2500 -21.7093
v  14.4055 -0.0000 -21.7093
v  14.4056 14.0000 -21.3092
v  14.4353 14.0000 -21.3092
v  14.4355 17.2500 -21.3093
v  14.4055 17.2500 -21.3093
v  14.4056 10.5000 -21.3093
v  14.4353 10.5000 -21.3093
v  14.4352 13.7499 -21.3092
v  14.4055 13.7499 -21.3092
v  14.4055 7.0000 -21.3093
v  14.4353 7.0000 -21.3093
v  14.4353 10.2500 -21.3093
v  14.4055 10.2500 -21.3092
v  14.4055 3.5000 -21.3093
v  14.4353 3.5000 -21.3093
v  14.4353 6.7500 -21.3093
v  14.4056 6.7500 -21.3092
v  14.4055 -0.0000 -21.3093
v  14.4353 -0.0000 -21.3093
v  14.4352 3.2500 -21.3093
v  14.4055 3.2500 -21.3093
v  14.4356 17.4999 -21.3092
v  14.4056 17.4999 -21.3092
v  12.0670 20.7500 -21.3094
v  11.4993 14.0000 -21.3094
v  11.4993 17.2500 -21.3095
v  11.4993 17.5000 -21.3094
v  11.4993 13.7499 -21.3094
v  11.4993 10.5000 -21.3094
v  11.4993 10.2500 -21.3094
v  11.4993 7.0000 -21.3095
v  11.4993 6.7500 -21.3094
v  11.4993 3.5000 -21.3094
v  11.4993 3.2500 -21.3095
v  11.4993 -0.0000 -21.3095
v  3.4990 17.2500 -21.7096
v  3.4990 17.5000 -21.7095
v  3.4990 14.0000 -21.7095
v  3.4990 13.7500 -21.7095
v  3.4990 10.5000 -21.7096
v  3.4990 10.2500 -21.7095
v  3.4990 7.0000 -21.7096
v  3.4990 6.7500 -21.7095
v  3.4990 3.5000 -21.7096
v  3.4990 3.2500 -21.7096
v  3.4990 -0.0000 -21.7096
v  4.9990 17.2500 -21.7096
v  4.9990 17.5000 -21.7095
v  4.9990 13.7500 -21.7095
v  4.9990 14.0000 -21.7095
v  4.9990 10.2500 -21.7095
v  4.9990 10.5000 -21.7096
v  4.9990 6.7500 -21.7095
v  4.9990 7.0000 -21.7096
v  4.9990 3.2500 -21.7096
v  4.9990 3.5000 -21.7096
v  4.9990 -0.0000 -21.7096
v  6.4990 17.2500 -21.4096
v  4.9990 17.2500 -21.4096
v  6.4990 14.0000 -21.4095
v  4.9990 14.0000 -21.4095
v  6.4990 13.7500 -21.4095
v  4.9990 13.7500 -21.4095
v  6.4990 10.5000 -21.4096
v  4.9990 10.5000 -21.4096
v  6.4990 10.2500 -21.4095
v  4.9990 10.2500 -21.4095
v  6.4990 7.0000 -21.4096
v  4.9990 7.0000 -21.4096
v  6.4990 6.7500 -21.4095
v  4.9990 6.7500 -21.4095
v  6.4990 3.5000 -21.4096
v  4.9990 3.5000 -21.4096
v  6.4990 3.2500 -21.4096
v  4.9990 3.2500 -21.4096
v  6.4990 -0.0000 -21.4096
v  4.9990 -0.0000 -21.4096
v  6.4993 20.7500 -21.4096
v  4.9991 20.7500 -21.4096
v  6.4990 17.5000 -21.4095
v  4.9990 17.5000 -21.4095
v  12.3326 17.2500 16.6904
v  12.3326 13.7500 -2.3095
v  12.3326 14.0000 -2.3095
v  12.3326 10.2500 -2.3095
v  12.3326 10.5000 -2.3096
v  12.3326 6.7500 -2.3095
v  12.3326 7.0000 -2.3096
v  12.3326 3.2500 -2.3096
v  12.3326 3.5000 -2.3096
v  13.1659 -0.0000 16.6904
v  12.3326 -0.0000 16.6904
v  12.3326 -0.0000 -2.3096
v  13.1659 17.2500 16.9904
v  12.3326 17.2500 16.9904
v  13.1660 14.0000 16.9905
v  12.3326 14.0000 16.9905
v  13.1659 13.7500 16.9905
v  12.3326 13.7500 16.9905
v  13.1660 10.5000 16.9904
v  12.3326 10.5000 16.9904
v  13.1659 10.2500 16.9905
v  12.3326 10.2500 16.9905
v  13.1659 7.0000 16.9904
v  12.3326 7.0000 16.9904
v  13.1660 6.7500 16.9905
v  12.3326 6.7500 16.9905
v  13.1660 3.5000 16.9904
v  12.3326 3.5000 16.9904
v  13.1659 3.2500 16.9904
v  12.3326 3.2500 16.9904
v  13.1659 -0.0000 16.9904
v  12.3326 -0.0000 16.9904
v  13.1659 17.2500 -2.0096
v  12.3326 17.2500 -2.0096
v  13.1660 14.0000 -2.0095
v  12.3326 14.0000 -2.0095
v  13.1659 13.7500 -2.0095
v  12.3326 13.7500 -2.0095
v  13.1660 10.5000 -2.0096
v  12.3326 10.5000 -2.0096
v  13.1659 10.2500 -2.0095
v  12.3326 10.2500 -2.0095
v  13.1659 7.0000 -2.0096
v  12.3326 7.0000 -2.0096
v  13.1660 6.7500 -2.0095
v  12.3326 6.7500 -2.0095
v  13.1660 3.5000 -2.0096
v  12.3326 3.5000 -2.0096
v  13.1659 3.2500 -2.0096
v  12.3326 3.2500 -2.0096
v  13.1659 -0.0000 -2.0096
v  12.3326 -0.0000 -2.0096
v  11.4990 14.0000 31.2904
v  11.4990 13.7500 31.2904
v  11.4990 10.5000 31.2904
v  11.4990 10.2500 31.2904
v  11.4990 7.0000 31.2904
v  11.4990 6.7500 31.2904
v  11.4990 3.5000 31.2904
v  11.4990 3.2500 31.2904
v  11.4990 -0.0000 31.2904
v  4.8326 3.5000 31.2904
v  4.8326 3.2500 31.2904
v  1.4993 17.5000 31.2904
v  4.8326 -0.0000 31.2904
v  6.2382 -0.0000 31.2904
v  7.7382 0.0000 30.9904
v  6.2382 -0.0000 30.9904
v  7.7382 3.2500 30.9904
v  6.2382 3.2500 30.9904
v  7.7382 10.2500 30.9904
v  7.7382 7.0000 30.9904
v  6.2382 10.2500 30.9904
v  6.2382 7.0000 30.9904
v  7.7382 17.2500 30.9904
v  7.7382 14.0000 30.9904
v  6.2382 17.2500 30.9904
v  6.2382 14.0000 30.9904
v  6.2382 13.7500 30.9904
v  7.7382 13.7500 30.9904
v  6.2382 10.5000 30.9904
v  7.7382 10.5000 30.9904
v  6.2382 6.7500 30.9904
v  7.7382 6.7500 30.9904
v  6.2382 3.5000 30.9904
v  7.7382 3.5000 30.9904
v  3.3326 6.7500 30.9904
v  4.8326 6.7500 30.9904
v  3.3326 3.5000 30.9904
v  4.8326 3.5000 30.9904
v  3.3326 10.2500 30.9904
v  4.8326 10.2500 30.9904
v  3.3326 7.0000 30.9904
v  4.8326 7.0000 30.9904
v  3.3326 13.7500 30.9904
v  4.8326 13.7500 30.9904
v  3.3326 10.5000 30.9904
v  4.8326 10.5000 30.9904
v  3.3326 17.2500 30.9904
v  4.8326 17.2500 30.9904
v  3.3326 14.0000 30.9904
v  4.8326 14.0000 30.9904
v  4.8326 3.2500 30.9904
v  4.8326 -0.0000 30.9904
v  3.3326 3.2500 30.9904
v  3.3326 0.0000 30.9904
v  11.4990 3.2500 30.9904
v  11.4990 -0.0000 30.9904
v  9.8324 3.2500 30.9904
v  9.8324 -0.0000 30.9904
v  11.4990 10.2500 30.9904
v  11.4990 7.0000 30.9904
v  9.8324 10.2500 30.9904
v  9.8324 7.0000 30.9904
v  11.4990 17.2500 30.9904
v  11.4990 14.0000 30.9904
v  9.8324 17.2500 30.9904
v  9.8324 14.0000 30.9904
v  11.4990 13.7500 30.9904
v  11.4990 10.5000 30.9904
v  9.8324 13.7500 30.9904
v  9.8324 10.5000 30.9904
v  11.4990 6.7500 30.9904
v  11.4990 3.5000 30.9904
v  9.8324 6.7500 30.9904
v  9.8324 3.5000 30.9904
v  14.4060 17.2500 -16.7094
v  11.4993 17.2500 -16.7096
v  14.4060 14.0000 -16.7094
v  11.4993 14.0000 -16.7094
v  14.4060 10.5000 -16.7094
v  11.4993 10.5000 -16.7095
v  11.4993 13.7500 -16.7095
v  14.4060 13.7500 -16.7094
v  14.4060 7.0000 -16.7094
v  11.4993 7.0000 -16.7095
v  11.4993 10.2500 -16.7095
v  14.4060 10.2500 -16.7094
v  14.4060 3.5000 -16.7094
v  11.4993 3.5000 -16.7095
v  11.4993 6.7500 -16.7095
v  14.4060 6.7500 -16.7094
v  14.4060 0.0000 -16.7094
v  11.4992 -0.0000 -16.7096
v  11.4993 3.2500 -16.7095
v  14.4060 3.2500 -16.7094
v  11.1993 17.2500 -21.3095
v  11.1993 14.0000 -21.3094
v  11.1993 13.7499 -21.3095
v  11.1993 10.5000 -21.3095
v  11.1993 10.2500 -21.3095
v  11.1993 7.0000 -21.3095
v  11.1993 6.7500 -21.3095
v  11.1993 3.5000 -21.3095
v  11.1993 3.2500 -21.3095
v  11.1992 -0.0000 -21.3096
v  11.1992 17.2500 -16.7096
v  11.1993 14.0000 -16.7095
v  11.1993 10.5000 -16.7095
v  11.1992 13.7500 -16.7095
v  11.1993 7.0000 -16.7095
v  11.1992 10.2500 -16.7095
v  11.1992 3.5000 -16.7095
v  11.1992 6.7500 -16.7095
v  11.1992 -0.0000 -16.7096
v  11.1992 3.2500 -16.7096
v  3.4993 -0.2000 -2.7096
v  1.4993 -0.2000 -2.7096
v  3.4993 -0.2000 16.2904
v  1.4993 -0.2000 16.2904
v  1.4993 -0.2000 -21.7096
v  1.4993 -0.2000 -21.3096
v  1.4993 -0.2000 -2.3096
v  1.4993 -0.2000 18.7904
v  1.4993 -0.2000 -6.7096
v  3.4993 -0.2000 -6.7096
v  1.4993 -0.2000 12.2904
v  3.4993 -0.2000 12.2904
v  1.4993 -0.2000 31.2904
v  3.3326 -0.2000 31.2904
v  1.4993 -0.2000 -7.1096
v  1.4993 -0.2000 11.8904
v  1.4993 -0.2000 -11.7096
v  6.2382 -0.2000 31.2904
v  7.7382 -0.2000 31.2904
v  1.4993 -0.2000 30.9904
v  1.4993 -0.2000 21.2904
v  1.4993 -0.2000 25.8904
v  1.4993 -0.2000 28.7404
v  1.4993 -0.2000 20.9904
v  1.4993 -0.2000 7.2904
v  1.4993 -0.2000 -14.2096
v  1.4993 -0.2000 4.7904
v  1.4993 -0.2000 -19.0096
v  1.4993 -0.2000 -16.7096
v  1.4993 -0.2000 -0.0096
v  1.4993 -0.2000 2.2904
v  1.7993 -0.2000 -21.7096
v  16.4993 -0.2000 -11.7096
v  16.4993 -0.2000 -12.9596
v  16.4993 -0.2000 -21.3096
v  16.4993 -0.2000 -21.7096
v  16.4993 -0.2000 7.2904
v  16.4993 -0.2000 6.0404
v  16.4993 -0.2000 11.8904
v  16.4993 -0.2000 10.7404
v  16.4993 -0.2000 26.2904
v  16.4993 -0.2000 25.0404
v  16.4993 -0.2000 -7.1096
v  16.4993 -0.2000 -8.2596
v  16.4993 -0.2000 2.2904
v  16.4993 -0.2000 -2.0096
v  16.4993 -0.2000 21.2904
v  16.4993 -0.2000 16.9904
v  11.4993 -0.2000 11.8904
v  11.4993 -0.2000 -7.1096
v  11.4993 -0.2000 -6.7096
v  11.4993 -0.2000 -2.7096
v  11.4993 -0.2000 -2.3096
v  11.4992 -0.2000 12.2904
v  11.4992 -0.2000 16.2904
v  14.4055 -0.2000 -21.7093
v  16.4993 -0.2000 -2.3096
v  16.4993 -0.2000 16.6904
v  16.4993 -0.2000 31.2904
v  16.4993 -0.2000 30.0404
v  16.1993 -0.2000 31.2903
v  16.4993 -0.2000 -15.4596
v  16.4993 -0.2000 -16.7096
v  16.4993 -0.2000 3.5404
v  16.4993 -0.2000 22.5404
v  11.4990 -0.2000 -21.7095
v  6.4990 -0.2000 -21.7096
v  14.4355 -0.2000 -21.3093
v  3.4990 -0.2000 -21.7096
v  4.9990 -0.2000 -21.7096
v  13.1659 -0.2000 -2.3096
v  12.3326 -0.2000 -2.3096
v  11.4990 -0.2000 31.2904
v  9.8324 -0.2000 31.2904
v  4.8326 -0.2000 31.2904
v  14.4358 -0.2000 -16.7094
v  1.4993 17.5000 28.7404
v  1.4993 17.5000 30.9904
v  14.4052 21.2000 -11.7095
v  14.4052 21.2000 -16.7095
v  14.4052 21.2000 -16.2095
v  14.4052 21.2000 -15.7095
v  14.4052 21.2000 -15.2095
v  14.4052 21.2000 -14.7095
v  14.4052 21.2000 -13.2095
v  14.4052 21.2000 -12.7095
v  14.4052 21.2000 -12.2095
v  12.0667 21.2000 -11.7096
v  12.0667 21.2000 -12.2096
v  12.0667 21.2000 -12.7096
v  12.0667 21.2000 -13.2096
v  12.0667 21.2000 -14.7096
v  12.0667 21.2000 -15.2096
v  12.0667 21.2000 -15.7096
v  12.0667 21.2000 -16.2096
v  14.4052 21.2000 7.2905
v  14.4052 21.2000 2.2905
v  14.4052 21.2000 2.7905
v  14.4052 21.2000 3.2905
v  14.4052 21.2000 3.7905
v  14.4052 21.2000 4.2905
v  14.4052 21.2000 5.7905
v  14.4052 21.2000 6.2905
v  14.4052 21.2000 6.7905
v  12.0667 21.2000 2.2904
v  12.0667 21.2000 7.2904
v  12.0667 21.2000 6.7904
v  12.0667 21.2000 6.2904
v  12.0667 21.2000 5.7904
v  12.0667 21.2000 4.2904
v  12.0667 21.2000 3.7904
v  12.0667 21.2000 3.2904
v  12.0667 21.2000 2.7904
v  14.4052 21.2000 7.7505
v  14.4052 21.2000 8.2105
v  14.4052 21.2000 8.6705
v  14.4052 21.2000 9.1305
v  14.4052 21.2000 10.5105
v  14.4052 21.2000 10.9705
v  14.4052 21.2000 11.4305
v  12.0667 21.2000 11.4304
v  12.0667 21.2000 10.9704
v  12.0667 21.2000 10.5104
v  12.0667 21.2000 9.1304
v  12.0667 21.2000 8.6704
v  12.0667 21.2000 8.2104
v  12.0667 21.2000 7.7504
v  14.4052 21.2000 26.2905
v  14.4052 21.2000 21.2905
v  14.4052 21.2000 21.7905
v  14.4052 21.2000 22.2905
v  14.4052 21.2000 22.7905
v  14.4052 21.2000 23.2905
v  14.4052 21.2000 24.7905
v  14.4052 21.2000 25.2905
v  14.4052 21.2000 25.7905
v  12.0667 21.2000 21.2904
v  12.0667 21.2000 26.2904
v  12.0667 21.2000 25.7904
v  12.0667 21.2000 25.2904
v  12.0667 21.2000 24.7904
v  12.0667 21.2000 23.2904
v  12.0667 21.2000 22.7904
v  12.0667 21.2000 22.2904
v  12.0667 21.2000 21.7904
v  14.4052 21.2000 26.7905
v  14.4052 21.2000 27.2905
v  14.4052 21.2000 27.7905
v  14.4052 21.2000 28.2905
v  14.4052 21.2000 29.7905
v  14.4052 21.2000 30.2905
v  14.4052 21.2000 30.7905
v  12.0667 21.2000 30.7904
v  12.0667 21.2000 30.2904
v  12.0667 21.2000 29.7904
v  12.0667 21.2000 28.2904
v  12.0667 21.2000 27.7904
v  12.0667 21.2000 27.2904
v  12.0667 21.2000 26.7904
v  14.4052 21.2000 -11.2495
v  14.4052 21.2000 -10.7895
v  14.4052 21.2000 -10.3295
v  14.4052 21.2000 -9.8695
v  14.4052 21.2000 -8.4895
v  14.4052 21.2000 -8.0295
v  14.4052 21.2000 -7.5695
v  12.0667 21.2000 -7.5696
v  12.0667 21.2000 -8.0296
v  12.0667 21.2000 -8.4896
v  12.0667 21.2000 -9.8696
v  12.0667 21.2000 -10.3296
v  12.0667 21.2000 -10.7896
v  12.0667 21.2000 -11.2496
v  14.4052 21.2000 -1.8495
v  14.4052 21.2000 -1.3895
v  14.4052 21.2000 -0.9295
v  14.4052 21.2000 -0.4695
v  14.4052 21.2000 0.9105
v  14.4052 21.2000 1.3705
v  14.4052 21.2000 1.8305
v  12.0667 21.2000 1.8304
v  12.0667 21.2000 1.3704
v  12.0667 21.2000 0.9104
v  12.0667 21.2000 -0.4696
v  12.0667 21.2000 -0.9296
v  12.0667 21.2000 -1.3896
v  12.0667 21.2000 -1.8496
v  14.4052 21.2000 17.1505
v  14.4052 21.2000 17.6105
v  14.4052 21.2000 18.0705
v  14.4052 21.2000 18.5305
v  14.4052 21.2000 19.9105
v  14.4052 21.2000 20.3705
v  14.4052 21.2000 20.8305
v  12.0667 21.2000 20.8304
v  12.0667 21.2000 20.3704
v  12.0667 21.2000 19.9104
v  12.0667 21.2000 18.5304
v  12.0667 21.2000 18.0704
v  12.0667 21.2000 17.6104
v  12.0667 21.2000 17.1504
v  12.0667 20.7500 -11.7095
v  12.0667 20.7500 -16.7095
v  12.0667 20.7500 -16.2095
v  12.0667 20.7500 -15.7095
v  12.0667 20.7500 -15.2095
v  12.0667 20.7500 -14.7095
v  12.0667 20.7500 -13.2095
v  12.0667 20.7500 -12.7095
v  12.0667 20.7500 -12.2095
v  14.4052 20.7500 -11.7095
v  14.4052 20.7500 -12.2095
v  14.4052 20.7500 -12.7095
v  14.4052 20.7500 -13.2095
v  14.4052 20.7500 -14.7095
v  14.4052 20.7500 -15.2095
v  14.4052 20.7500 -15.7095
v  14.4052 20.7500 -16.2095
v  12.0667 20.7500 -11.2495
v  12.0667 20.7500 -10.7895
v  12.0667 20.7500 -10.3295
v  12.0667 20.7500 -9.8696
v  12.0667 20.7500 -8.4896
v  12.0667 20.7500 -8.0296
v  12.0667 20.7500 -7.5696
v  14.4052 20.7500 -7.5695
v  14.4052 20.7500 -8.0295
v  14.4052 20.7500 -8.4895
v  14.4052 20.7500 -9.8695
v  14.4052 20.7500 -10.3295
v  14.4052 20.7500 -10.7895
v  14.4052 20.7500 -11.2495
v  12.0665 20.7500 7.2904
v  12.0665 20.7500 2.2904
v  12.0665 20.7500 2.7904
v  12.0665 20.7500 3.2904
v  12.0665 20.7500 3.7904
v  12.0665 20.7500 4.2904
v  12.0665 20.7500 5.7904
v  12.0665 20.7500 6.2904
v  12.0665 20.7500 6.7904
v  14.4052 20.7500 2.2905
v  14.4052 20.7500 7.2905
v  14.4052 20.7500 6.7905
v  14.4052 20.7500 6.2905
v  14.4052 20.7500 5.7905
v  14.4052 20.7500 4.2905
v  14.4052 20.7500 3.7905
v  14.4052 20.7500 3.2905
v  14.4052 20.7500 2.7905
v  12.0666 20.7500 -1.8496
v  12.0666 20.7500 -1.3896
v  12.0666 20.7500 -0.9296
v  12.0666 20.7500 -0.4696
v  12.0666 20.7500 0.9104
v  12.0666 20.7500 1.3704
v  12.0665 20.7500 1.8304
v  14.4052 20.7500 1.8305
v  14.4052 20.7500 1.3705
v  14.4052 20.7500 0.9105
v  14.4052 20.7500 -0.4695
v  14.4052 20.7500 -0.9295
v  14.4052 20.7500 -1.3895
v  14.4052 20.7500 -1.8495
v  12.0665 20.7500 7.7504
v  12.0665 20.7500 8.2104
v  12.0665 20.7500 8.6704
v  12.0665 20.7500 9.1304
v  12.0666 20.7500 10.5104
v  12.0666 20.7500 10.9704
v  12.0666 20.7500 11.4304
v  14.4051 20.7500 11.4305
v  14.4051 20.7500 10.9705
v  14.4051 20.7500 10.5105
v  14.4052 20.7500 9.1305
v  14.4052 20.7500 8.6705
v  14.4052 20.7500 8.2105
v  14.4052 20.7500 7.7505
v  12.0666 20.7500 26.2904
v  12.0666 20.7500 21.2904
v  12.0666 20.7500 21.7904
v  12.0666 20.7500 22.2904
v  12.0666 20.7500 22.7904
v  12.0666 20.7500 23.2904
v  12.0666 20.7500 24.7904
v  12.0666 20.7500 25.2904
v  12.0666 20.7500 25.7904
v  14.4052 20.7500 21.2905
v  14.4052 20.7500 26.2905
v  14.4052 20.7500 25.7905
v  14.4052 20.7500 25.2905
v  14.4052 20.7500 24.7905
v  14.4052 20.7500 23.2905
v  14.4052 20.7500 22.7905
v  14.4052 20.7500 22.2905
v  14.4052 20.7500 21.7905
v  12.0666 20.7500 26.7904
v  12.0666 20.7500 27.2904
v  12.0666 20.7500 27.7904
v  12.0666 20.7500 28.2904
v  12.0667 20.7500 29.7904
v  12.0667 20.7500 30.2904
v  12.0667 20.7500 30.7904
v  14.4052 20.7500 30.7905
v  14.4052 20.7500 30.2905
v  14.4052 20.7500 29.7905
v  14.4052 20.7500 28.2905
v  14.4052 20.7500 27.7905
v  14.4052 20.7500 27.2905
v  14.4052 20.7500 26.7905
v  12.0667 20.7500 17.1504
v  12.0667 20.7500 17.6104
v  12.0667 20.7500 18.0704
v  12.0667 20.7500 18.5304
v  12.0666 20.7500 19.9104
v  12.0666 20.7500 20.3704
v  12.0666 20.7500 20.8304
v  14.4052 20.7500 20.8305
v  14.4052 20.7500 20.3705
v  14.4052 20.7500 19.9105
v  14.4052 20.7500 18.5305
v  14.4052 20.7500 18.0705
v  14.4052 20.7500 17.6105
v  14.4052 20.7500 17.1505
v  14.4053 21.2000 -18.5495
v  14.4054 21.2000 -19.0095
v  14.4055 21.2000 -20.8495
v  14.4055 21.2000 -20.3895
v  14.4054 21.2000 -19.9295
v  14.4054 21.2000 -19.4695
v  14.4053 21.2000 -18.0895
v  14.4053 21.2000 -17.6295
v  14.4053 21.2000 -17.1695
v  12.0670 20.7500 -20.8494
v  12.0669 20.7500 -20.3895
v  12.0669 20.7500 -19.9295
v  12.0669 20.7500 -19.4695
v  12.0669 20.7500 -19.0095
v  12.0668 20.7500 -18.5495
v  12.0668 20.7500 -18.0895
v  12.0668 20.7500 -17.6295
v  12.0667 20.7500 -17.1695
v  11.4993 -0.2000 16.6904
v  13.1659 -0.2000 16.6904
v  12.3326 -0.2000 16.6904
# 2263 vertices

vn 0.0000 1.0000 -0.0000
vn 0.0000 0.7071 -0.7071
vn -0.0000 1.0000 0.0000
vn 0.7071 0.7071 0.0000
vn 0.5774 0.5773 -0.5773
vn -0.0000 0.7071 -0.7071
vn -0.9487 -0.0000 0.3162
vn -0.9487 0.0000 -0.3162
vn -0.9045 -0.3015 -0.3015
vn -0.9045 -0.3015 0.3015
vn 0.3162 0.0000 0.9487
vn 0.3015 -0.3015 0.9045
vn -0.3015 -0.3015 0.9045
vn -0.3162 0.0000 0.9487
vn -0.3015 0.9046 -0.3014
vn 0.3015 0.9045 -0.3015
vn -0.7071 0.7071 -0.0001
vn -0.5775 0.5773 0.5773
vn -0.0000 0.7071 0.7071
vn -0.7071 -0.0000 -0.7071
vn 0.0000 1.0000 0.0000
vn -0.5266 -0.5160 -0.6756
vn -0.9045 0.3015 0.3015
vn -0.9045 0.3015 -0.3015
vn 0.0000 0.7071 0.7071
vn -0.7071 0.0000 0.7071
vn 0.0000 0.0000 1.0000
vn -0.7071 0.0000 -0.7071
vn 0.0000 -0.0000 -1.0000
vn -0.3015 0.3015 -0.9045
vn -0.0000 0.0000 1.0000
vn -0.7071 0.7071 0.0001
vn -0.7071 0.0001 -0.7071
vn -0.7071 0.7071 -0.0000
vn -0.5774 0.5774 -0.5774
vn -0.5773 0.5774 0.5773
vn -0.7071 0.7071 0.0000
vn -0.3015 0.3014 -0.9046
vn -0.5774 0.5773 -0.5774
vn -0.3015 0.9046 0.3014
vn -0.7070 0.0001 -0.7072
vn -0.7071 -0.0000 0.7071
vn -0.3015 0.3015 0.9045
vn -0.0300 0.9995 0.0000
vn 0.3015 0.3015 0.9045
vn 0.0000 0.8620 0.5069
vn -0.0000 -0.7665 0.6422
vn -0.5773 0.5774 0.5774
vn -0.3015 0.3014 0.9046
vn -0.5773 -0.5774 -0.5773
vn -0.3015 -0.3015 -0.9045
vn -0.7071 -0.7071 -0.0000
vn -0.5774 -0.5773 0.5774
vn 0.0000 -0.7071 0.7071
vn -0.0000 -0.7071 0.7071
vn -0.3015 -0.9045 0.3015
vn -0.0000 -1.0000 0.0000
vn 0.5940 -0.0089 -0.8044
vn -0.3568 -0.8859 0.2963
vn -0.3015 0.9045 0.3015
vn -0.3015 0.9045 -0.3015
vn -0.5774 -0.5773 -0.5773
vn -0.5775 0.5773 -0.5773
vn 0.3015 0.9045 0.3015
vn 0.5773 0.5774 -0.5773
vn 0.0000 -0.7071 -0.7071
vn 0.7071 0.7071 -0.0000
vn 0.5773 0.5774 0.5773
vn -0.9045 -0.3015 0.3017
vn -0.9045 -0.3015 -0.3017
vn 0.3162 -0.0000 0.9487
vn 0.3015 -0.3016 0.9045
vn 0.0000 0.0000 -1.0000
vn -0.0000 -0.0000 1.0000
vn 0.0000 -0.0000 1.0000
vn -0.0000 0.0000 -1.0000
vn 0.0000 -0.0001 -1.0000
vn -0.0000 -0.0001 -1.0000
vn -0.0000 0.0002 -1.0000
vn -0.5190 0.5049 -0.6897
vn 0.7071 -0.0000 -0.7071
vn -0.7072 0.0000 -0.7070
vn 0.3015 -0.3015 -0.9045
vn -0.7072 0.0000 0.7070
vn 0.7071 0.0000 0.7071
vn -0.3373 -0.0356 -0.9407
vn 0.7071 0.0000 -0.7071
vn -0.7072 -0.0000 -0.7070
vn 0.7071 -0.7071 -0.0000
vn -0.0000 -0.6021 0.7984
vn 0.6086 -0.6049 0.5136
vn -0.2968 0.8885 0.3500
vn 0.5773 0.5774 -0.5774
vn -0.0000 -0.6813 -0.7320
vn 0.3016 0.9045 -0.3014
vn 0.3016 0.9045 -0.3016
vn 0.3015 0.9045 0.3016
vn 0.9045 0.3014 -0.3016
vn 0.3015 0.9045 -0.3016
vn 0.3016 0.9045 0.3016
vn -0.5774 -0.5773 0.5773
vn -0.5773 0.5774 -0.5774
vn -0.5774 0.5772 -0.5775
vn 0.8814 0.3685 0.2954
vn 0.9045 0.3015 -0.3015
vn -0.5774 0.5773 0.5774
vn 0.7071 -0.7071 0.0000
vn 0.9045 -0.3015 0.3015
vn 0.7072 0.7070 0.0000
vn 0.7070 -0.7073 -0.0001
vn 0.5774 0.5773 0.5773
vn 0.5774 -0.5773 0.5773
vn 0.7070 -0.7072 0.0001
vn 0.9045 -0.3015 -0.3015
vn 0.7071 0.0001 -0.7071
vn 0.7071 -0.0001 0.7071
vn 0.7072 -0.0001 0.7070
vn 0.7070 0.0001 -0.7072
vn 0.5774 0.5774 -0.5772
vn 0.5774 0.5775 -0.5772
vn 0.7072 -0.0000 0.7071
vn 0.7071 -0.0000 -0.7072
vn 0.9045 0.3015 0.3015
vn 0.9487 -0.0000 0.3162
vn 0.9487 -0.0001 -0.3162
vn 0.9045 -0.3016 -0.3015
vn 0.9045 -0.3016 0.3015
vn 0.7072 0.0000 0.7071
vn 0.7071 -0.0001 -0.7072
vn 0.7071 -0.0001 -0.7071
vn 0.9487 -0.0000 -0.3162
vn 0.7072 0.0001 0.7071
vn 0.7070 -0.0000 -0.7072
vn 0.9045 0.3016 0.3015
vn 0.9487 0.0001 0.3162
vn 0.9487 0.0001 -0.3162
vn 0.9046 -0.3015 -0.3015
vn 0.9046 -0.3015 0.3015
vn 0.7072 -0.0001 -0.7071
vn 0.7071 0.0000 -0.7072
vn 0.3015 0.3015 -0.9045
vn 0.5774 -0.5774 -0.5773
vn 0.5775 -0.5773 0.5773
vn 0.5773 -0.5774 -0.5774
vn 0.7070 0.0002 0.7072
vn 0.7071 -0.0000 0.7071
vn -0.3162 0.0001 -0.9487
vn -0.3015 -0.3013 -0.9046
vn 0.7071 0.0001 -0.7072
vn 0.3162 0.0001 -0.9487
vn 0.3015 -0.3014 -0.9046
vn -0.3162 -0.0001 -0.9487
vn 0.3162 -0.0001 -0.9487
vn -0.3015 -0.3016 -0.9045
vn 0.3015 -0.3016 -0.9045
vn 0.7071 0.0001 0.7071
vn -0.3162 -0.0002 -0.9487
vn 0.3162 -0.0002 -0.9487
vn -0.3015 -0.3017 -0.9045
vn 0.3015 -0.3017 -0.9045
vn 0.7071 0.0001 0.7072
vn -0.3162 0.0000 -0.9487
vn 0.3162 0.0000 -0.9487
vn -0.3015 -0.9045 -0.3015
vn 0.3016 0.9045 0.3015
vn 0.5773 0.5772 0.5775
vn 0.5773 0.5775 -0.5773
vn -0.0000 -0.7402 -0.6724
vn 0.0000 -0.9152 -0.4030
vn 0.0000 0.7073 -0.7070
vn -0.3016 -0.3015 -0.9045
vn 0.3015 -0.3013 -0.9046
vn 0.3015 0.3013 -0.9046
vn -0.3016 0.3015 -0.9045
vn -0.3016 -0.3016 -0.9045
vn 0.3015 0.3012 -0.9046
vn -0.3016 0.3014 -0.9045
vn -0.3016 -0.9045 0.3015
vn -0.3014 -0.9046 -0.3015
vn -0.5775 -0.5773 0.5773
vn 0.0000 0.6842 0.7293
vn 0.9045 0.3016 -0.3015
vn -0.0000 -0.7071 -0.7071
vn 0.5773 0.5773 0.5775
vn -0.0001 -0.0004 1.0000
vn -0.0001 -0.0002 1.0000
vn 0.7070 -0.0000 0.7072
vn -0.0001 0.0000 1.0000
vn -0.0001 -0.0000 1.0000
vn 0.7070 0.0000 0.7072
vn -0.0001 0.0001 1.0000
vn 0.7070 0.0001 0.7072
vn -0.3015 -0.3016 0.9045
vn 0.3015 0.9046 0.3012
vn -0.0000 -0.0000 -1.0000
vn 0.0001 0.0002 -1.0000
vn 0.7069 0.0001 -0.7073
vn -0.3162 0.0003 -0.9487
vn 0.0000 0.9487 -0.3161
vn -0.0000 -0.2296 -0.9733
vn 0.3014 0.9046 -0.3014
vn -0.0000 0.7073 -0.7070
vn 0.3014 0.9046 -0.3015
vn 0.3015 0.3015 -0.9046
vn 0.3012 -0.3016 -0.9046
vn 0.7072 -0.0000 -0.7071
vn 0.3012 -0.3017 -0.9046
vn 0.3013 -0.3015 -0.9046
vn 0.3015 0.3019 -0.9044
vn 0.5774 0.5774 -0.5773
vn 0.3015 -0.9045 0.3015
vn 0.3015 -0.9045 -0.3015
vn -0.5774 0.5773 0.5773
vn 0.3015 -0.9046 0.3014
vn 0.3015 -0.9046 -0.3014
vn -0.5773 -0.5775 0.5772
vn 0.3016 -0.9045 -0.3014
vn 0.9045 -0.3016 0.3014
vn -0.5773 -0.5775 -0.5772
vn 0.5774 -0.5773 -0.5774
vn -0.8541 -0.4314 0.2905
vn 0.3014 -0.9046 0.3014
vn -0.6184 -0.4723 0.6281
vn -0.5774 -0.5774 0.5773
vn 0.6414 -0.3512 0.6821
vn -0.0000 -1.0000 -0.0000
vn 0.3649 -0.9254 -0.1023
vn 0.4543 0.7449 0.4886
vn 0.2965 0.3552 0.8865
vn -0.0001 -0.7071 0.7071
vn 0.5775 0.5772 0.5773
vn 0.0000 -1.0000 -0.0000
vn 0.0001 -0.7071 0.7071
vn 0.0000 0.7072 -0.7070
vn 0.0000 0.0002 -1.0000
vn 0.0000 0.0001 -1.0000
vn 0.0000 -0.0002 -1.0000
vn -0.0000 0.0002 1.0000
vn 0.0000 0.0001 1.0000
vn -0.0000 -0.0001 1.0000
vn -0.0000 -0.0002 1.0000
vn 0.0001 0.7070 0.7072
vn -0.0002 0.7072 -0.7070
vn 0.0000 0.7070 0.7072
vn -0.0000 1.0000 -0.0000
vn 0.3162 -0.9487 0.0000
vn 0.0000 -1.0000 0.0000
vn -0.0001 -1.0000 -0.0000
vn 0.7068 0.0001 -0.7074
vn -0.3162 -0.0000 -0.9487
vn -0.7073 0.0001 -0.7069
vn -0.7072 0.0001 -0.7070
vn -0.3015 0.9045 0.3016
vn 0.3016 0.3014 0.9045
vn 0.0001 -0.0001 1.0000
vn -0.7071 -0.0001 0.7071
vn 0.3016 -0.3016 0.9045
vn -0.3015 -0.9045 0.3016
vn 0.3017 -0.3014 0.9045
vn -0.3014 -0.9046 0.3015
vn 0.3016 0.3019 0.9044
vn 0.0000 -0.0001 1.0000
vn -0.7070 -0.0001 0.7072
vn 0.5334 0.5256 0.6627
vn 0.3014 0.9046 0.3013
vn 0.8947 -0.0000 0.4467
vn 1.0000 -0.0000 -0.0007
vn 0.3015 -0.9046 0.3013
vn 0.3015 0.9046 0.3013
vn 0.3162 0.0002 -0.9487
vn 0.3162 -0.0000 -0.9487
vn -0.7071 -0.7071 0.0000
vn -1.0000 -0.0000 0.0000
vn 1.0000 0.0000 -0.0000
vn -1.0000 0.0000 0.0000
vn 1.0000 -0.0000 -0.0000
vn -1.0000 0.0001 0.0000
vn -0.3162 0.0001 0.9487
vn -0.3015 -0.3015 0.9046
vn -0.3162 -0.0000 0.9487
vn -1.0000 0.0000 -0.0000
vn 1.0000 -0.0000 0.0000
vn 0.0001 -0.7071 -0.7071
vn -0.0002 -0.7071 -0.7071
vn -0.0003 -0.7071 -0.7071
vn -0.0001 -0.7071 -0.7071
vn -0.0001 0.7071 0.7071
vn 0.0001 0.7071 -0.7071
vn 1.0000 0.0000 0.0000
vn 0.7069 0.0008 0.7073
vn 0.7068 0.0008 -0.7074
vn -0.4113 -0.9115 0.0000
vn -0.2166 -0.9763 -0.0000
vn -0.5774 -0.5773 -0.5774
vn -0.3015 0.9046 -0.3015
vn -0.3016 0.9045 0.3014
vn -0.5243 0.6644 0.5326
vn -0.5773 -0.5774 -0.5774
vn 0.8814 0.3686 0.2953
vn -0.5773 -0.5773 -0.5774
vn 0.8814 -0.3686 -0.2953
vn -0.6184 -0.4723 -0.6281
vn 0.8814 -0.3686 0.2953
vn -0.6184 -0.4724 -0.6281
vn 0.8814 -0.3687 0.2953
vn 0.9222 -0.2325 0.3090
vn 0.9045 -0.3016 -0.3014
vn -0.6184 -0.4725 0.6279
vn 0.8814 -0.3687 -0.2952
vn 0.6414 -0.3512 -0.6821
vn -0.8541 -0.4314 -0.2905
vn 0.6413 -0.3511 -0.6823
vn 0.6414 -0.3511 -0.6821
vn -0.5774 0.5774 0.5773
vn 0.6414 -0.3511 0.6822
vn -0.5241 -0.6647 -0.5324
vn 0.9222 -0.2324 -0.3090
vn -0.5242 -0.6647 0.5324
vn 0.3014 -0.9046 -0.3014
vn -0.5242 -0.6646 0.5324
vn 0.9222 -0.2324 0.3090
vn -0.5242 -0.6646 -0.5325
vn -0.9340 -0.1636 0.3177
vn 0.5774 -0.5773 -0.5773
vn 0.4650 -0.7344 0.4945
vn -0.9045 0.3016 0.3015
vn 0.6414 0.3511 -0.6821
vn -0.3016 0.9045 -0.3016
vn -0.3014 0.9046 0.3015
vn -0.3016 0.9045 -0.3015
vn 0.3014 -0.9046 -0.3015
vn -0.6185 -0.4722 0.6281
vn 0.8814 -0.3687 -0.2953
vn 0.3015 -0.9045 0.3016
vn 0.9222 -0.2323 0.3091
# 335 vertex normals

vt 3.0000 21.0000 9.6000
vt -2.0000 21.0000 9.6000
vt -2.0000 16.0000 9.6000
vt 3.0000 16.0000 9.6000
vt 3.0000 25.9999 9.6000
vt -2.0000 26.0000 9.6000
vt -2.0000 25.6000 9.6000
vt 3.0000 25.6000 9.6000
vt -2.0000 11.0000 12.6000
vt 3.0000 11.0000 12.6000
vt 3.0000 11.4000 12.6000
vt -2.0000 11.4000 12.6000
vt -20.0000 -8.1000 -7.0000
vt -22.3000 -8.1000 -7.0000
vt -22.3000 -8.3500 -7.0000
vt -20.0000 -8.3500 -7.0000
vt -5.0003 21.0000 9.6000
vt -5.0003 16.0000 9.6000
vt -2.2611 -8.1000 -27.0000
vt -2.2611 -8.3500 -27.0000
vt -0.7611 -8.3500 -27.0000
vt -0.7611 -8.1000 -27.0000
vt -3.5001 26.0000 9.6000
vt -5.0003 26.0000 9.6000
vt -5.0003 25.6000 9.6000
vt -5.0001 11.4000 9.6000
vt -2.0000 11.4000 9.6000
vt -2.0000 7.0000 12.6000
vt -5.0000 7.0000 12.6000
vt -5.0001 6.6000 12.6000
vt -2.0000 6.6000 12.6000
vt -6.0000 -8.1000 -7.0000
vt -6.0000 -8.3500 -7.0000
vt -5.6000 -8.3500 -7.0000
vt -5.6000 -8.1000 -7.0000
vt 3.0000 2.0000 9.6000
vt -2.0000 2.0000 9.6000
vt -2.0000 -3.0000 9.6000
vt 3.0000 -3.0000 9.6000
vt -5.0003 2.0000 9.6000
vt -5.0003 -3.0000 9.6000
vt -1.0000 -8.1000 -7.0000
vt -1.0000 -8.3500 -7.0000
vt 1.5000 -8.3500 -7.0000
vt 1.5000 -8.1000 -7.0000
vt -2.0000 -7.6000 9.6000
vt -0.7500 -7.6000 9.6000
vt 3.0000 -7.6000 9.6000
vt -5.0001 -7.6000 9.6000
vt 4.0000 -8.1000 -7.0000
vt 4.0000 -8.3500 -7.0000
vt 8.6000 -8.3500 -7.0000
vt 8.6000 -8.1000 -7.0000
vt -2.0000 -12.0000 12.6000
vt -5.0000 -12.0000 12.6000
vt -5.0001 -12.4000 12.6000
vt -2.0000 -12.4000 12.6000
vt 13.0000 -8.1000 -7.0000
vt 13.0000 -8.3500 -7.0000
vt 15.5000 -8.3500 -7.0000
vt 15.5000 -8.1000 -7.0000
vt 3.0000 -17.0000 9.6000
vt -2.0000 -17.0000 9.6000
vt -2.0000 -22.0000 9.6000
vt 3.0000 -22.0000 9.6000
vt -5.0003 -17.0000 9.6000
vt -5.0003 -22.0000 9.6000
vt 18.0000 -8.1000 -7.0000
vt 18.0000 -8.3500 -7.0000
vt 22.6000 -8.3500 -7.0000
vt 22.6000 -8.1000 -7.0000
vt -2.0000 -27.0000 9.6000
vt 3.0000 -27.0000 9.6000
vt -5.0003 -27.0000 9.6000
vt -7.0000 -8.1000 11.0000
vt -7.0000 -8.3500 11.0000
vt -5.0000 -8.3500 11.0000
vt -5.0000 -8.1000 11.0000
vt 8.0000 -11.6000 7.0000
vt 8.0000 -8.3500 7.0000
vt 6.0000 -8.3500 7.0000
vt 6.0000 -11.6000 7.0000
vt -7.0000 -8.1000 -8.0000
vt -7.0000 -8.3500 -8.0000
vt -5.0000 -8.3500 -8.0000
vt -5.0000 -8.1000 -8.0000
vt 8.0000 -11.6000 -12.0000
vt 8.0000 -8.3500 -12.0000
vt 6.0000 -8.3500 -12.0000
vt 6.0000 -11.6000 -12.0000
vt -5.0000 11.0000 12.6000
vt -5.0000 -8.0000 12.6000
vt -2.0000 -8.0000 12.6000
vt -25.0000 -8.1000 -7.0000
vt -24.6000 -8.1000 -7.0000
vt -24.6000 -4.8500 -7.0000
vt -25.0000 -4.8500 -7.0000
vt -5.0000 -4.8500 11.0000
vt -7.0000 -4.8500 11.0000
vt 6.0000 -8.1000 7.0000
vt 8.0000 -8.1000 7.0000
vt 8.0000 -4.8500 7.0000
vt 6.0000 -4.8500 7.0000
vt -5.6000 -4.8500 -7.0000
vt -6.0000 -4.8500 -7.0000
vt -5.0000 -4.8500 -8.0000
vt -7.0000 -4.8500 -8.0000
vt 6.0000 -8.1000 -12.0000
vt 8.0000 -8.1000 -12.0000
vt 8.0000 -4.8500 -12.0000
vt 6.0000 -4.8500 -12.0000
vt 15.5000 -4.8500 -7.0000
vt 13.0000 -4.8500 -7.0000
vt -7.0000 -8.1000 -27.0000
vt -5.1667 -8.1000 -27.0000
vt -5.1667 -4.8500 -27.0000
vt -7.0000 -4.8500 -27.0000
vt -25.0000 -4.6000 -7.0000
vt -24.6000 -4.6000 -7.0000
vt -24.6000 -1.3500 -7.0000
vt -25.0000 -1.3500 -7.0000
vt -7.0000 -4.6000 11.0000
vt -5.0000 -4.6000 11.0000
vt -5.0000 -1.3500 11.0000
vt -7.0000 -1.3500 11.0000
vt 6.0000 -4.6000 7.0000
vt 8.0000 -4.6000 7.0000
vt 8.0000 -1.3500 7.0000
vt 6.0000 -1.3500 7.0000
vt -6.0000 -4.6000 -7.0000
vt -5.6000 -4.6000 -7.0000
vt -5.6000 -1.3500 -7.0000
vt -6.0000 -1.3500 -7.0000
vt -7.0000 -4.6000 -8.0000
vt -5.0000 -4.6000 -8.0000
vt -5.0000 -1.3500 -8.0000
vt -7.0000 -1.3500 -8.0000
vt 6.0000 -4.6000 -12.0000
vt 8.0000 -4.6000 -12.0000
vt 8.0000 -1.3500 -12.0000
vt 6.0000 -1.3500 -12.0000
vt 13.0000 -4.6000 -7.0000
vt 15.5000 -4.6000 -7.0000
vt 15.5000 -1.3500 -7.0000
vt 13.0000 -1.3500 -7.0000
vt -7.0000 -4.6000 -27.0000
vt -5.1667 -4.6000 -27.0000
vt -5.1667 -1.3500 -27.0000
vt -7.0000 -1.3500 -27.0000
vt -25.0000 -1.1000 -7.0000
vt -24.6000 -1.1000 -7.0000
vt -24.6000 2.1500 -7.0000
vt -25.0000 2.1500 -7.0000
vt -7.0000 -1.1000 11.0000
vt -5.0000 -1.1000 11.0000
vt -5.0000 2.1500 11.0000
vt -7.0000 2.1500 11.0000
vt 6.0000 -1.1000 7.0000
vt 8.0000 -1.1000 7.0000
vt 8.0000 2.1500 7.0000
vt 6.0000 2.1500 7.0000
vt -6.0000 -1.1000 -7.0000
vt -5.6000 -1.1000 -7.0000
vt -5.6000 2.1500 -7.0000
vt -6.0000 2.1500 -7.0000
vt -7.0000 -1.1000 -8.0000
vt -5.0000 -1.1000 -8.0000
vt -5.0000 2.1500 -8.0000
vt -7.0000 2.1500 -8.0000
vt 6.0000 -1.1000 -12.0000
vt 8.0000 -1.1000 -12.0000
vt 8.0000 2.1500 -12.0000
vt 6.0000 2.1500 -12.0000
vt 13.0000 -1.1000 -7.0000
vt 15.5000 -1.1000 -7.0000
vt 15.5000 2.1500 -7.0000
vt 13.0000 2.1500 -7.0000
vt -7.0000 -1.1000 -27.0000
vt -5.1667 -1.1000 -27.0000
vt -5.1667 2.1500 -27.0000
vt -7.0000 2.1500 -27.0000
vt -25.0000 2.4000 -7.0000
vt -24.6000 2.4000 -7.0000
vt -24.6000 5.6500 -7.0000
vt -25.0000 5.6500 -7.0000
vt -7.0000 2.4000 11.0000
vt -5.0000 2.4000 11.0000
vt -5.0000 5.6500 11.0000
vt -7.0000 5.6500 11.0000
vt 6.0000 2.4000 7.0000
vt 8.0000 2.4000 7.0000
vt 8.0000 5.6500 7.0000
vt 6.0000 5.6500 7.0000
vt -6.0000 2.4000 -7.0000
vt -5.6000 2.4000 -7.0000
vt -5.6000 5.6500 -7.0000
vt -6.0000 5.6500 -7.0000
vt -7.0000 2.4000 -8.0000
vt -5.0000 2.4000 -8.0000
vt -5.0000 5.6500 -8.0000
vt -7.0000 5.6500 -8.0000
vt 6.0000 2.4000 -12.0000
vt 8.0000 2.4000 -12.0000
vt 8.0000 5.6500 -12.0000
vt 6.0000 5.6500 -12.0000
vt 13.0000 2.4000 -7.0000
vt 15.5000 2.4000 -7.0000
vt 15.5000 5.6500 -7.0000
vt 13.0000 5.6500 -7.0000
vt -7.0000 2.4000 -27.0000
vt -5.1667 2.4000 -27.0000
vt -5.1667 5.6500 -27.0000
vt -7.0000 5.6500 -27.0000
vt -7.0000 21.0000 9.6000
vt -7.0000 18.5000 9.6000
vt -7.0000 16.0000 9.6000
vt -6.7003 26.0000 9.6000
vt -7.0000 26.0000 9.6000
vt -7.0000 25.6000 9.6000
vt -7.0000 2.0000 9.6000
vt -7.0000 -0.5000 9.6000
vt -7.0000 -3.0000 9.6000
vt -7.0000 -17.0000 9.6000
vt -7.0000 -22.0000 9.6000
vt -7.0000 -27.0000 9.6000
vt -7.0000 11.4000 9.6000
vt -5.0000 7.0000 9.6000
vt -7.0000 7.0000 9.6000
vt -7.0000 6.6000 9.6000
vt -5.0001 6.6000 9.6000
vt -7.0000 -7.6000 9.6000
vt -5.0000 -12.0000 9.6000
vt -7.0000 -12.0000 9.6000
vt -7.0000 -12.3995 9.6000
vt -5.0001 -12.4000 9.6000
vt -24.9999 5.9000 -7.0000
vt -24.6000 5.9000 -7.0000
vt -24.6000 9.1500 -7.0000
vt -25.0000 9.1500 -7.0000
vt -7.0000 5.9000 11.0000
vt -5.0000 5.9000 11.0000
vt -5.0000 9.1500 11.0000
vt -7.0000 9.1500 11.0000
vt 6.0000 5.9000 7.0000
vt 8.0000 5.9000 7.0000
vt 8.0000 9.1500 7.0000
vt 6.0000 9.1500 7.0000
vt -6.0000 5.9000 -7.0000
vt -5.6000 5.9000 -7.0000
vt -5.6000 9.1500 -7.0000
vt -6.0000 9.1500 -7.0000
vt -7.0000 5.9000 -8.0000
vt -5.0000 5.9000 -8.0000
vt -5.0000 9.1500 -8.0000
vt -7.0000 9.1500 -8.0000
vt -15.0000 -8.3500 -7.0000
vt -15.0000 -8.1000 -7.0000
vt -17.5000 -8.1000 -7.0000
vt -17.5000 -8.3500 -7.0000
vt -10.0000 -8.3500 -7.0000
vt -10.0000 -8.1000 -7.0000
vt -10.4000 -8.1000 -7.0000
vt -10.4000 -8.3500 -7.0000
vt -25.0000 -8.3500 -7.0000
vt -25.0000 -11.6000 -7.0000
vt -24.6000 -11.6000 -7.0000
vt -24.6000 -8.3500 -7.0000
vt -6.0000 -11.6000 -7.0000
vt -5.6000 -11.6000 -7.0000
vt 13.0000 -11.6000 -7.0000
vt 15.5000 -11.6000 -7.0000
vt -7.0000 -11.6000 11.0000
vt -5.0000 -11.6000 11.0000
vt -7.0000 -11.6000 -8.0000
vt -5.0000 -11.6000 -8.0000
vt -20.0000 -4.8500 -7.0000
vt -20.0000 -4.6000 -7.0000
vt -22.3000 -4.6000 -7.0000
vt -22.3000 -4.8500 -7.0000
vt -15.0000 -4.8500 -7.0000
vt -15.0000 -4.6000 -7.0000
vt -17.5000 -4.6000 -7.0000
vt -17.5000 -4.8500 -7.0000
vt -10.0000 -4.8500 -7.0000
vt -10.0000 -4.6000 -7.0000
vt -10.4000 -4.6000 -7.0000
vt -10.4000 -4.8500 -7.0000
vt -1.0000 -4.8500 -7.0000
vt -1.0000 -4.6000 -7.0000
vt -3.3000 -4.6000 -7.0000
vt -3.3000 -4.8500 -7.0000
vt 4.0000 -4.8500 -7.0000
vt 4.0000 -4.6000 -7.0000
vt 1.5000 -4.6000 -7.0000
vt 1.5000 -4.8500 -7.0000
vt 9.0000 -4.8500 -7.0000
vt 9.0000 -4.6000 -7.0000
vt 8.6000 -4.6000 -7.0000
vt 8.6000 -4.8500 -7.0000
vt 18.0000 -4.8500 -7.0000
vt 18.0000 -4.6000 -7.0000
vt 17.7000 -4.6000 -7.0000
vt 17.7000 -4.8500 -7.0000
vt 22.6000 -4.8500 -7.0000
vt 22.6000 -4.6000 -7.0000
vt 28.0000 -4.8500 -7.0000
vt 28.0000 -4.6000 -7.0000
vt 27.7000 -4.6000 -7.0000
vt 27.7000 -4.8500 -7.0000
vt -3.6667 -4.8500 -27.0000
vt -3.6667 -4.6000 -27.0000
vt -20.0000 -1.3500 -7.0000
vt -20.0000 -1.1000 -7.0000
vt -22.3000 -1.1000 -7.0000
vt -22.3000 -1.3500 -7.0000
vt -15.0000 -1.3500 -7.0000
vt -15.0000 -1.1000 -7.0000
vt -17.5000 -1.1000 -7.0000
vt -17.5000 -1.3500 -7.0000
vt -10.0000 -1.3500 -7.0000
vt -10.0000 -1.1000 -7.0000
vt -10.4000 -1.1000 -7.0000
vt -10.4000 -1.3500 -7.0000
vt -1.0000 -1.3500 -7.0000
vt -1.0000 -1.1000 -7.0000
vt -3.3000 -1.1000 -7.0000
vt -3.3000 -1.3500 -7.0000
vt 4.0000 -1.3500 -7.0000
vt 4.0000 -1.1000 -7.0000
vt 1.5000 -1.1000 -7.0000
vt 1.5000 -1.3500 -7.0000
vt 9.0000 -1.3500 -7.0000
vt 9.0000 -1.1000 -7.0000
vt 8.6000 -1.1000 -7.0000
vt 8.6000 -1.3500 -7.0000
vt 18.0000 -1.3500 -7.0000
vt 18.0000 -1.1000 -7.0000
vt 17.7000 -1.1000 -7.0000
vt 17.7000 -1.3500 -7.0000
vt 22.6000 -1.3500 -7.0000
vt 22.6000 -1.1000 -7.0000
vt 28.0000 -1.3500 -7.0000
vt 28.0000 -1.1000 -7.0000
vt 27.7000 -1.1000 -7.0000
vt 27.7000 -1.3500 -7.0000
vt -3.6667 -1.3500 -27.0000
vt -3.6667 -1.1000 -27.0000
vt -20.0000 2.1500 -7.0000
vt -20.0000 2.4000 -7.0000
vt -22.3000 2.4000 -7.0000
vt -22.3000 2.1500 -7.0000
vt -15.0000 2.1500 -7.0000
vt -15.0000 2.4000 -7.0000
vt -17.5000 2.4000 -7.0000
vt -17.5000 2.1500 -7.0000
vt -10.0000 2.1500 -7.0000
vt -10.0000 2.4000 -7.0000
vt -10.4000 2.4000 -7.0000
vt -10.4000 2.1500 -7.0000
vt -1.0000 2.1500 -7.0000
vt -1.0000 2.4000 -7.0000
vt -3.3000 2.4000 -7.0000
vt -3.3000 2.1500 -7.0000
vt 4.0000 2.1500 -7.0000
vt 4.0000 2.4000 -7.0000
vt 1.5000 2.4000 -7.0000
vt 1.5000 2.1500 -7.0000
vt 9.0000 2.1500 -7.0000
vt 9.0000 2.4000 -7.0000
vt 8.6000 2.4000 -7.0000
vt 8.6000 2.1500 -7.0000
vt 18.0000 2.1500 -7.0000
vt 18.0000 2.4000 -7.0000
vt 17.7000 2.4000 -7.0000
vt 17.7000 2.1500 -7.0000
vt 22.6000 2.1500 -7.0000
vt 22.6000 2.4000 -7.0000
vt 28.0000 2.1500 -7.0000
vt 28.0000 2.4000 -7.0000
vt 27.7000 2.4000 -7.0000
vt 27.7000 2.1500 -7.0000
vt -3.6667 2.1500 -27.0000
vt -3.6667 2.4000 -27.0000
vt -20.0000 5.6500 -7.0000
vt -20.0000 5.9000 -7.0000
vt -22.3000 5.9000 -7.0000
vt -22.3000 5.6500 -7.0000
vt -15.0000 5.6500 -7.0000
vt -15.0000 5.9000 -7.0000
vt -17.5000 5.9000 -7.0000
vt -17.5000 5.6500 -7.0000
vt -10.0000 5.6500 -7.0000
vt -10.0000 5.9000 -7.0000
vt -10.4000 5.9000 -7.0000
vt -10.4000 5.6500 -7.0000
vt -1.0000 5.6500 -7.0000
vt -1.0000 5.9000 -7.0000
vt -3.3000 5.9000 -7.0000
vt -3.3000 5.6500 -7.0000
vt 4.0000 5.6500 -7.0000
vt 4.0000 5.9000 -7.0000
vt 1.5000 5.9000 -7.0000
vt 1.5000 5.6500 -7.0000
vt 9.0000 5.6500 -7.0000
vt 9.0000 5.9000 -7.0000
vt 8.6000 5.9000 -7.0000
vt 8.6000 5.6500 -7.0000
vt 8.0000 5.9000 -12.0000
vt 6.0000 5.9000 -12.0000
vt 18.0000 5.6500 -7.0000
vt 18.0000 5.9000 -7.0000
vt 17.6998 5.9000 -7.0000
vt 17.7000 5.6500 -7.0000
vt -3.6667 5.6500 -27.0000
vt -3.6667 5.9000 -27.0000
vt -5.0003 5.9000 -27.0000
vt -5.1667 5.9000 -27.0000
vt -7.0000 -8.3500 -27.0000
vt -7.0000 -11.6000 -27.0000
vt -5.1667 -11.6000 -27.0000
vt -5.1667 -8.3500 -27.0000
vt -0.7611 -4.8500 -27.0000
vt -0.7611 -4.6000 -27.0000
vt -2.2611 -4.6000 -27.0000
vt -2.2611 -4.8500 -27.0000
vt -0.7611 -1.3500 -27.0000
vt -0.7611 -1.1000 -27.0000
vt -2.2611 -1.1000 -27.0000
vt -2.2611 -1.3500 -27.0000
vt -0.7611 2.1500 -27.0000
vt -0.7611 2.4000 -27.0000
vt -2.2611 2.4000 -27.0000
vt -2.2611 2.1500 -27.0000
vt -0.7611 5.6500 -27.0000
vt -0.7611 5.9000 -27.0000
vt -2.2611 5.9000 -27.0000
vt -2.2611 5.6500 -27.0000
vt -20.0000 9.1500 -7.0000
vt -20.0000 9.6000 -7.0000
vt -22.3000 9.6000 -7.0000
vt -22.3000 9.1500 -7.0000
vt -15.0000 9.1500 -7.0000
vt -15.0000 9.6000 -7.0000
vt -17.5000 9.6000 -7.0000
vt -17.5000 9.1500 -7.0000
vt -10.0000 9.1500 -7.0000
vt -10.0000 9.6000 -7.0000
vt -10.4000 9.6000 -7.0000
vt -10.4000 9.1500 -7.0000
vt -5.0000 9.6000 11.0000
vt -7.0000 9.6000 11.0000
vt 8.0000 9.6000 7.0000
vt 6.0000 9.6000 7.0000
vt -1.0000 9.1500 -7.0000
vt -1.0000 9.6000 -7.0000
vt -3.3000 9.6000 -7.0000
vt -3.3000 9.1500 -7.0000
vt 4.0000 9.1500 -7.0000
vt 4.0000 9.6000 -7.0000
vt 1.5000 9.6000 -7.0000
vt 1.5000 9.1500 -7.0000
vt 9.0000 9.1500 -7.0000
vt 9.0000 9.6000 -7.0000
vt 8.6000 9.6000 -7.0000
vt 8.6000 9.1500 -7.0000
vt -5.0000 9.6000 -8.0000
vt -7.0000 9.6000 -8.0000
vt 8.0000 9.1500 -12.0000
vt 8.0000 9.6000 -12.0000
vt 6.0000 9.6000 -12.0000
vt 6.0000 9.1500 -12.0000
vt 18.0000 9.1500 -7.0000
vt 18.0000 9.6000 -7.0000
vt 13.3995 9.6000 -7.0000
vt 13.3995 9.1500 -7.0000
vt 23.0000 9.1500 -7.0000
vt 23.0000 9.6000 -7.0000
vt 28.0000 9.1500 -7.0000
vt 28.0000 9.6000 -7.0000
vt -5.0002 9.1500 -27.0000
vt -5.0003 9.6000 -27.0000
vt -7.0000 9.6000 -27.0000
vt -7.0000 9.1500 -27.0000
vt -2.0000 9.1500 -27.0000
vt -2.0000 9.6000 -27.0000
vt 3.0000 9.1500 -27.0000
vt 3.0000 9.6000 -27.0000
vt 6.0002 -27.0000 9.1500
vt 8.0000 -27.0000 9.1500
vt 8.0000 -22.0000 9.1500
vt 6.0001 -22.0000 9.1500
vt 8.0000 -17.0000 9.1500
vt 6.0001 -17.0000 9.1500
vt 6.0001 -21.6000 9.1500
vt 8.0000 -12.3995 9.1500
vt 8.0000 -12.0000 9.1500
vt 6.0000 -12.0000 9.1500
vt 6.0000 -13.0000 9.1500
vt 13.0000 9.1500 -5.0000
vt 13.0000 5.9000 -5.0000
vt 14.0000 5.9000 -5.0001
vt 14.0000 9.1500 -5.0000
vt -5.0000 -12.0000 5.9000
vt -7.0000 -12.0000 5.9000
vt -7.0000 -12.9995 5.9000
vt -5.0001 -13.0000 5.9000
vt -7.0000 -17.0000 5.9000
vt -7.0000 -21.6000 5.9000
vt -5.0003 -21.6000 5.9000
vt -5.0003 -17.0000 5.9000
vt -7.0000 23.3000 9.6000
vt -24.6000 9.6000 -7.0000
vt -25.0000 9.6000 -7.0000
vt -0.7500 11.4000 9.6000
vt 3.0000 11.4000 9.6000
vt -10.4000 -11.6000 -7.0000
vt -10.0000 -11.6000 -7.0000
vt -5.0001 11.4000 12.6000
vt -7.0000 11.0000 9.6000
vt -5.0000 11.0000 9.6000
vt -2.0000 6.6000 9.6000
vt 3.0000 6.6000 9.6000
vt -3.3000 -8.3500 -7.0000
vt -3.3000 -8.1000 -7.0000
vt -7.0000 4.3000 9.6000
vt -5.6000 9.6000 -7.0000
vt -6.0000 9.6000 -7.0000
vt -2.0000 -7.6000 12.6000
vt 3.0000 -8.0000 12.6000
vt 3.0000 -7.6000 12.6000
vt -5.0001 -7.6000 12.6000
vt 9.0000 -8.3500 -7.0000
vt 9.0000 -8.1000 -7.0000
vt -7.0000 -8.0000 9.6000
vt -5.0000 -8.0000 9.6000
vt 8.6000 -11.6000 -7.0000
vt 9.0000 -11.6000 -7.0000
vt -2.0000 -12.4000 9.6000
vt 3.0000 -12.4000 9.6000
vt 13.0000 9.6000 -7.0000
vt 13.0000 9.1500 -7.0000
vt -7.0000 -14.4995 5.9000
vt -7.0000 -16.6998 5.9000
vt -7.0000 -8.3500 16.0000
vt -7.0000 -11.6000 16.0000
vt -5.0000 -11.6000 16.0000
vt -5.0000 -8.3500 16.0000
vt -7.0000 16.0000 -11.6000
vt -7.0000 11.4000 -11.6000
vt -5.0000 11.4000 -11.6000
vt -5.0000 16.0000 -11.6000
vt 8.0000 -11.6000 11.4000
vt 8.0000 -8.3500 11.4000
vt 6.0000 -8.3500 11.4000
vt 6.0000 -11.6000 11.4000
vt 8.0000 11.4000 -8.3500
vt 8.0000 16.0000 -8.3500
vt 6.0000 16.0000 -8.3500
vt 6.0000 11.4000 -8.3500
vt -7.0000 -4.8500 16.0000
vt -7.0000 -8.1000 16.0000
vt -5.0000 -8.1000 16.0000
vt -5.0000 -4.8500 16.0000
vt -7.0000 16.0000 -8.1000
vt -7.0000 11.4000 -8.1000
vt -5.0000 11.4000 -8.1000
vt -5.0000 16.0000 -8.1000
vt 8.0000 -8.1000 11.4000
vt 8.0000 -4.8500 11.4000
vt 6.0000 -4.8500 11.4000
vt 6.0000 -8.1000 11.4000
vt 8.0000 11.4000 -4.8500
vt 8.0000 16.0000 -4.8500
vt 6.0000 16.0000 -4.8500
vt 6.0000 11.4000 -4.8500
vt -7.0000 -3.0000 -8.1000
vt -7.0000 -7.6000 -8.1000
vt -5.0000 -7.6000 -8.1000
vt -5.0000 -3.0000 -8.1000
vt 8.0000 -8.1000 -7.6000
vt 8.0000 -4.8500 -7.6000
vt 6.0000 -4.8500 -7.6000
vt 6.0000 -8.1000 -7.6000
vt 8.0000 -7.6000 -4.8500
vt 8.0000 -3.0000 -4.8500
vt 6.0000 -3.0000 -4.8500
vt 6.0000 -7.6000 -4.8500
vt -7.0000 -4.8500 -3.0000
vt -7.0000 -8.1000 -3.0000
vt -5.0000 -8.1000 -3.0000
vt -5.0000 -4.8500 -3.0000
vt -7.0000 -1.3500 16.0000
vt -7.0000 -4.6000 16.0000
vt -5.0000 -4.6000 16.0000
vt -5.0000 -1.3500 16.0000
vt -7.0000 16.0000 -4.6000
vt -7.0000 11.4000 -4.6000
vt -5.0000 11.4000 -4.6000
vt -5.0000 16.0000 -4.6000
vt 8.0000 -4.6000 11.4000
vt 8.0000 -1.3500 11.4000
vt 6.0000 -1.3500 11.4000
vt 6.0000 -4.6000 11.4000
vt 8.0000 11.4000 -1.3500
vt 8.0000 16.0000 -1.3500
vt 6.0000 16.0000 -1.3500
vt 6.0000 11.4000 -1.3500
vt -7.0000 -1.3500 -3.0000
vt -7.0000 -4.6000 -3.0000
vt -5.0000 -4.6000 -3.0000
vt -5.0000 -1.3500 -3.0000
vt -7.0000 -3.0000 -4.6000
vt -7.0000 -7.6000 -4.6000
vt -5.0000 -7.6000 -4.6000
vt -5.0000 -3.0000 -4.6000
vt 8.0000 -4.6000 -7.6000
vt 8.0000 -1.3500 -7.6000
vt 6.0000 -1.3500 -7.6000
vt 6.0000 -4.6000 -7.6000
vt 8.0000 -7.6000 -1.3500
vt 8.0000 -3.0000 -1.3500
vt 6.0000 -3.0000 -1.3500
vt 6.0000 -7.6000 -1.3500
vt -7.0000 2.1500 16.0000
vt -7.0000 -1.1000 16.0000
vt -5.0000 -1.1000 16.0000
vt -5.0000 2.1500 16.0000
vt -7.0000 16.0000 -1.1000
vt -7.0000 11.4000 -1.1000
vt -5.0000 11.4000 -1.1000
vt -5.0000 16.0000 -1.1000
vt 8.0000 -1.1000 11.4000
vt 8.0000 2.1500 11.4000
vt 6.0000 2.1500 11.4000
vt 6.0000 -1.1000 11.4000
vt 8.0000 11.4000 2.1500
vt 8.0000 16.0000 2.1500
vt 6.0000 16.0000 2.1500
vt 6.0000 11.4000 2.1500
vt -7.0000 2.1500 -3.0000
vt -7.0000 -1.1000 -3.0000
vt -5.0000 -1.1000 -3.0000
vt -5.0000 2.1500 -3.0000
vt -7.0000 -3.0000 -1.1000
vt -7.0000 -7.6000 -1.1000
vt -5.0000 -7.6000 -1.1000
vt -5.0000 -3.0000 -1.1000
vt 8.0000 -1.1000 -7.6000
vt 8.0000 2.1500 -7.6000
vt 6.0000 2.1500 -7.6000
vt 6.0000 -1.1000 -7.6000
vt 8.0000 -7.6000 2.1500
vt 8.0000 -3.0000 2.1500
vt 6.0000 -3.0000 2.1500
vt 6.0000 -7.6000 2.1500
vt -7.0000 5.6500 16.0000
vt -7.0000 2.4000 16.0000
vt -5.0000 2.4000 16.0000
vt -5.0000 5.6500 16.0000
vt -7.0000 16.0000 2.4000
vt -7.0000 11.4000 2.4000
vt -5.0000 11.4000 2.4000
vt -5.0000 16.0000 2.4000
vt 8.0000 2.4000 11.4000
vt 8.0000 5.6500 11.4000
vt 6.0000 5.6500 11.4000
vt 6.0000 2.4000 11.4000
vt 8.0000 11.4000 5.6500
vt 8.0000 16.0000 5.6500
vt 6.0000 16.0000 5.6500
vt 6.0000 11.4000 5.6500
vt -7.0000 5.6500 -3.0000
vt -7.0000 2.4000 -3.0000
vt -5.0000 2.4000 -3.0000
vt -5.0000 5.6500 -3.0000
vt -7.0000 -3.0000 2.4000
vt -7.0000 -7.6000 2.4000
vt -5.0000 -7.6000 2.4000
vt -5.0000 -3.0000 2.4000
vt 8.0000 2.4000 -7.6000
vt 8.0000 5.6500 -7.6000
vt 6.0000 5.6500 -7.6000
vt 6.0000 2.4000 -7.6000
vt 8.0000 -7.6000 5.6500
vt 8.0000 -3.0000 5.6500
vt 6.0000 -3.0000 5.6500
vt 6.0000 -7.6000 5.6500
vt -7.0000 9.1500 16.0000
vt -7.0000 5.9000 16.0000
vt -5.0000 5.9000 16.0000
vt -5.0000 9.1500 16.0000
vt -7.0000 16.0000 5.9000
vt -7.0000 11.4000 5.9000
vt -5.0000 11.4000 5.9000
vt -5.0000 16.0000 5.9000
vt 8.0000 5.9000 11.4000
vt 8.0000 9.1500 11.4000
vt 6.0000 9.1500 11.4000
vt 6.0000 5.9000 11.4000
vt 8.0000 11.4000 9.1500
vt 8.0000 16.0000 9.1500
vt 6.0000 16.0000 9.1500
vt 6.0000 11.4000 9.1500
vt -7.0000 9.1500 -3.0000
vt -7.0000 5.9000 -3.0000
vt -5.0000 5.9000 -3.0000
vt -5.0000 9.1500 -3.0000
vt -7.0000 -3.0000 5.9000
vt -7.0000 -7.6000 5.9000
vt -5.0000 -7.6000 5.9000
vt -5.0000 -3.0000 5.9000
vt 8.0000 5.9000 -7.6000
vt 8.0000 9.1500 -7.6000
vt 6.0000 9.1500 -7.6000
vt 6.0000 5.9000 -7.6000
vt 8.0000 -7.6000 9.1500
vt 8.0000 -3.0000 9.1500
vt 6.0000 -3.0000 9.1500
vt 6.0000 -7.6000 9.1500
vt 8.0000 -7.6000 -8.3500
vt 8.0000 -3.0000 -8.3500
vt 6.0000 -3.0000 -8.3500
vt 6.0000 -7.6000 -8.3500
vt -7.0000 -8.3500 -3.0000
vt -7.0000 -11.6000 -3.0000
vt -5.0000 -11.6000 -3.0000
vt -5.0000 -8.3500 -3.0000
vt 8.0000 -11.6000 -7.6000
vt 8.0000 -8.3500 -7.6000
vt 6.0000 -8.3500 -7.6000
vt 6.0000 -11.6000 -7.6000
vt 3.0000 7.0000 12.6000
vt 3.0000 6.6000 12.6000
vt 3.0000 -12.0000 12.6000
vt 3.0000 -12.4000 12.6000
vt -10.0000 12.1500 -5.0000
vt -6.0000 12.1500 -5.0000
vt -6.0000 12.6000 -5.0000
vt -10.0000 12.6000 -5.0000
vt 9.0000 12.1500 -5.0000
vt 13.0000 12.1500 -5.0000
vt 13.0000 12.6000 -5.0000
vt 9.0000 12.6000 -5.0000
vt 1.3331 -8.3500 -27.0000
vt 1.3331 -8.1000 -27.0000
vt 1.3331 -4.8500 -27.0000
vt 1.3331 -4.6000 -27.0000
vt 1.3331 2.1500 -27.0000
vt 1.3331 2.4000 -27.0000
vt -0.7611 -11.6000 -27.0000
vt 1.3331 -11.6000 -27.0000
vt 1.3331 -1.3500 -27.0000
vt 1.3331 5.6500 -27.0000
vt 27.7000 -8.3500 -7.0000
vt 28.0000 -8.3500 -7.0000
vt 28.0000 -8.1000 -7.0000
vt 27.7000 -8.1000 -7.0000
vt 28.0000 5.6500 -7.0000
vt 27.7000 5.6500 -7.0000
vt 27.7000 -11.6000 -7.0000
vt 28.0000 -11.6000 -7.0000
vt 25.4500 -4.6000 -7.0000
vt 25.4500 -4.8500 -7.0000
vt 25.4500 -1.1000 -7.0000
vt 25.4500 -1.3500 -7.0000
vt 25.4500 2.4000 -7.0000
vt 25.4500 2.1500 -7.0000
vt -7.0000 -17.0000 -8.1000
vt -7.0000 -21.6000 -8.1000
vt -5.0000 -21.6000 -8.1000
vt -5.0000 -17.0000 -8.1000
vt 8.0000 -8.1000 -21.6000
vt 8.0000 -4.8500 -21.6000
vt 6.0000 -4.8500 -21.6000
vt 6.0000 -8.1000 -21.6000
vt 8.0000 -21.6000 -4.8500
vt 8.0000 -17.0000 -4.8500
vt 6.0000 -17.0000 -4.8500
vt 6.0000 -21.6000 -4.8500
vt -7.0000 -4.8500 -17.0000
vt -7.0000 -8.1000 -17.0000
vt -5.0000 -8.1000 -17.0000
vt -5.0000 -4.8500 -17.0000
vt -7.0000 -17.0000 -4.6000
vt -7.0000 -21.6000 -4.6000
vt -5.0000 -21.6000 -4.6000
vt -5.0000 -17.0000 -4.6000
vt 8.0000 -4.6000 -21.6000
vt 8.0000 -1.3500 -21.6000
vt 6.0000 -1.3500 -21.6000
vt 6.0000 -4.6000 -21.6000
vt 8.0000 -21.6000 -1.3500
vt 8.0000 -17.0000 -1.3500
vt 6.0000 -17.0000 -1.3500
vt 6.0000 -21.6000 -1.3500
vt -7.0000 -1.3500 -17.0000
vt -7.0000 -4.6000 -17.0000
vt -5.0000 -4.6000 -17.0000
vt -5.0000 -1.3500 -17.0000
vt -7.0000 -17.0000 -1.1000
vt -7.0000 -21.6000 -1.1000
vt -5.0000 -21.6000 -1.1000
vt -5.0000 -17.0000 -1.1000
vt 8.0000 -1.1000 -21.6000
vt 8.0000 2.1500 -21.6000
vt 6.0000 2.1500 -21.6000
vt 6.0000 -1.1000 -21.6000
vt 8.0000 -21.6000 2.1500
vt 8.0000 -17.0000 2.1500
vt 6.0000 -17.0000 2.1500
vt 6.0000 -21.6000 2.1500
vt -7.0000 2.1500 -17.0000
vt -7.0000 -1.1000 -17.0000
vt -5.0000 -1.1000 -17.0000
vt -5.0000 2.1500 -17.0000
vt -7.0000 -17.0000 2.4000
vt -7.0000 -21.6000 2.4000
vt -5.0000 -21.6000 2.4000
vt -5.0000 -17.0000 2.4000
vt 8.0000 2.4000 -21.6000
vt 8.0000 5.6500 -21.6000
vt 6.0000 5.6500 -21.6000
vt 6.0000 2.4000 -21.6000
vt 8.0000 -21.6000 5.6500
vt 8.0000 -17.0000 5.6500
vt 6.0000 -17.0000 5.6500
vt 6.0000 -21.6000 5.6500
vt -7.0000 5.6500 -17.0000
vt -7.0000 2.4000 -17.0000
vt -5.0000 2.4000 -17.0000
vt -5.0000 5.6500 -17.0000
vt 8.0000 -21.6000 -8.3500
vt 8.0000 -17.0000 -8.3500
vt 6.0000 -17.0000 -8.3500
vt 6.0000 -21.6000 -8.3500
vt -7.0000 -8.3500 -17.0000
vt -7.0000 -11.6000 -17.0000
vt -5.0000 -11.6000 -17.0000
vt -5.0000 -8.3500 -17.0000
vt -7.0000 -17.0000 -11.6000
vt -7.0000 -21.6000 -11.6000
vt -5.0000 -21.6000 -11.6000
vt -5.0000 -17.0000 -11.6000
vt 8.0000 -11.6000 -21.6000
vt 8.0000 -8.3500 -21.6000
vt 6.0000 -8.3500 -21.6000
vt 6.0000 -11.6000 -21.6000
vt 25.4500 -8.3500 -7.0000
vt 25.4500 -8.1000 -7.0000
vt 8.0000 -8.1000 -26.7000
vt 8.0000 -4.8500 -26.7000
vt 7.7000 -4.8500 -26.7000
vt 7.7000 -8.1000 -26.7000
vt 8.0000 -26.7000 -4.8500
vt 8.0000 -24.4500 -4.8500
vt 7.7000 -24.4500 -4.8500
vt 7.7000 -26.7000 -4.8500
vt -7.0000 -4.8500 -24.4500
vt -7.0000 -8.1000 -24.4500
vt -6.7000 -8.1000 -24.4500
vt -6.7000 -4.8500 -24.4500
vt 8.0000 -4.6000 -26.7000
vt 8.0000 -1.3500 -26.7000
vt 7.7000 -1.3500 -26.7000
vt 7.7000 -4.6000 -26.7000
vt 8.0000 -26.7000 -1.3500
vt 8.0000 -24.4500 -1.3500
vt 7.7000 -24.4500 -1.3500
vt 7.7000 -26.7000 -1.3500
vt -7.0000 -1.3500 -24.4500
vt -7.0000 -4.6000 -24.4500
vt -6.7000 -4.6000 -24.4500
vt -6.7000 -1.3500 -24.4500
vt 8.0000 -1.1000 -26.7000
vt 8.0000 2.1500 -26.7000
vt 7.7000 2.1500 -26.7000
vt 7.7000 -1.1000 -26.7000
vt 8.0000 -26.7000 2.1500
vt 8.0000 -24.4500 2.1500
vt 7.7000 -24.4500 2.1500
vt 7.7000 -26.7000 2.1500
vt -7.0000 2.1500 -24.4500
vt -7.0000 -1.1000 -24.4500
vt -6.7000 -1.1000 -24.4500
vt -6.7000 2.1500 -24.4500
vt 8.0000 2.4000 -26.7000
vt 8.0000 5.6500 -26.7000
vt 7.7000 5.6500 -26.7000
vt 7.7000 2.4000 -26.7000
vt 8.0000 -26.7000 5.6500
vt 8.0000 -24.4500 5.6500
vt 7.7000 -24.4500 5.6500
vt 7.7000 -26.7000 5.6500
vt -7.0000 5.6500 -24.4500
vt -7.0000 2.4000 -24.4500
vt -6.7000 2.4000 -24.4500
vt -6.7000 5.6500 -24.4500
vt 8.0000 -11.6000 -26.7000
vt 8.0000 -8.3500 -26.7000
vt 7.7000 -8.3500 -26.7000
vt 7.7000 -11.6000 -26.7000
vt 8.0000 -26.7000 -8.3500
vt 8.0000 -24.4500 -8.3500
vt 7.7000 -24.4500 -8.3500
vt 7.7000 -26.7000 -8.3500
vt -7.0000 -8.3500 -24.4500
vt -7.0000 -11.6000 -24.4500
vt -6.7000 -11.6000 -24.4500
vt -6.7000 -8.3500 -24.4500
vt -7.0000 -24.4500 -11.6000
vt -7.0000 -26.7000 -11.6000
vt -6.7000 -26.7000 -11.6000
vt -6.7000 -24.4500 -11.6000
vt 17.7000 -8.3500 -7.0000
vt 17.7000 -8.1000 -7.0000
vt 15.4995 5.9000 -7.0000
vt 13.9995 5.9000 -7.0000
vt 13.0000 5.9000 -7.0000
vt 25.4500 5.6500 -7.0000
vt 22.6000 5.6500 -7.0000
vt 22.6000 -11.6000 -7.0000
vt 25.4500 -11.6000 -7.0000
vt 17.7000 -11.6000 -7.0000
vt 18.0000 -11.6000 -7.0000
vt -7.0000 -4.8500 -14.5000
vt -7.0000 -8.1000 -14.5000
vt -6.7000 -8.1000 -14.5000
vt -6.7000 -4.8500 -14.5000
vt 8.0000 -8.1000 -16.7000
vt 8.0000 -4.8500 -16.7000
vt 7.7000 -4.8500 -16.7000
vt 7.7000 -8.1000 -16.7000
vt 8.0000 -16.7000 -4.8500
vt 8.0000 -14.5000 -4.8500
vt 7.7000 -14.5000 -4.8500
vt 7.7000 -16.7000 -4.8500
vt 8.0000 -4.6000 -16.7000
vt 8.0000 -1.3500 -16.7000
vt 7.7000 -1.3500 -16.7000
vt 7.7000 -4.6000 -16.7000
vt 8.0000 -16.7000 -1.3500
vt 8.0000 -14.5000 -1.3500
vt 7.7000 -14.5000 -1.3500
vt 7.7000 -16.7000 -1.3500
vt -7.0000 -1.3500 -14.5000
vt -7.0000 -4.6000 -14.5000
vt -6.7000 -4.6000 -14.5000
vt -6.7000 -1.3500 -14.5000
vt 8.0000 -1.1000 -16.7000
vt 8.0000 2.1500 -16.7000
vt 7.7000 2.1500 -16.7000
vt 7.7000 -1.1000 -16.7000
vt 8.0000 -16.7000 2.1500
vt 8.0000 -14.5000 2.1500
vt 7.7000 -14.5000 2.1500
vt 7.7000 -16.7000 2.1500
vt -7.0000 2.1500 -14.5000
vt -7.0000 -1.1000 -14.5000
vt -6.7000 -1.1000 -14.5000
vt -6.7000 2.1500 -14.5000
vt 8.0000 2.4000 -16.7000
vt 8.0000 5.6500 -16.7000
vt 7.7000 5.6500 -16.7000
vt 7.7000 2.4000 -16.7000
vt 8.0000 -16.7000 5.6500
vt 8.0000 -14.5000 5.6500
vt 7.7000 -14.5000 5.6500
vt 7.7000 -16.7000 5.6500
vt -7.0000 5.6500 -14.5000
vt -7.0000 2.4000 -14.5000
vt -6.7000 2.4000 -14.5000
vt -6.7000 5.6500 -14.5000
vt 8.0000 -16.7000 -8.3500
vt 8.0000 -14.5000 -8.3500
vt 7.7000 -14.5000 -8.3500
vt 7.7000 -16.7000 -8.3500
vt -7.0000 -8.3500 -14.5000
vt -7.0000 -11.6000 -14.5000
vt -6.7000 -11.6000 -14.5000
vt -6.7000 -8.3500 -14.5000
vt -7.0000 -14.5000 -11.6000
vt -7.0000 -16.7000 -11.6000
vt -6.7000 -16.7000 -11.6000
vt -6.7000 -14.5000 -11.6000
vt 8.0000 -11.6000 -16.7000
vt 8.0000 -8.3500 -16.7000
vt 7.7000 -8.3500 -16.7000
vt 7.7000 -11.6000 -16.7000
vt -7.0000 -7.6000 -11.6000
vt -5.0000 -7.6000 -11.6000
vt -5.0000 -3.0000 -11.6000
vt -7.0000 -3.0000 -11.6000
vt -17.5000 -11.6000 -7.0000
vt -15.0000 -11.6000 -7.0000
vt 1.5000 -11.6000 -7.0000
vt 4.0000 -11.6000 -7.0000
vt -22.3000 -11.6000 -7.0000
vt -20.0000 -11.6000 -7.0000
vt -3.3000 -11.6000 -7.0000
vt -1.0000 -11.6000 -7.0000
vt -7.0000 21.0000 -11.6000
vt -7.0000 18.5000 -11.6000
vt -6.7000 18.5000 -11.6000
vt -6.7000 21.0000 -11.6000
vt 8.0000 -11.6000 18.5000
vt 8.0000 -8.3500 18.5000
vt 7.7000 -8.3500 18.5000
vt 7.7000 -11.6000 18.5000
vt 8.0000 18.5000 -8.3500
vt 8.0000 21.0000 -8.3500
vt 7.7000 21.0000 -8.3500
vt 7.7000 18.5000 -8.3500
vt -7.0000 -8.3500 21.0000
vt -7.0000 -11.6000 21.0000
vt -6.7000 -11.6000 21.0000
vt -6.7000 -8.3500 21.0000
vt 8.0000 -8.1000 18.5000
vt 8.0000 -4.8500 18.5000
vt 7.7000 -4.8500 18.5000
vt 7.7000 -8.1000 18.5000
vt 8.0000 18.5000 -4.8500
vt 8.0000 21.0000 -4.8500
vt 7.7000 21.0000 -4.8500
vt 7.7000 18.5000 -4.8500
vt -7.0000 -4.8500 21.0000
vt -7.0000 -8.1000 21.0000
vt -6.7000 -8.1000 21.0000
vt -6.7000 -4.8500 21.0000
vt -7.0000 -4.8500 2.0000
vt -7.0000 -8.1000 2.0000
vt -6.7000 -8.1000 2.0000
vt -6.7000 -4.8500 2.0000
vt 8.0000 -8.1000 -0.5000
vt 8.0000 -4.8500 -0.5000
vt 7.7000 -4.8500 -0.5000
vt 7.7000 -8.1000 -0.5000
vt 8.0000 -0.5000 -4.8500
vt 8.0000 2.0000 -4.8500
vt 7.7000 2.0000 -4.8500
vt 7.7000 -0.5000 -4.8500
vt 8.0000 -4.6000 18.5000
vt 8.0000 -1.3500 18.5000
vt 7.7000 -1.3500 18.5000
vt 7.7000 -4.6000 18.5000
vt 8.0000 18.5000 -1.3500
vt 8.0000 21.0000 -1.3500
vt 7.7000 21.0000 -1.3500
vt 7.7000 18.5000 -1.3500
vt -7.0000 -1.3500 21.0000
vt -7.0000 -4.6000 21.0000
vt -6.7000 -4.6000 21.0000
vt -6.7000 -1.3500 21.0000
vt 8.0000 -4.6000 -0.5000
vt 8.0000 -1.3500 -0.5000
vt 7.7000 -1.3500 -0.5000
vt 7.7000 -4.6000 -0.5000
vt 8.0000 -0.5000 -1.3500
vt 8.0000 2.0000 -1.3500
vt 7.7000 2.0000 -1.3500
vt 7.7000 -0.5000 -1.3500
vt -7.0000 -1.3500 2.0000
vt -7.0000 -4.6000 2.0000
vt -6.7000 -4.6000 2.0000
vt -6.7000 -1.3500 2.0000
vt 8.0000 -1.1000 18.5000
vt 8.0000 2.1500 18.5000
vt 7.7000 2.1500 18.5000
vt 7.7000 -1.1000 18.5000
vt 8.0000 18.5000 2.1500
vt 8.0000 21.0000 2.1500
vt 7.7000 21.0000 2.1500
vt 7.7000 18.5000 2.1500
vt -7.0000 2.1500 21.0000
vt -7.0000 -1.1000 21.0000
vt -6.7000 -1.1000 21.0000
vt -6.7000 2.1500 21.0000
vt 8.0000 -1.1000 -0.5000
vt 8.0000 2.1500 -0.5000
vt 7.7000 2.1500 -0.5000
vt 7.7000 -1.1000 -0.5000
vt 8.0000 -0.5000 2.1500
vt 8.0000 2.0000 2.1500
vt 7.7000 2.0000 2.1500
vt 7.7000 -0.5000 2.1500
vt -7.0000 2.1500 2.0000
vt -7.0000 -1.1000 2.0000
vt -6.7000 -1.1000 2.0000
vt -6.7000 2.1500 2.0000
vt 8.0000 2.4000 18.5000
vt 8.0000 5.6500 18.5000
vt 7.7000 5.6500 18.5000
vt 7.7000 2.4000 18.5000
vt 8.0000 18.5000 5.6500
vt 8.0000 21.0000 5.6500
vt 7.7000 21.0000 5.6500
vt 7.7000 18.5000 5.6500
vt -7.0000 5.6500 21.0000
vt -7.0000 2.4000 21.0000
vt -6.7000 2.4000 21.0000
vt -6.7000 5.6500 21.0000
vt 8.0000 2.4000 -0.5000
vt 8.0000 5.6500 -0.5000
vt 7.7000 5.6500 -0.5000
vt 7.7000 2.4000 -0.5000
vt 8.0000 -0.5000 5.6500
vt 8.0000 2.0000 5.6500
vt 7.7000 2.0000 5.6500
vt 7.7000 -0.5000 5.6500
vt -7.0000 5.6500 2.0000
vt -7.0000 2.4000 2.0000
vt -6.7000 2.4000 2.0000
vt -6.7000 5.6500 2.0000
vt 8.0000 5.9000 18.5000
vt 8.0000 9.1500 18.5000
vt 7.7000 9.1500 18.5000
vt 7.7000 5.9000 18.5000
vt 8.0000 18.5000 9.1500
vt 8.0000 21.0000 9.1500
vt 7.7000 21.0000 9.1500
vt 7.7000 18.5000 9.1500
vt -7.0000 9.1500 21.0000
vt -7.0000 5.9000 21.0000
vt -6.7000 5.9000 21.0000
vt -6.7000 9.1500 21.0000
vt 8.0000 5.9000 -0.5000
vt 8.0000 9.1500 -0.5000
vt 7.7000 9.1500 -0.5000
vt 7.7000 5.9000 -0.5000
vt 8.0000 -0.5000 9.1500
vt 8.0000 2.0000 9.1500
vt 7.7000 2.0000 9.1500
vt 7.7000 -0.5000 9.1500
vt -7.0000 9.1500 2.0000
vt -7.0000 5.9000 2.0000
vt -6.7000 5.9000 2.0000
vt -6.7000 9.1500 2.0000
vt 8.0000 -0.5000 -8.3500
vt 8.0000 2.0000 -8.3500
vt 7.7000 2.0000 -8.3500
vt 7.7000 -0.5000 -8.3500
vt -7.0000 -8.3500 2.0000
vt -7.0000 -11.6000 2.0000
vt -6.7000 -11.6000 2.0000
vt -6.7000 -8.3500 2.0000
vt -7.0000 2.0000 -11.6000
vt -7.0000 -0.5000 -11.6000
vt -6.7000 -0.5000 -11.6000
vt -6.7000 2.0000 -11.6000
vt 8.0000 -11.6000 -0.5000
vt 8.0000 -8.3500 -0.5000
vt 7.7000 -8.3500 -0.5000
vt 7.7000 -11.6000 -0.5000
vt -7.0000 -4.8500 25.6000
vt -7.0000 -8.1000 25.6000
vt -6.7000 -8.1000 25.6000
vt -6.7000 -4.8500 25.6000
vt 8.0000 -8.1000 23.3000
vt 8.0000 -4.8500 23.3000
vt 7.7000 -4.8500 23.3000
vt 7.7000 -8.1000 23.3000
vt 8.0000 23.3000 -4.8500
vt 8.0000 25.6000 -4.8500
vt 7.7000 25.6000 -4.8500
vt 7.7000 23.3000 -4.8500
vt -7.0000 -1.3500 25.6000
vt -7.0000 -4.6000 25.6000
vt -6.7000 -4.6000 25.6000
vt -6.7000 -1.3500 25.6000
vt 8.0000 -4.6000 23.3000
vt 8.0000 -1.3500 23.3000
vt 7.7000 -1.3500 23.3000
vt 7.7000 -4.6000 23.3000
vt 8.0000 23.3000 -1.3500
vt 8.0000 25.6000 -1.3500
vt 7.7000 25.6000 -1.3500
vt 7.7000 23.3000 -1.3500
vt -7.0000 2.1500 25.6000
vt -7.0000 -1.1000 25.6000
vt -6.7000 -1.1000 25.6000
vt -6.7000 2.1500 25.6000
vt 8.0000 -1.1000 23.3000
vt 8.0000 2.1500 23.3000
vt 7.7000 2.1500 23.3000
vt 7.7000 -1.1000 23.3000
vt 8.0000 23.3000 2.1500
vt 8.0000 25.6000 2.1500
vt 7.7000 25.6000 2.1500
vt 7.7000 23.3000 2.1500
vt -7.0000 5.6500 25.6000
vt -7.0000 2.4000 25.6000
vt -6.7000 2.4000 25.6000
vt -6.7000 5.6500 25.6000
vt 8.0000 2.4000 23.3000
vt 8.0000 5.6500 23.3000
vt 7.7000 5.6500 23.3000
vt 7.7000 2.4000 23.3000
vt 8.0000 23.3000 5.6500
vt 8.0000 25.6000 5.6500
vt 7.7000 25.6000 5.6500
vt 7.7000 23.3000 5.6500
vt -7.0000 9.1500 25.6000
vt -7.0000 5.9000 25.6000
vt -6.7000 5.9000 25.6000
vt -6.7000 9.1500 25.6000
vt 8.0000 5.9000 23.3000
vt 8.0000 9.1500 23.3000
vt 7.7000 9.1500 23.3000
vt 7.7000 5.9000 23.3000
vt 8.0000 23.3000 9.1500
vt 8.0000 25.6000 9.1500
vt 7.7000 25.6000 9.1500
vt 7.7000 23.3000 9.1500
vt 8.0000 23.3000 -8.3500
vt 8.0000 25.6000 -8.3500
vt 7.7000 25.6000 -8.3500
vt 7.7000 23.3000 -8.3500
vt -7.0000 -8.3500 25.6000
vt -7.0000 -11.6000 25.6000
vt -6.7000 -11.6000 25.6000
vt -6.7000 -8.3500 25.6000
vt -7.0000 25.6000 -11.6000
vt -7.0000 23.3000 -11.6000
vt -6.7000 23.3000 -11.6000
vt -6.7000 25.6000 -11.6000
vt 8.0000 -11.6000 23.3000
vt 8.0000 -8.3500 23.3000
vt 7.7000 -8.3500 23.3000
vt 7.7000 -11.6000 23.3000
vt -7.0000 -4.8500 6.6000
vt -7.0000 -8.1000 6.6000
vt -6.7000 -8.1000 6.6000
vt -6.7000 -4.8500 6.6000
vt 8.0000 -8.1000 4.3000
vt 8.0000 -4.8500 4.3000
vt 7.7000 -4.8500 4.3000
vt 7.7000 -8.1000 4.3000
vt 8.0000 4.3000 -4.8500
vt 8.0000 6.6000 -4.8500
vt 7.7000 6.6000 -4.8500
vt 7.7000 4.3000 -4.8500
vt -7.0000 -1.3500 6.6000
vt -7.0000 -4.6000 6.6000
vt -6.7000 -4.6000 6.6000
vt -6.7000 -1.3500 6.6000
vt 8.0000 -4.6000 4.3000
vt 8.0000 -1.3500 4.3000
vt 7.7000 -1.3500 4.3000
vt 7.7000 -4.6000 4.3000
vt 8.0000 4.3000 -1.3500
vt 8.0000 6.6000 -1.3500
vt 7.7000 6.6000 -1.3500
vt 7.7000 4.3000 -1.3500
vt -7.0000 2.1500 6.6000
vt -7.0000 -1.1000 6.6000
vt -6.7000 -1.1000 6.6000
vt -6.7000 2.1500 6.6000
vt 8.0000 -1.1000 4.3000
vt 8.0000 2.1500 4.3000
vt 7.7000 2.1500 4.3000
vt 7.7000 -1.1000 4.3000
vt 8.0000 4.3000 2.1500
vt 8.0000 6.6000 2.1500
vt 7.7000 6.6000 2.1500
vt 7.7000 4.3000 2.1500
vt -7.0000 5.6500 6.6000
vt -7.0000 2.4000 6.6000
vt -6.7000 2.4000 6.6000
vt -6.7000 5.6500 6.6000
vt 8.0000 2.4000 4.3000
vt 8.0000 5.6500 4.3000
vt 7.7000 5.6500 4.3000
vt 7.7000 2.4000 4.3000
vt 8.0000 4.3000 5.6500
vt 8.0000 6.6000 5.6500
vt 7.7000 6.6000 5.6500
vt 7.7000 4.3000 5.6500
vt -7.0000 9.1500 6.6000
vt -7.0000 5.9000 6.6000
vt -6.7000 5.9000 6.6000
vt -6.7000 9.1500 6.6000
vt 8.0000 5.9000 4.3000
vt 8.0000 9.1500 4.3000
vt 7.7000 9.1500 4.3000
vt 7.7000 5.9000 4.3000
vt 8.0000 4.3000 9.1500
vt 8.0000 6.6000 9.1500
vt 7.7000 6.6000 9.1500
vt 7.7000 4.3000 9.1500
vt -7.0000 -8.3500 6.6000
vt -7.0000 -11.6000 6.6000
vt -6.7000 -11.6000 6.6000
vt -6.7000 -8.3500 6.6000
vt -7.0000 6.6000 -11.6000
vt -7.0000 4.3000 -11.6000
vt -6.7000 4.3000 -11.6000
vt -6.7000 6.6000 -11.6000
vt 8.0000 -11.6000 4.3000
vt 8.0000 -8.3500 4.3000
vt 7.7000 -8.3500 4.3000
vt 7.7000 -11.6000 4.3000
vt 8.0000 4.3000 -8.3500
vt 8.0000 6.6000 -8.3500
vt 7.7000 6.6000 -8.3500
vt 7.7000 4.3000 -8.3500
vt 8.0000 -11.6000 26.0000
vt 8.0000 -8.3500 26.0000
vt 7.7000 -8.3500 26.0000
vt 7.7000 -11.6000 26.0000
vt 8.0000 -8.1000 26.0000
vt 8.0000 -4.8500 26.0000
vt 7.7000 -4.8501 26.0000
vt 7.7000 -8.1000 26.0000
vt 8.0000 -4.6000 26.0000
vt 8.0000 -1.3500 26.0000
vt 7.7000 -1.3500 26.0000
vt 7.7000 -4.6001 26.0000
vt 8.0000 -1.1000 26.0000
vt 8.0000 2.1500 26.0000
vt 7.7000 2.1500 26.0000
vt 7.7000 -1.1000 26.0000
vt 8.0000 2.4000 26.0000
vt 8.0000 5.6500 26.0000
vt 7.7000 5.6500 26.0000
vt 7.7000 2.4000 26.0000
vt -2.0000 9.6000 11.4000
vt 1.7500 9.6000 11.4000
vt 1.7500 12.1500 11.4000
vt -2.0000 12.1500 11.4000
vt 3.0000 9.6000 11.4000
vt 6.0001 9.6000 11.4000
vt 6.0001 12.1500 11.4000
vt 3.0000 12.1500 11.4000
vt -10.4000 9.6000 -5.0001
vt -10.0000 9.6000 -5.0000
vt -10.4000 12.1500 -5.0001
vt -6.0000 9.6000 -5.0000
vt -5.6000 9.6000 -5.0001
vt -5.6000 12.1500 -5.0001
vt -5.0001 9.6000 6.6000
vt -2.0000 9.6000 6.6000
vt -2.0000 12.1500 6.6000
vt -5.0001 12.1500 6.6000
vt 3.0000 9.6000 6.6000
vt 3.0000 12.1500 6.6000
vt 13.0000 9.6000 -5.0000
vt 13.4000 9.6000 -5.0001
vt 13.4000 12.1500 -5.0001
vt -5.0001 9.6000 -12.4000
vt -2.0000 9.6000 -12.4000
vt -2.0000 12.1500 -12.4000
vt -5.0001 12.1500 -12.4000
vt 3.0000 9.6000 -12.4000
vt 3.0000 12.1500 -12.4000
vt -2.0000 9.6000 -7.6000
vt 1.7500 9.6000 -7.6000
vt 1.7500 12.1500 -7.6000
vt -2.0000 12.1500 -7.6000
vt 3.0000 9.6000 -7.6000
vt 6.0001 9.6000 -7.6000
vt 6.0001 12.1500 -7.6000
vt 3.0000 12.1500 -7.6000
vt 8.6000 9.6000 -5.0001
vt 9.0000 9.6000 -5.0000
vt 8.6000 12.1500 -5.0001
vt 3.0000 12.6000 11.4000
vt -2.0000 12.6000 11.4000
vt 6.0001 12.6000 11.4000
vt -10.4000 12.6000 -5.0001
vt -5.6000 12.6000 -5.0001
vt -2.0000 12.6000 6.6000
vt -5.0001 12.6000 6.6000
vt 3.0000 12.6000 6.6000
vt 13.4000 12.6000 -5.0001
vt -2.0000 12.6000 -12.4000
vt -5.0001 12.6000 -12.4000
vt 3.0000 12.6000 -12.4000
vt 3.0000 12.6000 -7.6000
vt -2.0000 12.6000 -7.6000
vt 6.0001 12.6000 -7.6000
vt 8.6000 12.6000 -5.0001
vt -4.7000 -8.3500 11.0000
vt -4.7000 -8.1000 11.0000
vt -4.7000 -11.6000 11.0000
vt -5.0000 11.0000 -11.6000
vt -5.0000 7.0000 -11.6000
vt -4.7000 7.0000 -11.6000
vt -4.7000 11.0000 -11.6000
vt 5.7000 -8.3500 7.0000
vt 5.7000 -11.6000 7.0000
vt 5.7000 -8.1000 7.0000
vt 5.7000 -4.8500 7.0000
vt 5.7000 -4.6000 7.0000
vt 5.7000 -1.3500 7.0000
vt 5.7000 -1.1000 7.0000
vt 5.7000 2.1500 7.0000
vt 5.7000 2.4000 7.0000
vt 5.7000 5.6500 7.0000
vt 5.7000 5.9000 7.0000
vt 5.7000 9.1500 7.0000
vt 5.7000 9.6000 7.0000
vt 6.0000 12.1500 7.0000
vt 5.7000 12.1500 7.0000
vt 6.0000 7.0000 12.1500
vt 6.0000 11.0000 12.1500
vt 5.7000 11.0000 12.1500
vt 5.7000 7.0000 12.1500
vt -5.0000 12.1500 11.0000
vt -4.7000 9.6000 11.0000
vt -4.7000 12.1500 11.0000
vt -4.7000 9.1500 11.0000
vt -4.7000 5.9000 11.0000
vt -4.7000 5.6500 11.0000
vt -4.7000 2.4000 11.0000
vt -4.7000 2.1500 11.0000
vt -4.7000 -1.1000 11.0000
vt -4.7000 -1.3500 11.0000
vt -4.7000 -4.6000 11.0000
vt -4.7000 -4.8500 11.0000
vt -4.7000 -8.3500 -8.0000
vt -4.7000 -8.1000 -8.0000
vt -4.7000 -11.6000 -8.0000
vt -5.0000 -8.0000 -11.6000
vt -5.0000 -12.0000 -11.6000
vt -4.7000 -12.0000 -11.6000
vt -4.7000 -8.0000 -11.6000
vt 5.7000 -8.3500 -12.0000
vt 5.7000 -11.6000 -12.0000
vt 5.7000 -8.1000 -12.0000
vt 5.7000 -4.8500 -12.0000
vt 5.7000 -4.6000 -12.0000
vt 5.7000 -1.3500 -12.0000
vt 5.7000 -1.1000 -12.0000
vt 5.7000 2.1500 -12.0000
vt 5.7000 2.4000 -12.0000
vt 5.7000 5.6500 -12.0000
vt 5.7000 5.9000 -12.0000
vt 5.7000 9.1500 -12.0000
vt 5.7000 9.6000 -12.0000
vt 6.0000 12.1500 -12.0000
vt 5.7000 12.1500 -12.0000
vt 6.0000 -12.0000 12.1500
vt 6.0000 -8.0000 12.1500
vt 5.7000 -8.0000 12.1500
vt 5.7000 -12.0000 12.1500
vt -5.0000 12.1500 -8.0000
vt -4.7000 9.6000 -8.0000
vt -4.7000 12.1500 -8.0000
vt -4.7000 9.1500 -8.0000
vt -4.7000 5.9000 -8.0000
vt -4.7000 5.6500 -8.0000
vt -4.7000 2.4000 -8.0000
vt -4.7000 2.1500 -8.0000
vt -4.7000 -1.1000 -8.0000
vt -4.7000 -1.3500 -8.0000
vt -4.7000 -4.6000 -8.0000
vt -4.7000 -4.8500 -8.0000
vt -7.6000 9.6000 -2.0000
vt -7.6000 12.1500 -2.0000
vt -7.9000 12.1500 -2.0000
vt -7.9000 9.6000 -2.0000
vt 3.0000 -7.6000 12.1500
vt 1.7500 -7.6000 12.1500
vt 1.7500 -7.9000 12.1500
vt 3.0000 -7.9000 12.1500
vt 8.6000 12.1500 -0.7500
vt 8.6000 9.6000 -0.7500
vt 8.9000 9.6000 -0.7500
vt 8.9000 12.1500 -0.7500
vt -2.0000 -7.9000 9.6000
vt -0.7500 -7.9000 9.6000
vt 11.4000 9.6000 -2.0000
vt 11.4000 12.1500 -2.0000
vt 11.1000 12.1500 -2.0000
vt 11.1000 9.6000 -2.0000
vt 3.0000 11.4000 12.1500
vt 1.7500 11.4000 12.1500
vt 1.7500 11.1000 12.1500
vt 3.0000 11.1000 12.1500
vt -10.4000 12.1500 -0.7500
vt -10.4000 9.6000 -0.7500
vt -10.1000 9.6000 -0.7500
vt -10.1000 12.1500 -0.7500
vt -2.0000 11.1000 9.6000
vt -0.7500 11.1000 9.6000
vt 1.3331 5.9000 -27.0000
vt 1.3331 -1.1000 -27.0000
vt 5.9060 17.9999 9.6000
vt 5.9060 18.4999 9.6000
vt 3.5674 18.5000 9.6000
vt 3.5674 18.0000 9.6000
vt 3.5677 25.6000 9.6000
vt 5.9062 25.5999 9.6000
vt 8.0000 25.6000 9.6000
vt 8.0000 26.0000 9.6000
vt 5.9063 25.9997 9.6000
vt 3.5674 21.0000 9.6000
vt 3.5675 21.4600 9.6000
vt 3.5675 21.9200 9.6000
vt 3.5675 22.3800 9.6000
vt 3.5676 22.8400 9.6000
vt 3.5676 23.3000 9.6000
vt 3.5676 23.7600 9.6000
vt 3.5676 24.2200 9.6000
vt 3.5677 24.6800 9.6000
vt 3.5677 25.1400 9.6000
vt 5.9060 -1.0001 9.6000
vt 5.9060 -0.5001 9.6000
vt 3.5674 -0.5000 9.6000
vt 3.5674 -1.0000 9.6000
vt 5.9059 -5.7601 9.6000
vt 5.9059 -5.3001 9.6000
vt 3.5674 -5.3000 9.6000
vt 3.5674 -5.7600 9.6000
vt 5.9059 -20.0001 9.6000
vt 5.9059 -19.5001 9.6000
vt 3.5674 -19.5000 9.6000
vt 3.5674 -20.0000 9.6000
vt 5.9059 -25.0001 9.6000
vt 5.9059 -24.5001 9.6000
vt 3.5674 -24.5000 9.6000
vt 3.5674 -25.0000 9.6000
vt 3.5674 9.1500 -27.0000
vt 5.9059 9.1500 -27.0001
vt 5.9059 9.6000 -27.0001
vt 3.5674 9.6000 -27.0000
vt 5.9060 13.2399 9.6000
vt 5.9060 13.6999 9.6000
vt 3.5674 13.7000 9.6000
vt 3.5674 13.2400 9.6000
vt 5.9060 3.8399 9.6000
vt 5.9059 4.2999 9.6000
vt 3.5674 4.3000 9.6000
vt 3.5674 3.8400 9.6000
vt 5.9059 -15.1601 9.6000
vt 5.9059 -14.7001 9.6000
vt 3.5674 -14.7000 9.6000
vt 3.5674 -15.1600 9.6000
vt 21.0000 9.6000 8.0000
vt 16.0000 9.6000 8.0000
vt 16.0000 9.1500 8.0000
vt 21.0000 9.1500 8.0000
vt 26.0000 9.6000 8.0000
vt 25.6000 9.6000 8.0000
vt 25.6000 9.1500 8.0000
vt 26.0000 9.1500 8.0000
vt 2.0000 9.6000 8.0000
vt -3.0000 9.6000 8.0000
vt -3.0000 9.1500 8.0000
vt 2.0000 9.1500 8.0000
vt -7.6000 9.6000 8.0000
vt -7.5999 9.1500 7.9999
vt -17.0000 9.6000 8.0000
vt -22.0000 9.6000 8.0000
vt -22.0000 9.1500 8.0000
vt -17.0000 9.1500 8.0000
vt -27.0000 9.6000 8.0000
vt -27.0000 9.1500 8.0000
vt 11.4000 9.6000 8.0000
vt 11.4000 9.1500 8.0000
vt 6.6000 9.6000 8.0000
vt 6.6000 9.1500 7.9999
vt -12.4000 9.6000 8.0000
vt -12.4000 9.1500 8.0000
vt 19.7500 5.9000 8.0000
vt 17.2500 5.9000 8.0000
vt 17.2501 5.6500 8.0000
vt 19.7501 5.6500 8.0000
vt 26.0000 5.9000 8.0000
vt 25.6000 5.9000 8.0000
vt 25.6001 5.6500 8.0000
vt 26.0001 5.6500 8.0000
vt 0.7500 5.9000 8.0000
vt -1.7500 5.9000 8.0000
vt -1.7499 5.6500 8.0000
vt 0.7501 5.6500 8.0000
vt -6.4500 5.9000 8.0000
vt -6.4499 5.6500 8.0000
vt -2.9999 5.6500 8.0000
vt -3.0000 5.9000 8.0000
vt -18.2500 5.9000 8.0000
vt -20.7500 5.9000 8.0000
vt -20.7499 5.6500 8.0000
vt -18.2499 5.6500 8.0000
vt -25.7500 5.9000 8.0000
vt -25.7499 5.6500 8.0000
vt -21.9999 5.6500 8.0000
vt -22.0000 5.9000 8.0000
vt 12.5500 5.9000 8.0000
vt 12.5501 5.6500 8.0000
vt 16.0001 5.6500 8.0000
vt 16.0000 5.9000 8.0000
vt 6.6000 5.9000 8.0000
vt 6.3000 5.9000 8.0000
vt 6.3001 5.6500 8.0000
vt 6.6001 5.6500 8.0000
vt -12.4000 5.9000 8.0000
vt -12.7000 5.9000 8.0000
vt -12.6999 5.6500 8.0000
vt -12.3999 5.6500 8.0000
vt 25.6000 2.4000 8.0000
vt 26.0000 2.4000 8.0000
vt 6.3000 2.4000 8.0000
vt 6.6000 2.4000 8.0000
vt -12.7000 2.4000 8.0000
vt -12.4000 2.4000 8.0000
vt 19.7500 2.4000 8.0000
vt 17.2500 2.4000 8.0000
vt 17.2500 2.1500 8.0000
vt 19.7500 2.1500 8.0000
vt 25.6000 2.1500 8.0000
vt 26.0000 2.1500 8.0000
vt 0.7500 2.4000 8.0000
vt -1.7500 2.4000 8.0000
vt -1.7500 2.1500 8.0000
vt 0.7500 2.1500 8.0000
vt -6.4500 2.4000 8.0000
vt -6.4500 2.1500 8.0000
vt -3.0000 2.1500 8.0000
vt -3.0000 2.4000 8.0000
vt -18.2500 2.4000 8.0000
vt -20.7500 2.4000 8.0000
vt -20.7500 2.1500 8.0000
vt -18.2500 2.1500 8.0000
vt -25.7500 2.4000 8.0000
vt -25.7500 2.1500 8.0000
vt -22.0000 2.1500 8.0000
vt -22.0000 2.4000 8.0000
vt 12.5500 2.4000 8.0000
vt 12.5500 2.1500 8.0000
vt 16.0000 2.1500 8.0000
vt 16.0000 2.4000 8.0000
vt 6.3000 2.1500 8.0000
vt 6.6000 2.1500 8.0000
vt -12.7000 2.1500 8.0000
vt -12.4000 2.1500 8.0000
vt 25.6000 -1.1000 8.0000
vt 26.0000 -1.1000 8.0000
vt 6.3000 -1.1000 8.0000
vt 6.6000 -1.1000 8.0000
vt -12.7000 -1.1000 8.0000
vt -12.4000 -1.1000 8.0000
vt 19.7500 -1.1000 8.0000
vt 17.2500 -1.1000 8.0000
vt 17.2500 -1.3500 8.0000
vt 19.7500 -1.3500 8.0000
vt 25.6000 -1.3500 8.0000
vt 26.0000 -1.3500 8.0000
vt 0.7500 -1.1000 8.0000
vt -1.7500 -1.1000 8.0000
vt -1.7500 -1.3500 8.0000
vt 0.7500 -1.3500 8.0000
vt -6.4500 -1.1000 8.0000
vt -6.4500 -1.3500 8.0000
vt -3.0000 -1.3500 8.0000
vt -3.0000 -1.1000 8.0000
vt -18.2500 -1.1000 8.0000
vt -20.7500 -1.1000 8.0000
vt -20.7500 -1.3500 8.0000
vt -18.2500 -1.3500 8.0000
vt -25.7500 -1.1000 8.0000
vt -25.7500 -1.3500 8.0000
vt -22.0000 -1.3500 8.0000
vt -22.0000 -1.1000 8.0000
vt 12.5500 -1.1000 8.0000
vt 12.5500 -1.3500 8.0000
vt 16.0000 -1.3500 8.0000
vt 16.0000 -1.1000 8.0000
vt 6.3000 -1.3500 8.0000
vt 6.6000 -1.3500 8.0000
vt -12.7000 -1.3500 8.0000
vt -12.4000 -1.3500 8.0000
vt 25.6001 -4.6000 8.0000
vt 26.0001 -4.6000 8.0000
vt 6.3001 -4.6000 8.0000
vt 6.6001 -4.6000 8.0000
vt -12.6999 -4.6000 8.0000
vt -12.3999 -4.6000 8.0000
vt 19.7501 -4.6000 8.0000
vt 17.2501 -4.6000 8.0000
vt 17.2500 -4.8500 8.0000
vt 19.7500 -4.8500 8.0000
vt 25.6000 -4.8500 8.0000
vt 26.0000 -4.8500 8.0000
vt 0.7501 -4.6000 8.0000
vt -1.7499 -4.6000 8.0000
vt -1.7500 -4.8500 8.0000
vt 0.7500 -4.8500 8.0000
vt -6.4499 -4.6000 8.0000
vt -6.4500 -4.8500 8.0000
vt -3.0000 -4.8500 8.0000
vt -2.9999 -4.6000 8.0000
vt -18.2499 -4.6000 8.0000
vt -20.7499 -4.6000 8.0000
vt -20.7500 -4.8500 8.0000
vt -18.2500 -4.8500 8.0000
vt -25.7499 -4.6000 8.0000
vt -25.7500 -4.8500 8.0000
vt -22.0000 -4.8500 8.0000
vt -21.9999 -4.6000 8.0000
vt 12.5501 -4.6000 8.0000
vt 12.5500 -4.8500 8.0000
vt 16.0000 -4.8500 8.0000
vt 16.0001 -4.6000 8.0000
vt 6.3000 -4.8500 8.0000
vt 6.6000 -4.8500 8.0000
vt -12.7000 -4.8500 8.0000
vt -12.4000 -4.8500 8.0000
vt 25.6000 -8.1000 8.0000
vt 26.0000 -8.1000 8.0000
vt 6.3000 -8.1000 8.0000
vt 6.6000 -8.1000 8.0000
vt -12.7000 -8.1000 8.0000
vt -12.4000 -8.1000 8.0000
vt 19.7500 -8.1000 8.0000
vt 17.2500 -8.1000 8.0000
vt 17.2500 -8.3500 8.0000
vt 19.7500 -8.3500 8.0000
vt 25.6000 -8.3500 8.0000
vt 26.0000 -8.3500 8.0000
vt 0.7500 -8.1000 8.0000
vt -1.7500 -8.1000 8.0000
vt -1.7500 -8.3500 8.0000
vt 0.7500 -8.3500 8.0000
vt -6.4500 -8.1000 8.0000
vt -6.4500 -8.3500 8.0000
vt -3.0000 -8.3500 8.0000
vt -3.0000 -8.1000 8.0000
vt -18.2500 -8.1000 8.0000
vt -20.7500 -8.1000 8.0000
vt -20.7500 -8.3500 8.0000
vt -18.2500 -8.3500 8.0000
vt -25.7500 -8.1000 8.0000
vt -25.7500 -8.3500 8.0000
vt -22.0000 -8.3500 8.0000
vt -22.0000 -8.1000 8.0000
vt 12.5500 -8.1000 8.0000
vt 12.5500 -8.3500 8.0000
vt 16.0000 -8.3500 8.0000
vt 16.0000 -8.1000 8.0000
vt 6.3000 -8.3500 8.0000
vt 6.6000 -8.3500 8.0000
vt -12.7000 -8.3500 8.0000
vt -12.4000 -8.3500 8.0000
vt 25.6001 -11.6000 8.0000
vt 26.0001 -11.6000 8.0000
vt 6.3001 -11.6000 8.0000
vt 6.6001 -11.6000 8.0000
vt -12.6999 -11.6000 8.0000
vt -12.3999 -11.6000 8.0000
vt 11.4000 12.6000 3.0000
vt 11.0000 12.6000 3.0000
vt 11.0000 12.1500 3.0000
vt 11.4000 12.1500 3.0000
vt 7.0000 12.6000 3.0000
vt 7.0000 12.1500 3.0000
vt 6.6000 12.6000 3.0000
vt 6.6000 12.1500 3.0000
vt 11.0000 9.6000 3.0000
vt 11.4000 9.6000 3.0000
vt 6.6000 9.6000 3.0000
vt 7.0000 9.6000 3.0000
vt -7.6000 12.6000 3.0000
vt -8.0000 12.6000 3.0000
vt -8.0000 12.1500 3.0000
vt -7.6000 12.1500 3.0000
vt -12.0000 12.6000 3.0000
vt -12.0000 12.1500 3.0000
vt -12.4000 12.6000 3.0000
vt -12.4000 12.1500 3.0000
vt -8.0000 9.6000 3.0000
vt -7.6000 9.6000 3.0000
vt -12.4000 9.6000 3.0000
vt -12.0000 9.6000 3.0000
vt 11.0000 9.6000 8.0000
vt 11.0000 9.1500 8.0000
vt 7.0000 9.6000 8.0000
vt 7.0000 9.1500 8.0000
vt -8.0000 9.6000 8.0000
vt -8.0000 9.1500 8.0000
vt -12.0000 9.6000 8.0000
vt -12.0000 9.1500 8.0000
vt 8.0000 5.6500 -7.5999
vt 3.0000 5.6500 -7.6000
vt 3.0000 2.4000 -7.6001
vt 3.0000 5.6500 11.4000
vt 3.0000 2.4000 11.3999
vt 8.0000 5.6500 11.4001
vt -7.0000 5.6500 6.6001
vt -3.6667 2.4000 6.6000
vt -3.6667 5.6500 6.6000
vt 11.4000 5.6500 3.0000
vt 11.0000 5.6500 3.0000
vt 10.9999 2.4000 3.0000
vt 11.3999 2.4000 3.0000
vt 7.0000 5.6500 3.0000
vt 6.6000 5.6500 3.0000
vt 6.5999 2.4000 3.0000
vt 6.9999 2.4000 3.0000
vt -7.6000 5.6500 3.0000
vt -8.0000 5.6500 3.0000
vt -8.0001 2.4000 3.0000
vt -7.6001 2.4000 3.0000
vt -12.0000 5.6500 3.0000
vt -12.4000 5.6500 3.0000
vt -12.4001 2.4000 3.0000
vt -12.0001 2.4000 3.0000
vt -2.8333 2.4000 -12.4001
vt -3.6667 2.4000 -12.4001
vt -3.6667 2.1500 -12.4000
vt -2.8333 2.1500 -12.4000
vt 3.0000 2.1500 -7.6000
vt 11.0000 2.1500 3.0000
vt 11.4000 2.1500 3.0000
vt 6.6000 2.1500 3.0000
vt 7.0000 2.1500 3.0000
vt -8.0001 2.1500 3.0000
vt -7.6000 2.1500 3.0000
vt -12.4000 2.1500 3.0000
vt -12.0001 2.1500 3.0000
vt 3.0000 -1.1000 -7.6000
vt 3.0000 2.1500 11.4000
vt 3.0000 -1.1000 11.4000
vt -3.6667 -1.1000 6.6000
vt -3.6667 2.1500 6.6000
vt 11.0000 -1.1000 3.0000
vt 11.4000 -1.1000 3.0000
vt 6.6000 -1.1000 3.0000
vt 7.0000 -1.1000 3.0000
vt -8.0000 -1.1000 3.0000
vt -7.6000 -1.1000 3.0000
vt -12.4000 -1.1000 3.0000
vt -12.0000 -1.1000 3.0000
vt -2.8333 -1.1000 -12.4000
vt -3.6667 -1.1000 -12.4000
vt -3.6667 -1.3500 -12.4000
vt -2.8333 -1.3500 -12.4000
vt 3.0000 -1.3500 -7.6000
vt 11.0000 -1.3500 3.0000
vt 11.4000 -1.3500 3.0000
vt 6.6000 -1.3500 3.0000
vt 7.0000 -1.3500 3.0000
vt -8.0001 -1.3500 3.0000
vt -7.6000 -1.3500 3.0000
vt -12.4000 -1.3500 3.0000
vt -12.0001 -1.3500 3.0000
vt 3.0000 -4.6000 -7.6000
vt 8.0000 -4.6000 -7.5999
vt 3.0000 -1.3500 11.4000
vt 3.0000 -4.6000 11.4000
vt 8.0000 -4.6000 11.4001
vt -7.0000 -4.6000 6.6001
vt -3.6667 -4.6000 6.6000
vt -3.6667 -1.3500 6.6000
vt 11.0000 -4.6000 3.0000
vt 11.4000 -4.6000 3.0000
vt 6.6000 -4.6000 3.0000
vt 7.0000 -4.6000 3.0000
vt -8.0000 -4.6000 3.0000
vt -7.6000 -4.6000 3.0000
vt -12.4000 -4.6000 3.0000
vt -12.0000 -4.6000 3.0000
vt -2.8333 -4.6000 -12.4000
vt -3.6667 -4.6000 -12.4000
vt -3.6667 -4.8500 -12.4001
vt -2.8333 -4.8500 -12.4001
vt 3.0000 -4.8500 -7.6001
vt 10.9999 -4.8500 3.0000
vt 11.3999 -4.8500 3.0000
vt 6.5999 -4.8500 3.0000
vt 6.9999 -4.8500 3.0000
vt -8.0001 -4.8500 3.0000
vt -7.6001 -4.8500 3.0000
vt -12.4001 -4.8500 3.0000
vt -12.0001 -4.8500 3.0000
vt 3.0000 -8.1000 -7.6000
vt 3.0000 -4.8500 11.3999
vt 3.0000 -8.1000 11.4000
vt -3.6667 -8.1000 6.6000
vt -3.6667 -4.8500 6.6000
vt 11.0000 -8.1000 3.0000
vt 11.4000 -8.1000 3.0000
vt 6.6000 -8.1000 3.0000
vt 7.0000 -8.1000 3.0000
vt -8.0000 -8.1000 3.0000
vt -7.6000 -8.1000 3.0000
vt -12.4000 -8.1000 3.0000
vt -12.0000 -8.1000 3.0000
vt -2.8333 -8.1000 -12.4000
vt -3.6667 -8.1000 -12.4000
vt -3.6667 -8.3500 -12.4000
vt -2.8333 -8.3500 -12.4000
vt 3.0000 -8.3500 -7.6000
vt 11.0000 -8.3500 3.0000
vt 11.4000 -8.3500 3.0000
vt 6.6000 -8.3500 3.0000
vt 7.0000 -8.3500 3.0000
vt -8.0000 -8.3500 3.0000
vt -7.6000 -8.3500 3.0000
vt -12.4000 -8.3500 3.0000
vt -12.0000 -8.3500 3.0000
vt 3.0000 -11.6000 -7.6000
vt 8.0000 -11.6000 -7.5999
vt 3.0000 -8.3500 11.4000
vt 3.0000 -11.6000 11.4000
vt 8.0000 -11.6000 11.4001
vt -7.0000 -11.6000 6.6001
vt -3.6666 -11.6000 6.6000
vt -3.6667 -8.3500 6.6000
vt 11.0000 -11.6000 3.0000
vt 11.4000 -11.6000 3.0000
vt 6.6000 -11.6000 3.0000
vt 7.0000 -11.6000 3.0000
vt -8.0000 -11.6000 3.0000
vt -7.6000 -11.6000 3.0000
vt -12.4000 -11.6000 3.0000
vt -12.0000 -11.6000 3.0000
vt -2.5674 18.0000 9.1500
vt -2.5674 18.5000 9.1500
vt -4.9060 18.4999 9.1500
vt -4.9060 17.9999 9.1500
vt 3.0000 11.3999 5.9000
vt 8.0000 11.4000 5.9000
vt 8.0000 12.5500 5.9000
vt 8.0000 16.0000 5.9000
vt 3.0000 15.9999 5.9000
vt 8.0000 17.2500 5.9000
vt 8.0000 19.7500 5.9000
vt 8.0000 21.0000 5.9000
vt 5.9363 20.9998 5.9000
vt 5.9067 20.9998 5.9000
vt 3.0000 20.9999 5.9000
vt -4.9062 2.1499 25.9997
vt -1.9997 2.1500 25.9999
vt -1.9998 2.4000 25.9999
vt -4.9062 2.4000 25.9997
vt -4.9062 -1.3500 25.9997
vt -1.9997 -1.3500 25.9999
vt -1.9998 -1.1000 25.9999
vt -4.9062 -1.1000 25.9997
vt -4.9062 -4.8500 25.9997
vt -1.9998 -4.8501 25.9999
vt -1.9997 -4.6001 26.0000
vt -4.9062 -4.6000 25.9997
vt -4.9062 -8.3500 25.9997
vt -1.9997 -8.3500 25.9999
vt -1.9997 -8.1000 25.9999
vt -4.9062 -8.1000 25.9997
vt -7.0000 25.6000 9.1500
vt -7.0000 21.0000 9.1500
vt -4.9060 20.9999 9.1500
vt -4.9060 21.4599 9.1500
vt -4.9060 21.9199 9.1500
vt -4.9060 22.3798 9.1500
vt -4.9061 22.8398 9.1500
vt -4.9061 23.2998 9.1500
vt -4.9061 23.7598 9.1500
vt -4.9062 24.2198 9.1500
vt -4.9062 24.6797 9.1500
vt -4.9062 25.1397 9.1500
vt -4.9062 25.5997 9.1500
vt -4.9362 25.5997 9.1500
vt 2.0000 5.9000 8.0000
vt 2.0001 5.6500 8.0000
vt 2.0000 2.4000 8.0000
vt 2.0000 2.1500 8.0000
vt 2.0000 -1.1000 8.0000
vt 2.0000 -1.3500 8.0000
vt 2.0001 -4.6000 8.0000
vt 2.0000 -4.8500 8.0000
vt 2.0000 -8.1000 8.0000
vt 2.0000 -8.3500 8.0000
vt 8.0000 2.0000 5.9000
vt 8.0000 6.3000 5.9000
vt 2.9997 6.3000 5.9000
vt 2.9997 2.0000 5.9000
vt -7.0000 6.3001 5.6500
vt -7.0000 2.0001 5.6500
vt -5.0000 2.0001 5.6500
vt -5.0000 6.3001 5.6500
vt -7.0000 5.6500 2.0001
vt -5.0000 2.4000 2.0000
vt -5.0000 5.6500 2.0001
vt 8.0000 2.0000 2.4000
vt 8.0000 6.3000 2.4000
vt 6.0000 6.3000 2.4000
vt 6.0000 2.0000 2.4000
vt 8.0000 2.4000 6.3000
vt 8.0000 5.6500 6.3001
vt 6.0000 5.6500 6.3001
vt 6.0000 2.4000 6.3000
vt -7.0000 6.3000 2.1500
vt -7.0000 2.0000 2.1500
vt -5.0000 2.0000 2.1499
vt -5.0000 6.3000 2.1499
vt -5.0000 -1.1000 2.0000
vt -5.0000 2.1499 2.0000
vt 8.0000 2.0000 -1.1000
vt 8.0000 6.3000 -1.1000
vt 6.0000 6.3000 -1.1000
vt 6.0000 2.0000 -1.1000
vt 8.0000 -1.1000 6.3000
vt 8.0000 2.1500 6.3000
vt 6.0000 2.1499 6.3000
vt 6.0000 -1.1000 6.3000
vt -7.0000 6.3000 -1.3500
vt -7.0000 2.0000 -1.3500
vt -5.0000 2.0000 -1.3500
vt -5.0000 6.3000 -1.3500
vt -7.0000 -4.6000 2.0001
vt -5.0000 -4.6000 2.0001
vt -5.0000 -1.3500 2.0000
vt 8.0000 2.0001 -4.6000
vt 8.0000 6.3001 -4.6000
vt 6.0000 6.3001 -4.6000
vt 6.0000 2.0001 -4.6000
vt 8.0000 -4.6000 6.3001
vt 8.0000 -1.3500 6.3000
vt 6.0000 -1.3500 6.3000
vt 6.0000 -4.6000 6.3001
vt -7.0000 6.3000 -4.8500
vt -7.0000 2.0000 -4.8500
vt -5.0000 2.0000 -4.8500
vt -5.0000 6.3000 -4.8500
vt -5.0000 -8.1000 2.0000
vt -5.0000 -4.8500 2.0000
vt 8.0000 2.0000 -8.1000
vt 8.0000 6.3000 -8.1000
vt 6.0000 6.3000 -8.1000
vt 6.0000 2.0000 -8.1000
vt 8.0000 -8.1000 6.3000
vt 8.0000 -4.8500 6.3000
vt 6.0000 -4.8500 6.3000
vt 6.0000 -8.1000 6.3000
vt -7.0000 6.3000 -8.3500
vt -7.0000 2.0000 -8.3500
vt -5.0000 2.0000 -8.3500
vt -5.0000 6.3000 -8.3500
vt -7.0000 -11.6000 2.0001
vt -5.0000 -11.6000 2.0001
vt -5.0000 -8.3500 2.0000
vt 8.0000 2.0001 -11.6000
vt 8.0000 6.3001 -11.6000
vt 6.0000 6.3001 -11.6000
vt 6.0000 2.0001 -11.6000
vt 8.0000 -11.6000 6.3001
vt 8.0000 -8.3500 6.3000
vt 6.0000 -8.3500 6.3000
vt 6.0000 -11.6000 6.3001
vt -17.0000 5.9000 8.0000
vt -16.9999 5.6500 8.0000
vt -17.0000 2.4000 8.0000
vt -17.0000 2.1500 8.0000
vt -17.0000 -1.1000 8.0000
vt -17.0000 -1.3500 8.0000
vt -16.9999 -4.6000 8.0000
vt -17.0000 -4.8500 8.0000
vt -17.0000 -8.1000 8.0000
vt -17.0000 -8.3500 8.0000
vt 8.0000 -17.0000 5.9000
vt 8.0000 -12.7000 5.9000
vt 2.9997 -12.7001 5.9000
vt 2.9997 -17.0000 5.9000
vt -7.0000 -12.6999 5.6500
vt -7.0000 -16.9999 5.6500
vt -5.0000 -16.9999 5.6500
vt -5.0000 -12.6999 5.6500
vt -7.0000 5.6500 -16.9999
vt -5.0000 5.6500 -16.9999
vt 8.0000 -17.0000 2.4000
vt 8.0000 -12.7000 2.4000
vt 6.0000 -12.7000 2.4000
vt 6.0000 -17.0000 2.4000
vt 8.0000 2.4000 -12.7000
vt 8.0000 5.6500 -12.6999
vt 6.0000 5.6500 -12.6999
vt 6.0000 2.4000 -12.7000
vt -7.0000 -12.7000 2.1500
vt -7.0000 -17.0000 2.1500
vt -5.0000 -17.0000 2.1499
vt -5.0000 -12.7000 2.1499
vt -5.0000 2.1499 -17.0000
vt 8.0000 -17.0000 -1.1000
vt 8.0000 -12.7000 -1.1000
vt 6.0000 -12.7000 -1.1000
vt 6.0000 -17.0000 -1.1000
vt 8.0000 -1.1000 -12.7000
vt 8.0000 2.1500 -12.7000
vt 6.0000 2.1499 -12.7000
vt 6.0000 -1.1000 -12.7000
vt -7.0000 -12.7000 -1.3500
vt -7.0000 -17.0000 -1.3500
vt -5.0000 -17.0000 -1.3500
vt -5.0000 -12.7000 -1.3500
vt -7.0000 -4.6000 -16.9999
vt -5.0000 -4.6000 -16.9999
vt 8.0000 -16.9999 -4.6000
vt 8.0000 -12.6999 -4.6000
vt 6.0000 -12.6999 -4.6000
vt 6.0000 -16.9999 -4.6000
vt 8.0000 -4.6000 -12.6999
vt 8.0000 -1.3500 -12.7000
vt 6.0000 -1.3500 -12.7000
vt 6.0000 -4.6000 -12.6999
vt -7.0000 -12.7000 -4.8500
vt -7.0000 -17.0000 -4.8500
vt -5.0000 -17.0000 -4.8500
vt -5.0000 -12.7000 -4.8500
vt 8.0000 -17.0000 -8.1000
vt 8.0000 -12.7000 -8.1000
vt 6.0000 -12.7000 -8.1000
vt 6.0000 -17.0000 -8.1000
vt 8.0000 -8.1000 -12.7000
vt 8.0000 -4.8500 -12.7000
vt 6.0000 -4.8500 -12.7000
vt 6.0000 -8.1000 -12.7000
vt -7.0000 -12.7000 -8.3500
vt -7.0000 -17.0000 -8.3500
vt -5.0000 -17.0000 -8.3500
vt -5.0000 -12.7000 -8.3500
vt -7.0000 -11.6000 -16.9999
vt -5.0000 -11.6000 -16.9999
vt 8.0000 -16.9999 -11.6000
vt 8.0000 -12.6999 -11.6000
vt 6.0000 -12.7000 -11.6000
vt 6.0000 -16.9999 -11.6000
vt 8.0000 -11.6000 -12.6999
vt 8.0000 -8.3500 -12.7000
vt 6.0000 -8.3500 -12.7000
vt 6.0000 -11.6000 -12.7000
vt 8.0000 5.6500 -26.9999
vt 8.0000 5.9000 -27.0000
vt 7.7000 5.9000 -27.0000
vt 7.7000 5.6500 -26.9999
vt 8.0000 2.4000 -27.0000
vt 7.7000 2.4000 -26.9999
vt 8.0000 2.1500 -27.0000
vt 7.7000 2.1500 -26.9999
vt 8.0000 -1.1000 -27.0000
vt 7.7000 -1.1000 -26.9999
vt 8.0000 -1.3500 -27.0000
vt 7.7000 -1.3500 -26.9999
vt 8.0000 -4.6000 -26.9999
vt 7.7000 -4.6000 -26.9999
vt 8.0000 -4.8500 -27.0000
vt 7.7000 -4.8500 -26.9999
vt 8.0000 -8.1000 -27.0000
vt 7.7000 -8.1000 -26.9999
vt 8.0000 -8.3500 -27.0000
vt 7.7000 -8.3500 -26.9999
vt 8.0000 -11.6000 -27.0000
vt 7.7000 -11.6000 -26.9999
vt 2.9997 5.9000 -27.0000
vt 2.9997 5.6500 -27.0000
vt 8.0000 -3.0000 5.9000
vt 8.0000 -1.7500 5.9000
vt 8.0000 0.7500 5.9000
vt 2.9997 -3.0000 5.9000
vt 8.0000 -7.6000 5.9000
vt 8.0000 -6.4500 5.9000
vt 2.9998 -7.6000 5.9000
vt 8.0000 -22.0000 5.9000
vt 8.0000 -20.7500 5.9000
vt 8.0000 -18.2500 5.9000
vt 2.9997 -22.0000 5.9000
vt 8.0000 -27.0000 5.9000
vt 8.0000 -25.7500 5.9000
vt 2.9997 -27.0000 5.9000
vt 3.0000 9.6000 26.0000
vt -2.0000 9.6000 25.9999
vt -2.0000 9.1500 25.9999
vt 3.0000 9.1500 26.0000
vt 6.0003 9.6000 26.0000
vt 4.5001 9.6000 26.0000
vt 4.5001 9.1500 26.0000
vt 6.0003 9.1500 26.0000
vt 8.0000 9.6000 26.0000
vt 7.7003 9.6000 26.0000
vt 7.7003 9.1500 26.0000
vt 8.0000 9.1500 26.0000
vt -4.9063 9.6000 25.9997
vt -4.9063 9.1500 25.9997
vt 8.0000 5.9000 25.9999
vt 7.7000 5.9000 25.9999
vt -1.9998 5.9000 25.9999
vt 3.0003 5.9000 25.9999
vt 8.0000 6.6000 5.9000
vt 4.6667 6.5999 5.9000
vt 3.8333 6.5999 5.9000
vt 3.0000 6.5999 5.9000
vt 8.0000 -12.4000 5.9000
vt 4.6667 -12.4001 5.9000
vt 3.8333 -12.4001 5.9000
vt 3.0000 -12.4001 5.9000
vt -7.0000 5.6500 21.0001
vt -4.9363 5.6500 20.9999
vt -4.9363 5.9000 20.9998
vt -4.9363 2.4000 20.9998
vt -4.9363 2.1500 20.9998
vt -4.9363 -1.1000 20.9998
vt -4.9363 -1.3500 20.9998
vt -7.0000 -4.6000 21.0001
vt -4.9363 -4.6000 20.9999
vt -4.9363 -4.8500 20.9998
vt -4.9363 -8.1000 20.9998
vt -4.9363 -8.3500 20.9998
vt -7.0000 -11.6000 21.0001
vt -4.9363 -11.6000 20.9999
vt -2.8333 5.9000 6.5999
vt -3.6667 5.9000 6.5999
vt -2.8333 5.6500 6.6000
vt 11.3999 5.9000 3.0000
vt 10.9999 5.9000 3.0000
vt 3.0000 5.9000 11.3999
vt 2.9998 5.9000 -7.6000
vt -12.0001 5.9000 3.0000
vt -12.4001 5.9000 3.0000
vt -7.0000 5.6500 -12.3999
vt -3.6667 5.6500 -12.4000
vt -3.6667 5.9000 -12.4001
vt -7.0000 5.9000 -12.4000
vt -2.5674 13.2400 9.1500
vt -2.5674 13.7000 9.1500
vt -4.9060 13.6999 9.1500
vt -4.9060 13.2399 9.1500
vt -2.5673 -1.0000 9.1500
vt -2.5673 -0.5000 9.1500
vt -4.9059 -0.5001 9.1500
vt -4.9059 -1.0001 9.1500
vt -2.5673 3.8400 9.1500
vt -2.5673 4.3000 9.1500
vt -4.9059 4.2999 9.1500
vt -4.9059 3.8399 9.1500
vt -2.5673 -5.7600 9.1500
vt -2.5673 -5.3000 9.1500
vt -4.9059 -5.3001 9.1500
vt -4.9059 -5.7601 9.1500
vt -2.5673 -20.0000 9.1500
vt -2.5673 -19.5000 9.1500
vt -4.9059 -19.5001 9.1500
vt -4.9059 -20.0001 9.1500
vt -2.5674 -25.0000 9.1500
vt -2.5674 -24.5000 9.1500
vt -4.9059 -24.5001 9.1500
vt -4.9059 -25.0001 9.1500
vt -2.5674 -15.1600 9.1500
vt -2.5674 -14.7000 9.1500
vt -4.9059 -14.7001 9.1500
vt -4.9059 -15.1601 9.1500
vt -1.9998 -22.0000 9.1500
vt -2.0000 -27.0000 9.1500
vt 3.0000 -27.0000 9.1500
vt 3.0000 -22.0000 9.1500
vt 5.7293 -22.0000 9.1500
vt 23.0000 5.9000 -5.0003
vt 23.0000 9.1500 -5.0001
vt 22.6000 9.1500 -5.0001
vt 22.6000 5.9000 -5.0003
vt -4.7293 9.1500 -22.0000
vt -5.0001 9.1500 -22.0000
vt -5.0003 5.9000 -22.0000
vt -4.7294 5.9000 -22.0000
vt -5.0000 9.1500 -13.0000
vt -5.0001 5.9000 -13.0000
vt -4.7001 5.9000 -13.0000
vt -4.7000 9.1500 -13.0000
vt -4.7003 -17.0000 5.9000
vt -4.7001 -13.0000 5.9000
vt -4.7003 -21.6000 5.9000
vt 6.0003 5.9000 -21.6000
vt 6.0001 9.1500 -21.6000
vt 5.7001 9.1500 -21.6000
vt 5.7003 5.9000 -21.6000
vt 5.7000 -13.0000 9.1500
vt 5.7002 -17.0000 9.1500
vt 3.5674 11.0000 9.6000
vt 5.9059 10.9999 9.6000
vt 5.9059 11.3999 9.6000
vt 3.5674 11.4000 9.6000
vt 3.5674 9.1500 11.0000
vt 5.9059 9.1500 10.9999
vt 5.9059 9.6000 10.9999
vt 3.5674 9.6000 11.0000
vt -2.5674 11.4000 9.1500
vt -4.9060 11.3999 9.1500
vt -4.9059 10.9999 9.1500
vt -2.5674 11.0000 9.1500
vt 3.5674 6.6000 9.6000
vt 5.9059 6.5999 9.6000
vt 5.9059 6.9999 9.6000
vt 3.5674 7.0000 9.6000
vt -2.5674 7.0000 9.1500
vt -4.9059 6.9999 9.1500
vt -4.9059 6.5999 9.1500
vt -2.5674 6.6000 9.1500
vt -2.5674 9.6000 7.0000
vt -4.9059 9.6000 6.9999
vt -4.9059 9.1500 6.9999
vt -2.5674 9.1500 7.0000
vt -7.6000 5.9000 2.9998
vt -8.0001 5.9000 3.0000
vt 3.5674 -8.0000 9.6000
vt 5.9059 -8.0001 9.6000
vt 5.9059 -7.6001 9.6000
vt 3.5674 -7.6000 9.6000
vt 3.5674 9.1500 -8.0000
vt 5.9059 9.1500 -8.0001
vt 5.9059 9.6000 -8.0001
vt 3.5674 9.6000 -8.0000
vt -2.5673 -7.6000 9.1500
vt -4.9058 -7.6001 9.1500
vt -4.9059 -8.0001 9.1500
vt -2.5674 -8.0000 9.1500
vt 3.5674 -12.4000 9.6000
vt 5.9059 -12.4001 9.6000
vt 5.9059 -12.0001 9.6000
vt 3.5674 -12.0000 9.6000
vt -2.5674 -12.0000 9.1500
vt -4.9059 -12.0001 9.1500
vt -4.9059 -12.4001 9.1500
vt -2.5674 -12.4000 9.1500
vt -2.5674 9.6000 -12.0000
vt -4.9059 9.6000 -12.0001
vt -4.9059 9.1500 -12.0001
vt -2.5674 9.1500 -12.0000
vt -2.0000 11.0000 12.1500
vt -2.0000 7.0000 12.1500
vt -1.7000 7.0000 12.1500
vt -1.7000 11.0000 12.1500
vt -2.0000 12.1500 7.0000
vt -2.0000 9.6000 7.0000
vt -1.7000 9.6000 7.0000
vt -1.7000 12.1500 7.0000
vt -2.0000 9.1500 7.0000
vt -1.7000 9.1500 7.0000
vt -2.0000 7.0000 9.1500
vt -1.9999 6.6000 9.1500
vt -1.6999 6.6001 9.1500
vt -1.7000 7.0000 9.1500
vt -1.9998 2.0000 9.1500
vt -1.6998 2.0000 9.1500
vt -1.9998 -3.0000 9.1500
vt -1.6998 -3.0000 9.1500
vt -1.9999 -7.6000 9.1500
vt -1.6999 -7.6001 9.1500
vt -2.0000 -8.0000 9.1500
vt -1.7000 -8.0001 9.1500
vt 3.0000 9.1500 -8.0000
vt 3.0000 9.6000 -8.0000
vt 2.7000 9.6000 -8.0000
vt 2.7000 9.1500 -8.0001
vt 3.0000 12.1500 -8.0000
vt 2.7000 12.1500 -8.0000
vt -2.0000 -8.0000 12.1500
vt -2.0000 -12.0000 12.1500
vt -1.7000 -12.0000 12.1500
vt -1.7000 -8.0000 12.1500
vt -2.0000 12.1500 -12.0000
vt -2.0000 9.6000 -12.0000
vt -1.7000 9.6000 -12.0000
vt -1.7000 12.1500 -12.0000
vt -2.0000 9.1500 -12.0000
vt -1.7000 9.1500 -12.0000
vt -2.0000 -12.0000 9.1500
vt -2.0000 -12.4000 9.1500
vt -1.7000 -12.3999 9.1500
vt -1.7000 -12.0000 9.1500
vt -1.9999 -17.0000 9.1500
vt -1.6999 -17.0000 9.1500
vt -1.6998 -21.7000 9.1500
vt 3.0000 -21.7000 9.1500
vt 5.7293 -21.7000 9.1500
vt -22.0000 9.1500 -4.7293
vt -22.0000 5.9000 -4.7294
vt -21.7000 5.9000 -4.7294
vt -21.7000 9.1500 -4.7293
vt -4.7294 -22.0000 5.9000
vt 2.6997 -21.7000 5.9000
vt -4.7294 -21.7000 5.9000
vt 2.6997 -17.0000 5.9000
vt 2.6997 -12.6999 5.9000
vt 2.7000 -12.4000 5.9000
vt 3.0000 -12.0001 5.9000
vt 2.7000 -12.0001 5.9000
vt -2.0000 5.9000 -12.0001
vt -2.0000 5.6500 -12.0000
vt -1.7000 5.6500 -12.0000
vt -1.7000 5.9000 -12.0001
vt -2.0000 2.4000 -12.0001
vt -1.7000 2.4000 -12.0001
vt -2.0000 2.1500 -12.0001
vt -1.7000 2.1500 -12.0001
vt -2.0000 -1.1000 -12.0000
vt -1.7000 -1.1000 -12.0000
vt -2.0000 -1.3500 -12.0001
vt -1.7000 -1.3500 -12.0001
vt -2.0000 -4.6000 -12.0000
vt -1.7000 -4.6000 -12.0000
vt -2.0000 -4.8500 -12.0001
vt -1.7000 -4.8500 -12.0001
vt -2.0000 -8.1000 -12.0000
vt -1.7000 -8.1000 -12.0000
vt -2.0000 -8.3500 -12.0000
vt -1.7000 -8.3500 -12.0000
vt -2.0000 -11.6000 -12.0000
vt -1.7000 -11.6000 -12.0000
vt 3.0000 -12.0000 -11.6000
vt 3.0000 -8.0000 -11.6000
vt 2.7000 -8.0000 -11.6000
vt 2.7000 -12.0000 -11.6000
vt 3.0000 -11.6000 -8.0000
vt 3.0000 -8.3500 -8.0000
vt 2.7000 -8.3500 -8.0000
vt 2.7000 -11.6000 -8.0000
vt 3.0000 -8.1000 -8.0000
vt 2.7000 -8.1000 -8.0000
vt 3.0000 -4.8500 -8.0001
vt 2.7000 -4.8500 -8.0001
vt 3.0000 -4.6000 -8.0000
vt 2.7000 -4.6000 -8.0000
vt 3.0000 -1.3500 -8.0001
vt 2.7000 -1.3500 -8.0001
vt 3.0000 -1.1000 -8.0000
vt 2.7000 -1.1000 -8.0000
vt 3.0000 2.1500 -8.0001
vt 2.7000 2.1500 -8.0001
vt 3.0000 2.4000 -8.0001
vt 2.7000 2.4000 -8.0001
vt 3.0000 5.6500 -8.0000
vt 2.7000 5.6500 -8.0000
vt 3.0000 5.9000 -8.0001
vt 2.7000 5.9000 -8.0001
vt 3.0000 -8.0001 5.9000
vt 2.6998 -7.6001 5.9000
vt 2.7000 -8.0001 5.9000
vt 2.6997 -3.0000 5.9000
vt 2.6997 2.0000 5.9000
vt 2.6997 6.3001 5.9000
vt 2.7000 6.6001 5.9000
vt 3.0000 7.0000 5.9000
vt 2.7000 6.9999 5.9000
vt -2.0000 5.9000 7.0000
vt -2.0000 5.6500 7.0000
vt -1.7000 5.6500 7.0000
vt -1.7000 5.9000 6.9999
vt -2.0000 2.4000 6.9999
vt -1.7000 2.4000 6.9999
vt -2.0000 2.1500 7.0000
vt -1.7000 2.1500 7.0000
vt -2.0000 -1.1000 7.0000
vt -1.7000 -1.1000 7.0000
vt -2.0000 -1.3500 7.0000
vt -1.7000 -1.3500 7.0000
vt -2.0000 -4.6000 7.0000
vt -1.7000 -4.6000 7.0000
vt -2.0000 -4.8500 6.9999
vt -1.7000 -4.8500 6.9999
vt -2.0000 -8.1000 7.0000
vt -1.7000 -8.1000 7.0000
vt -2.0000 -8.3500 7.0000
vt -1.7000 -8.3500 7.0000
vt -2.0000 -11.6000 7.0000
vt -1.7000 -11.6000 7.0000
vt 3.0000 7.0000 -11.6000
vt 3.0000 11.0000 -11.6000
vt 2.7000 11.0000 -11.6000
vt 2.7000 7.0000 -11.6000
vt 3.0000 -11.6000 11.0000
vt 3.0000 -8.3500 11.0000
vt 2.7000 -8.3500 11.0000
vt 2.7000 -11.6000 11.0000
vt 3.0000 -8.1000 11.0000
vt 2.7000 -8.1000 11.0000
vt 3.0000 -4.8500 10.9999
vt 2.7000 -4.8500 10.9999
vt 3.0000 -4.6000 11.0000
vt 2.7000 -4.6000 11.0000
vt 3.0000 -1.3500 11.0000
vt 2.7000 -1.3500 11.0000
vt 3.0000 -1.1000 11.0000
vt 2.7000 -1.1000 11.0000
vt 3.0000 2.1500 11.0000
vt 2.7000 2.1500 11.0000
vt 3.0000 2.4000 10.9999
vt 2.7000 2.4000 10.9999
vt 3.0000 5.6500 11.0000
vt 2.7000 5.6500 11.0000
vt 3.0000 5.9000 10.9999
vt 2.7000 5.9000 10.9999
vt 3.0000 10.9999 5.9000
vt 2.7000 11.3999 5.9000
vt 2.7000 10.9999 5.9000
vt 2.7000 15.9999 5.9000
vt 2.7000 20.9999 5.9000
vt -2.0000 25.5999 9.1500
vt -2.0000 21.0000 9.1500
vt -1.7000 21.0000 9.1500
vt -1.7000 25.6000 9.1500
vt -2.0000 16.0000 9.1500
vt -1.7000 16.0000 9.1500
vt -2.0000 11.4000 9.1500
vt -1.7000 11.4000 9.1500
vt -2.0000 11.0000 9.1500
vt -1.7000 11.0000 9.1500
vt 3.0000 9.1500 11.0000
vt 3.0000 9.6000 11.0000
vt 2.7000 9.6000 11.0000
vt 2.7000 9.1500 11.0000
vt 3.0000 12.1500 11.0000
vt 2.7000 12.1500 11.0000
vt 21.0001 5.6500 8.0000
vt 21.0000 5.9000 8.0000
vt 11.4000 5.9000 8.0000
vt 11.4001 5.6500 8.0000
vt 21.0000 2.4000 8.0000
vt 11.4000 2.4000 8.0000
vt 21.0000 2.1500 8.0000
vt 11.4000 2.1500 8.0000
vt 21.0000 -1.1000 8.0000
vt 11.4000 -1.1000 8.0000
vt 21.0000 -1.3500 8.0000
vt 11.4000 -1.3500 8.0000
vt 21.0001 -4.6000 8.0000
vt 11.4001 -4.6000 8.0000
vt 21.0000 -4.8500 8.0000
vt 11.4000 -4.8500 8.0000
vt 21.0000 -8.1000 8.0000
vt 11.4000 -8.1000 8.0000
vt 21.0000 -8.3500 8.0000
vt 11.4000 -8.3500 8.0000
vt 16.0001 -11.6000 8.0000
vt 17.2501 -11.6000 8.0000
vt 19.7501 -11.6000 8.0000
vt 21.0001 -11.6000 8.0000
vt 11.4001 -11.6000 8.0000
vt 12.5501 -11.6000 8.0000
vt -7.0000 5.6500 17.2501
vt -7.0000 2.4000 17.2500
vt -6.7000 2.4000 17.2500
vt -6.7000 5.6500 17.2501
vt 8.0000 2.4000 19.7500
vt 8.0000 5.6500 19.7501
vt 7.7000 5.6500 19.7501
vt 7.7000 2.4000 19.7500
vt -7.0000 19.7501 5.6500
vt -7.0000 17.2501 5.6500
vt -6.7000 17.2501 5.6500
vt -6.7000 19.7501 5.6500
vt 8.0000 2.4000 16.0000
vt 8.0000 5.6500 16.0001
vt 7.7000 5.6500 16.0001
vt 7.7000 2.4000 16.0000
vt -7.0000 16.0001 5.6500
vt -7.0000 12.5501 5.6500
vt -6.7000 12.5501 5.6500
vt -6.7000 16.0001 5.6500
vt -7.0000 5.6500 12.5501
vt -7.0000 2.4000 12.5500
vt -6.7000 2.4000 12.5500
vt -6.7000 5.6500 12.5501
vt -7.0000 2.1500 17.2500
vt -7.0000 -1.1000 17.2500
vt -6.7000 -1.1000 17.2500
vt -6.7000 2.1500 17.2500
vt 8.0000 -1.1000 19.7500
vt 8.0000 2.1500 19.7500
vt 7.7000 2.1500 19.7500
vt 7.7000 -1.1000 19.7500
vt -7.0000 19.7500 2.1500
vt -7.0000 17.2500 2.1500
vt -6.7000 17.2500 2.1500
vt -6.7000 19.7500 2.1500
vt 8.0000 -1.1000 16.0000
vt 8.0000 2.1500 16.0000
vt 7.7000 2.1500 16.0000
vt 7.7000 -1.1000 16.0000
vt -7.0000 16.0000 2.1500
vt -7.0000 12.5500 2.1500
vt -6.7000 12.5500 2.1500
vt -6.7000 16.0000 2.1500
vt -7.0000 2.1500 12.5500
vt -7.0000 -1.1000 12.5500
vt -6.7000 -1.1000 12.5500
vt -6.7000 2.1500 12.5500
vt -7.0000 -1.3500 17.2500
vt -7.0000 -4.6000 17.2501
vt -6.7000 -4.6000 17.2501
vt -6.7000 -1.3500 17.2500
vt 8.0000 -4.6000 19.7501
vt 8.0000 -1.3500 19.7500
vt 7.7000 -1.3500 19.7500
vt 7.7000 -4.6000 19.7501
vt -7.0000 19.7500 -1.3500
vt -7.0000 17.2500 -1.3500
vt -6.7000 17.2500 -1.3500
vt -6.7000 19.7500 -1.3500
vt 8.0000 -4.6000 16.0001
vt 8.0000 -1.3500 16.0000
vt 7.7000 -1.3500 16.0000
vt 7.7000 -4.6000 16.0001
vt -7.0000 16.0000 -1.3500
vt -7.0000 12.5500 -1.3500
vt -6.7000 12.5500 -1.3500
vt -6.7000 16.0000 -1.3500
vt -7.0000 -1.3500 12.5500
vt -7.0000 -4.6000 12.5501
vt -6.7000 -4.6000 12.5501
vt -6.7000 -1.3500 12.5500
vt -7.0000 -4.8500 17.2500
vt -7.0000 -8.1000 17.2500
vt -6.7000 -8.1000 17.2500
vt -6.7000 -4.8500 17.2500
vt 8.0000 -8.1000 19.7500
vt 8.0000 -4.8500 19.7500
vt 7.7000 -4.8500 19.7500
vt 7.7000 -8.1000 19.7500
vt -7.0000 19.7500 -4.8500
vt -7.0000 17.2500 -4.8500
vt -6.7000 17.2500 -4.8500
vt -6.7000 19.7500 -4.8500
vt 8.0000 -8.1000 16.0000
vt 8.0000 -4.8500 16.0000
vt 7.7000 -4.8500 16.0000
vt 7.7000 -8.1000 16.0000
vt -7.0000 16.0000 -4.8500
vt -7.0000 12.5500 -4.8500
vt -6.7000 12.5500 -4.8500
vt -6.7000 16.0000 -4.8500
vt -7.0000 -4.8500 12.5500
vt -7.0000 -8.1000 12.5500
vt -6.7000 -8.1000 12.5500
vt -6.7000 -4.8500 12.5500
vt -7.0000 -8.3500 17.2500
vt -7.0000 -11.6000 17.2501
vt -6.7000 -11.6000 17.2501
vt -6.7000 -8.3500 17.2500
vt 8.0000 17.2501 -11.6000
vt 8.0000 19.7501 -11.6000
vt 7.7000 19.7501 -11.6000
vt 7.7000 17.2501 -11.6000
vt 8.0000 -11.6000 19.7501
vt 8.0000 -8.3500 19.7500
vt 7.7000 -8.3500 19.7500
vt 7.7000 -11.6000 19.7501
vt -7.0000 19.7500 -8.3500
vt -7.0000 17.2500 -8.3500
vt -6.7000 17.2500 -8.3500
vt -6.7000 19.7500 -8.3500
vt 8.0000 -11.6000 16.0001
vt 8.0000 -8.3500 16.0000
vt 7.7000 -8.3500 16.0000
vt 7.7000 -11.6000 16.0001
vt -7.0000 16.0000 -8.3500
vt -7.0000 12.5500 -8.3500
vt -6.7000 12.5500 -8.3500
vt -6.7000 16.0000 -8.3500
vt -7.0000 -8.3500 12.5500
vt -7.0000 -11.6000 12.5501
vt -6.7000 -11.6000 12.5501
vt -6.7000 -8.3500 12.5500
vt 8.0000 12.5501 -11.6000
vt 8.0000 16.0001 -11.6000
vt 7.7000 16.0001 -11.6000
vt 7.7000 12.5501 -11.6000
vt -7.6000 5.9000 8.0000
vt -7.5999 5.6500 8.0000
vt -27.0000 5.9000 8.0000
vt -26.9999 5.6500 8.0000
vt -7.6000 2.4000 8.0000
vt -27.0000 2.4000 8.0000
vt -7.6000 2.1500 8.0000
vt -27.0000 2.1500 8.0000
vt -7.6000 -1.1000 8.0000
vt -27.0000 -1.1000 8.0000
vt -7.6000 -1.3500 8.0000
vt -27.0000 -1.3500 8.0000
vt -7.5999 -4.6000 8.0000
vt -26.9999 -4.6000 8.0000
vt -7.6000 -4.8500 8.0000
vt -27.0000 -4.8500 8.0000
vt -7.6000 -8.1000 8.0000
vt -27.0000 -8.1000 8.0000
vt -7.6000 -8.3500 8.0000
vt -27.0000 -8.3500 8.0000
vt -2.9999 -11.6000 8.0000
vt -1.7499 -11.6000 8.0000
vt 0.7501 -11.6000 8.0000
vt 2.0001 -11.6000 8.0000
vt -7.5999 -11.6000 8.0000
vt -6.4499 -11.6000 8.0000
vt -22.0000 -11.6000 8.0000
vt -20.7500 -11.6000 8.0000
vt -18.2499 -11.6000 8.0000
vt -16.9999 -11.6000 8.0000
vt -27.0000 -11.6000 8.0000
vt -25.7500 -11.6000 8.0000
vt -7.0000 5.6500 -1.7499
vt -7.0000 2.4000 -1.7500
vt -6.7000 2.4000 -1.7500
vt -6.7000 5.6500 -1.7499
vt 8.0000 2.4000 0.7500
vt 8.0000 5.6500 0.7501
vt 7.7000 5.6500 0.7501
vt 7.7000 2.4000 0.7500
vt -7.0000 0.7501 5.6500
vt -7.0000 -1.7499 5.6500
vt -6.7000 -1.7499 5.6500
vt -6.7000 0.7501 5.6500
vt 8.0000 2.4000 -3.0000
vt 8.0000 5.6500 -2.9999
vt 7.7000 5.6500 -2.9999
vt 7.7000 2.4000 -3.0000
vt -7.0000 -2.9999 5.6500
vt -7.0000 -6.4499 5.6500
vt -6.7000 -6.4499 5.6500
vt -6.7000 -2.9999 5.6500
vt -7.0000 5.6500 -6.4499
vt -7.0000 2.4000 -6.4500
vt -6.7000 2.4000 -6.4500
vt -6.7000 5.6500 -6.4499
vt -7.0000 5.6500 -20.7499
vt -7.0000 2.4000 -20.7500
vt -6.7000 2.4000 -20.7500
vt -6.7000 5.6500 -20.7499
vt 8.0000 2.4000 -18.2500
vt 8.0000 5.6500 -18.2499
vt 7.7000 5.6500 -18.2499
vt 7.7000 2.4000 -18.2500
vt -7.0000 -18.2499 5.6500
vt -7.0000 -20.7499 5.6500
vt -6.7000 -20.7499 5.6500
vt -6.7000 -18.2499 5.6500
vt 8.0000 2.4000 -22.0000
vt 8.0000 5.6500 -21.9999
vt 7.7000 5.6500 -21.9999
vt 7.7000 2.4000 -22.0000
vt -7.0000 -21.9999 5.6500
vt -7.0000 -25.7499 5.6500
vt -6.7000 -25.7499 5.6500
vt -6.7000 -21.9999 5.6500
vt -7.0000 5.6500 -25.7499
vt -7.0000 2.4000 -25.7500
vt -6.7000 2.4000 -25.7500
vt -6.7000 5.6500 -25.7499
vt -7.0000 2.1500 -1.7500
vt -7.0000 -1.1000 -1.7500
vt -6.7000 -1.1000 -1.7500
vt -6.7000 2.1500 -1.7500
vt 8.0000 -1.1000 0.7500
vt 8.0000 2.1500 0.7500
vt 7.7000 2.1500 0.7500
vt 7.7000 -1.1000 0.7500
vt -7.0000 0.7500 2.1500
vt -7.0000 -1.7500 2.1500
vt -6.7000 -1.7500 2.1500
vt -6.7000 0.7500 2.1500
vt 8.0000 -1.1000 -3.0000
vt 8.0000 2.1500 -3.0000
vt 7.7000 2.1500 -3.0000
vt 7.7000 -1.1000 -3.0000
vt -7.0000 -3.0000 2.1500
vt -7.0000 -6.4500 2.1500
vt -6.7000 -6.4500 2.1500
vt -6.7000 -3.0000 2.1500
vt -7.0000 2.1500 -6.4500
vt -7.0000 -1.1000 -6.4500
vt -6.7000 -1.1000 -6.4500
vt -6.7000 2.1500 -6.4500
vt -7.0000 2.1500 -20.7500
vt -7.0000 -1.1000 -20.7500
vt -6.7000 -1.1000 -20.7500
vt -6.7000 2.1500 -20.7500
vt 8.0000 -1.1000 -18.2500
vt 8.0000 2.1500 -18.2500
vt 7.7000 2.1500 -18.2500
vt 7.7000 -1.1000 -18.2500
vt -7.0000 -18.2500 2.1500
vt -7.0000 -20.7500 2.1500
vt -6.7000 -20.7500 2.1500
vt -6.7000 -18.2500 2.1500
vt 8.0000 -1.1000 -22.0000
vt 8.0000 2.1500 -22.0000
vt 7.7000 2.1500 -22.0000
vt 7.7000 -1.1000 -22.0000
vt -7.0000 -22.0000 2.1500
vt -7.0000 -25.7500 2.1500
vt -6.7000 -25.7500 2.1500
vt -6.7000 -22.0000 2.1500
vt -7.0000 2.1500 -25.7500
vt -7.0000 -1.1000 -25.7500
vt -6.7000 -1.1000 -25.7500
vt -6.7000 2.1500 -25.7500
vt -7.0000 -1.3500 -1.7500
vt -7.0000 -4.6000 -1.7499
vt -6.7000 -4.6000 -1.7499
vt -6.7000 -1.3500 -1.7500
vt 8.0000 -4.6000 0.7501
vt 8.0000 -1.3500 0.7500
vt 7.7000 -1.3500 0.7500
vt 7.7000 -4.6000 0.7501
vt -7.0000 0.7500 -1.3500
vt -7.0000 -1.7500 -1.3500
vt -6.7000 -1.7500 -1.3500
vt -6.7000 0.7500 -1.3500
vt 8.0000 -4.6000 -2.9999
vt 8.0000 -1.3500 -3.0000
vt 7.7000 -1.3500 -3.0000
vt 7.7000 -4.6000 -2.9999
vt -7.0000 -3.0000 -1.3500
vt -7.0000 -6.4500 -1.3500
vt -6.7000 -6.4500 -1.3500
vt -6.7000 -3.0000 -1.3500
vt -7.0000 -1.3500 -6.4500
vt -7.0000 -4.6000 -6.4499
vt -6.7000 -4.6000 -6.4499
vt -6.7000 -1.3500 -6.4500
vt -7.0000 -1.3500 -20.7500
vt -7.0000 -4.6000 -20.7499
vt -6.7000 -4.6000 -20.7499
vt -6.7000 -1.3500 -20.7500
vt 8.0000 -4.6000 -18.2499
vt 8.0000 -1.3500 -18.2500
vt 7.7000 -1.3500 -18.2500
vt 7.7000 -4.6000 -18.2499
vt -7.0000 -18.2500 -1.3500
vt -7.0000 -20.7500 -1.3500
vt -6.7000 -20.7500 -1.3500
vt -6.7000 -18.2500 -1.3500
vt 8.0000 -4.6000 -21.9999
vt 8.0000 -1.3500 -22.0000
vt 7.7000 -1.3500 -22.0000
vt 7.7000 -4.6000 -21.9999
vt -7.0000 -22.0000 -1.3500
vt -7.0000 -25.7500 -1.3500
vt -6.7000 -25.7500 -1.3500
vt -6.7000 -22.0000 -1.3500
vt -7.0000 -1.3500 -25.7500
vt -7.0000 -4.6000 -25.7499
vt -6.7000 -4.6000 -25.7499
vt -6.7000 -1.3500 -25.7500
vt -7.0000 -4.8500 -1.7500
vt -7.0000 -8.1000 -1.7500
vt -6.7000 -8.1000 -1.7500
vt -6.7000 -4.8500 -1.7500
vt 8.0000 -8.1000 0.7500
vt 8.0000 -4.8500 0.7500
vt 7.7000 -4.8500 0.7500
vt 7.7000 -8.1000 0.7500
vt -7.0000 0.7500 -4.8500
vt -7.0000 -1.7500 -4.8500
vt -6.7000 -1.7500 -4.8500
vt -6.7000 0.7500 -4.8500
vt 8.0000 -8.1000 -3.0000
vt 8.0000 -4.8500 -3.0000
vt 7.7000 -4.8500 -3.0000
vt 7.7000 -8.1000 -3.0000
vt -7.0000 -3.0000 -4.8500
vt -7.0000 -6.4500 -4.8500
vt -6.7000 -6.4500 -4.8500
vt -6.7000 -3.0000 -4.8500
vt -7.0000 -4.8500 -6.4500
vt -7.0000 -8.1000 -6.4500
vt -6.7000 -8.1000 -6.4500
vt -6.7000 -4.8500 -6.4500
vt -7.0000 -4.8500 -20.7500
vt -7.0000 -8.1000 -20.7500
vt -6.7000 -8.1000 -20.7500
vt -6.7000 -4.8500 -20.7500
vt 8.0000 -8.1000 -18.2500
vt 8.0000 -4.8500 -18.2500
vt 7.7000 -4.8500 -18.2500
vt 7.7000 -8.1000 -18.2500
vt -7.0000 -18.2500 -4.8500
vt -7.0000 -20.7500 -4.8500
vt -6.7000 -20.7500 -4.8500
vt -6.7000 -18.2500 -4.8500
vt 8.0000 -8.1000 -22.0000
vt 8.0000 -4.8500 -22.0000
vt 7.7000 -4.8500 -22.0000
vt 7.7000 -8.1000 -22.0000
vt -7.0000 -22.0000 -4.8500
vt -7.0000 -25.7500 -4.8500
vt -6.7000 -25.7500 -4.8500
vt -6.7000 -22.0000 -4.8500
vt -7.0000 -4.8500 -25.7500
vt -7.0000 -8.1000 -25.7500
vt -6.7000 -8.1000 -25.7500
vt -6.7000 -4.8500 -25.7500
vt -7.0000 -8.3500 -1.7500
vt -7.0000 -11.6000 -1.7499
vt -6.7000 -11.6000 -1.7499
vt -6.7000 -8.3500 -1.7500
vt 8.0000 -1.7499 -11.6000
vt 8.0000 0.7501 -11.6000
vt 7.7000 0.7501 -11.6000
vt 7.7000 -1.7499 -11.6000
vt 8.0000 -11.6000 0.7501
vt 8.0000 -8.3500 0.7500
vt 7.7000 -8.3500 0.7500
vt 7.7000 -11.6000 0.7501
vt -7.0000 0.7500 -8.3500
vt -7.0000 -1.7500 -8.3500
vt -6.7000 -1.7500 -8.3500
vt -6.7000 0.7500 -8.3500
vt 8.0000 -11.6000 -2.9999
vt 8.0000 -8.3500 -3.0000
vt 7.7000 -8.3500 -3.0000
vt 7.7000 -11.6000 -2.9999
vt -7.0000 -3.0000 -8.3500
vt -7.0000 -6.4500 -8.3500
vt -6.7000 -6.4500 -8.3500
vt -6.7000 -3.0000 -8.3500
vt -7.0000 -8.3500 -6.4500
vt -7.0000 -11.6000 -6.4499
vt -6.7000 -11.6000 -6.4499
vt -6.7000 -8.3500 -6.4500
vt 8.0000 -6.4499 -11.6000
vt 8.0000 -2.9999 -11.6000
vt 7.7000 -2.9999 -11.6000
vt 7.7000 -6.4499 -11.6000
vt -7.0000 -8.3500 -20.7500
vt -7.0000 -11.6000 -20.7500
vt -6.7000 -11.6000 -20.7500
vt -6.7000 -8.3500 -20.7500
vt 8.0000 -20.7500 -11.6000
vt 8.0000 -18.2499 -11.6000
vt 7.7000 -18.2499 -11.6000
vt 7.7000 -20.7500 -11.6000
vt 8.0000 -11.6000 -18.2499
vt 8.0000 -8.3500 -18.2500
vt 7.7000 -8.3500 -18.2500
vt 7.7000 -11.6000 -18.2499
vt -7.0000 -18.2500 -8.3500
vt -7.0000 -20.7500 -8.3500
vt -6.7000 -20.7500 -8.3500
vt -6.7000 -18.2500 -8.3500
vt 8.0000 -11.6000 -22.0000
vt 8.0000 -8.3500 -22.0000
vt 7.7000 -8.3500 -22.0000
vt 7.7000 -11.6000 -22.0000
vt -7.0000 -22.0000 -8.3500
vt -7.0000 -25.7500 -8.3500
vt -6.7000 -25.7500 -8.3500
vt -6.7000 -22.0000 -8.3500
vt -7.0000 -8.3500 -25.7500
vt -7.0000 -11.6000 -25.7500
vt -6.7000 -11.6000 -25.7500
vt -6.7000 -8.3500 -25.7500
vt 8.0000 -25.7500 -11.6000
vt 8.0000 -22.0000 -11.6000
vt 7.7000 -22.0000 -11.6000
vt 7.7000 -25.7500 -11.6000
vt -1.9997 5.6500 26.0000
vt 3.0003 5.6500 26.0000
vt 3.0003 2.4000 26.0000
vt 3.0003 2.1500 26.0000
vt 3.0003 -1.1000 26.0000
vt 3.0003 -1.3500 26.0000
vt 3.0003 -4.6000 26.0000
vt 3.0003 -4.8500 26.0000
vt 3.0003 -8.1000 26.0000
vt 3.0003 -8.3500 26.0000
vt -1.9997 -11.6000 26.0000
vt 3.0003 -11.6000 26.0000
vt -4.9062 5.8999 25.9997
vt -7.0000 5.9000 26.0000
vt -7.0000 5.6500 26.0001
vt -4.9062 5.6500 25.9997
vt -7.0000 2.4000 26.0000
vt -7.0000 2.1500 26.0000
vt -7.0000 -1.1000 26.0000
vt -7.0000 -1.3500 26.0000
vt -7.0000 -4.6000 26.0001
vt -7.0000 -4.8500 26.0000
vt -7.0000 -8.1000 26.0000
vt -7.0000 -8.3500 26.0000
vt -7.0000 -11.6000 26.0001
vt -4.9062 -11.6000 25.9997
vt 5.9063 2.4000 25.5997
vt 5.9361 2.4000 25.5997
vt 5.9363 5.6500 25.5997
vt 5.9063 5.6500 25.5997
vt 5.9063 -1.1000 25.5997
vt 5.9361 -1.1000 25.5997
vt 5.9360 2.1499 25.5997
vt 5.9063 2.1499 25.5997
vt 5.9063 -4.6000 25.5997
vt 5.9360 -4.6000 25.5997
vt 5.9360 -1.3500 25.5997
vt 5.9063 -1.3500 25.5997
vt 5.9063 -8.1000 25.5997
vt 5.9361 -8.1000 25.5997
vt 5.9360 -4.8500 25.5997
vt 5.9063 -4.8500 25.5997
vt 5.9063 -11.6000 25.5997
vt 5.9360 -11.6000 25.5997
vt 5.9360 -8.3500 25.5997
vt 5.9063 -8.3500 25.5997
vt -7.0000 9.6000 26.0000
vt -7.0000 9.1500 26.0000
vt 5.9363 5.8999 25.5997
vt 5.9063 5.8999 25.5997
vt 5.9362 9.1500 25.5997
vt 5.9062 9.1500 25.5997
vt -2.0000 25.9999 9.1500
vt -4.9063 25.9997 9.1500
vt -2.5677 25.5999 9.1500
vt -24.9997 9.1500 5.9063
vt -24.9997 5.8999 5.9062
vt -24.5997 5.8999 5.9063
vt -24.5997 9.1500 5.9062
vt -24.9997 5.6500 5.9062
vt -24.5997 5.6500 5.9063
vt -24.9997 2.4000 5.9062
vt -24.5997 2.4000 5.9063
vt 5.9062 25.9997 2.4000
vt 2.9998 25.9999 2.4000
vt 3.0000 25.5998 2.4000
vt 5.9063 25.5997 2.4000
vt 25.9999 2.4000 2.9998
vt 26.0000 5.6500 2.9997
vt 25.5999 5.6500 3.0000
vt 25.5998 2.4000 3.0000
vt 25.9999 5.9000 2.9998
vt 25.5999 5.9000 3.0000
vt 25.9999 9.1500 3.0000
vt 25.5999 9.1500 3.0000
vt -1.9997 25.9999 2.1500
vt -4.9062 25.9997 2.1499
vt -4.9063 25.5997 2.1499
vt -2.0000 25.5999 2.1499
vt -24.9997 2.1499 5.9062
vt -24.9997 -1.1000 5.9062
vt -24.5997 -1.1000 5.9063
vt -24.5997 2.1499 5.9063
vt 5.9062 25.9997 -1.1000
vt 2.9998 25.9999 -1.1000
vt 3.0000 25.5999 -1.1000
vt 5.9063 25.5997 -1.1000
vt 25.9999 -1.1000 2.9998
vt 25.9999 2.1500 2.9997
vt 25.5999 2.1499 3.0000
vt 25.5999 -1.1000 3.0000
vt -1.9997 25.9999 -1.3500
vt -4.9062 25.9997 -1.3500
vt -4.9063 25.5997 -1.3500
vt -2.0000 25.5999 -1.3500
vt -24.9997 -1.3500 5.9062
vt -24.9997 -4.6000 5.9062
vt -24.5997 -4.6000 5.9063
vt -24.5997 -1.3500 5.9063
vt 5.9062 25.9997 -4.6000
vt 2.9997 26.0000 -4.6001
vt 3.0000 25.5999 -4.6000
vt 5.9063 25.5997 -4.6000
vt 26.0000 -4.6001 2.9997
vt 25.9999 -1.3500 2.9997
vt 25.5999 -1.3500 3.0000
vt 25.5999 -4.6000 3.0000
vt -1.9998 25.9999 -4.8501
vt -4.9062 25.9997 -4.8500
vt -4.9063 25.5997 -4.8500
vt -2.0000 25.5999 -4.8500
vt -24.9997 -4.8500 5.9062
vt -24.9997 -8.1000 5.9062
vt -24.5997 -8.1000 5.9063
vt -24.5997 -4.8500 5.9063
vt 5.9062 25.9997 -8.1000
vt 2.9997 25.9999 -8.1000
vt 3.0000 25.5999 -8.1000
vt 5.9063 25.5997 -8.1000
vt 25.9999 -8.1000 2.9997
vt 25.9999 -4.8501 2.9998
vt 25.5999 -4.8500 3.0000
vt 25.5999 -8.1000 3.0000
vt -1.9997 25.9999 -8.3500
vt -4.9062 25.9997 -8.3500
vt -4.9063 25.5997 -8.3500
vt -2.0000 25.5999 -8.3500
vt -24.9997 -8.3500 5.9062
vt -24.9997 -11.6000 5.9062
vt -24.5997 -11.6000 5.9063
vt -24.5997 -8.3500 5.9063
vt 5.9062 25.9997 -11.6000
vt 2.9997 26.0000 -11.6000
vt 3.0000 25.6000 -11.6000
vt 5.9063 25.5997 -11.6000
vt 26.0000 -11.6000 2.9997
vt 25.9999 -8.3500 2.9997
vt 25.5999 -8.3500 3.0000
vt 25.6000 -11.6000 3.0000
vt 6.0003 5.6500 26.0000
vt 6.0003 5.9000 25.9999
vt 6.0003 2.4000 26.0000
vt 6.0003 2.1500 26.0000
vt 6.0003 -1.1000 26.0000
vt 6.0003 -1.3500 26.0000
vt 6.0003 -4.6000 26.0000
vt 6.0003 -4.8500 26.0000
vt 6.0003 -8.1000 26.0000
vt 6.0003 -8.3500 26.0000
vt 6.0003 -11.6000 26.0000
vt 4.5003 5.6500 26.0000
vt 4.5003 5.9000 25.9999
vt 4.5003 2.1500 26.0000
vt 4.5003 2.4000 26.0000
vt 4.5003 -1.3500 26.0000
vt 4.5003 -1.1000 26.0000
vt 4.5003 -4.8500 26.0000
vt 4.5003 -4.6000 26.0000
vt 4.5003 -8.3500 26.0000
vt 4.5003 -8.1000 26.0000
vt 4.5003 -11.6000 26.0000
vt 4.5003 26.0000 5.6500
vt 3.0003 26.0000 5.6500
vt 3.0003 25.7000 5.6500
vt 4.5003 25.7000 5.6500
vt -25.0000 5.6500 -2.0003
vt -25.0000 2.4000 -2.0003
vt -24.7000 2.4000 -2.0003
vt -24.7000 5.6500 -2.0003
vt 26.0000 2.4000 -3.5003
vt 26.0000 5.6500 -3.5003
vt 25.7000 5.6500 -3.5003
vt 25.7000 2.4000 -3.5003
vt 4.5003 26.0000 2.1500
vt 3.0003 26.0000 2.1500
vt 3.0003 25.7000 2.1500
vt 4.5003 25.7000 2.1500
vt -25.0000 2.1500 -2.0003
vt -25.0000 -1.1000 -2.0003
vt -24.7000 -1.1000 -2.0003
vt -24.7000 2.1500 -2.0003
vt 26.0000 -1.1000 -3.5003
vt 26.0000 2.1500 -3.5003
vt 25.7000 2.1500 -3.5003
vt 25.7000 -1.1000 -3.5003
vt 4.5003 26.0000 -1.3500
vt 3.0003 26.0000 -1.3500
vt 3.0003 25.7000 -1.3500
vt 4.5003 25.7000 -1.3500
vt -25.0000 -1.3500 -2.0003
vt -25.0000 -4.6000 -2.0003
vt -24.7000 -4.6000 -2.0003
vt -24.7000 -1.3500 -2.0003
vt 26.0000 -4.6000 -3.5003
vt 26.0000 -1.3500 -3.5003
vt 25.7000 -1.3500 -3.5003
vt 25.7000 -4.6000 -3.5003
vt 4.5003 26.0000 -4.8500
vt 3.0003 26.0000 -4.8500
vt 3.0003 25.7000 -4.8500
vt 4.5003 25.7000 -4.8500
vt -25.0000 -4.8500 -2.0003
vt -25.0000 -8.1000 -2.0003
vt -24.7000 -8.1000 -2.0003
vt -24.7000 -4.8500 -2.0003
vt 26.0000 -8.1000 -3.5003
vt 26.0000 -4.8500 -3.5003
vt 25.7000 -4.8500 -3.5003
vt 25.7000 -8.1000 -3.5003
vt 4.5003 26.0000 -8.3500
vt 3.0003 26.0000 -8.3500
vt 3.0003 25.7000 -8.3500
vt 4.5003 25.7000 -8.3500
vt -25.0000 -8.3500 -2.0003
vt -25.0000 -11.6000 -2.0003
vt -24.7000 -11.6000 -2.0003
vt -24.7000 -8.3500 -2.0003
vt -2.0003 26.0000 -11.6000
vt -3.5003 26.0000 -11.6000
vt -3.5003 25.7000 -11.6000
vt -2.0003 25.7000 -11.6000
vt 26.0000 -11.6000 -3.5003
vt 26.0000 -8.3500 -3.5003
vt 25.7000 -8.3500 -3.5003
vt 25.7000 -11.6000 -3.5003
vt 4.5001 26.0000 9.1500
vt 3.0000 26.0000 9.1500
vt 3.0000 25.7000 9.1500
vt 4.5001 25.7000 9.1500
vt -25.0000 9.1500 -2.0000
vt -24.9999 5.9000 -2.0003
vt -24.6999 5.9000 -2.0003
vt -24.7000 9.1500 -2.0000
vt 25.9999 5.9000 -3.5003
vt 26.0000 9.1500 -3.5001
vt 25.7000 9.1500 -3.5001
vt 25.6999 5.9000 -3.5003
vt -2.8333 5.6500 -12.4000
vt -2.8333 5.9000 -12.4001
vt -2.8333 2.1500 6.6000
vt -2.8334 2.4000 6.5999
vt -2.8333 -1.3500 6.6000
vt -2.8333 -1.1000 6.6000
vt -2.8333 -4.8500 6.5999
vt -2.8333 -4.6000 6.6000
vt -2.8333 -8.3500 6.6000
vt -2.8333 -8.1000 6.6000
vt -7.0000 2.4000 -12.4000
vt -2.0000 2.4000 -12.4001
vt -2.0000 5.6500 -12.4000
vt -7.0000 2.1500 -12.4000
vt -2.0000 2.1500 -12.4000
vt -7.0000 -1.1000 -12.4000
vt -2.0000 -1.1000 -12.4000
vt -7.0000 -1.3500 -12.4000
vt -2.0000 -1.3500 -12.4000
vt -7.0000 -4.6000 -12.3999
vt -2.0000 -4.6000 -12.4000
vt -7.0000 -4.8500 -12.4000
vt -2.0000 -4.8500 -12.4001
vt -7.0000 -8.1000 -12.4000
vt -2.0000 -8.1000 -12.4000
vt -7.0000 -8.3500 -12.4000
vt -2.0000 -8.3500 -12.4000
vt -7.0000 -11.6000 -12.3999
vt -3.6666 -11.6000 -12.4000
vt -2.8333 -11.6000 -12.4000
vt -2.0000 -11.6000 -12.4000
vt -2.0000 5.6500 6.6000
vt -2.0000 5.9000 6.5999
vt -2.0000 2.4000 6.5999
vt -2.0000 -1.1000 6.6000
vt -2.0000 2.1500 6.6000
vt -2.0000 -4.6000 6.6000
vt -2.0000 -1.3500 6.6000
vt -2.0000 -8.1000 6.6000
vt -2.0000 -4.8500 6.5999
vt -2.8333 -11.6000 6.6000
vt -2.0000 -11.6000 6.6000
vt -2.0000 -8.3500 6.6000
vt -2.0000 5.9000 -12.4001
vt -2.8333 -12.4000 5.6500
vt -3.6667 -12.4000 5.6500
vt -3.6667 -12.7000 5.6500
vt -2.8333 -12.7000 5.6500
vt 13.4000 5.6500 4.6667
vt 13.4001 2.4000 4.6667
vt 13.7001 2.4000 4.6667
vt 13.7000 5.6500 4.6667
vt -12.4001 2.4000 3.8333
vt -12.4000 5.6500 3.8333
vt -12.7000 5.6500 3.8333
vt -12.7001 2.4000 3.8333
vt -2.8333 -12.4000 2.1500
vt -3.6667 -12.4000 2.1500
vt -3.6667 -12.7000 2.1500
vt -2.8333 -12.7000 2.1500
vt 13.4000 2.1500 4.6667
vt 13.4000 -1.1000 4.6667
vt 13.7000 -1.1000 4.6667
vt 13.7000 2.1500 4.6667
vt -12.4000 -1.1000 3.8333
vt -12.4000 2.1500 3.8333
vt -12.7000 2.1500 3.8333
vt -12.7000 -1.1000 3.8333
vt -2.8333 -12.4000 -1.3500
vt -3.6667 -12.4000 -1.3500
vt -3.6667 -12.7000 -1.3500
vt -2.8333 -12.7000 -1.3500
vt 13.4000 -1.3500 4.6667
vt 13.4000 -4.6000 4.6667
vt 13.7000 -4.6000 4.6667
vt 13.7000 -1.3500 4.6667
vt -12.4000 -4.6000 3.8333
vt -12.4000 -1.3500 3.8333
vt -12.7000 -1.3500 3.8333
vt -12.7000 -4.6000 3.8333
vt -2.8333 -12.4001 -4.8500
vt -3.6667 -12.4001 -4.8500
vt -3.6667 -12.7001 -4.8500
vt -2.8333 -12.7001 -4.8500
vt 13.4001 -4.8500 4.6667
vt 13.4000 -8.1000 4.6667
vt 13.7000 -8.1000 4.6667
vt 13.7001 -4.8500 4.6667
vt -12.4000 -8.1000 3.8333
vt -12.4001 -4.8500 3.8333
vt -12.7001 -4.8500 3.8333
vt -12.7000 -8.1000 3.8333
vt -2.8333 -12.4000 -8.3500
vt -3.6667 -12.4000 -8.3500
vt -3.6667 -12.7000 -8.3500
vt -2.8333 -12.7000 -8.3500
vt 13.4000 -8.3500 4.6667
vt 13.4000 -11.6000 4.6666
vt 13.7000 -11.6000 4.6666
vt 13.7000 -8.3500 4.6667
vt 4.6666 -12.4000 -11.6000
vt 3.8333 -12.4000 -11.6000
vt 3.8333 -12.7000 -11.6000
vt 4.6666 -12.7000 -11.6000
vt -12.4000 -11.6000 3.8333
vt -12.4000 -8.3500 3.8333
vt -12.7000 -8.3500 3.8333
vt -12.7000 -11.6000 3.8333
vt -2.8333 6.6000 5.6500
vt -3.6667 6.6000 5.6500
vt -3.6667 6.3000 5.6500
vt -2.8333 6.3000 5.6500
vt -5.6000 5.6500 4.6667
vt -5.6000 2.4000 4.6667
vt -5.3000 2.4000 4.6667
vt -5.3000 5.6500 4.6667
vt 6.5999 2.4000 3.8334
vt 6.6000 5.6500 3.8333
vt 6.3000 5.6500 3.8333
vt 6.2999 2.4000 3.8334
vt -2.8333 6.6000 2.1500
vt -3.6667 6.6000 2.1500
vt -3.6667 6.3000 2.1500
vt -2.8333 6.3000 2.1500
vt -5.6000 2.1500 4.6667
vt -5.6000 -1.1000 4.6667
vt -5.3000 -1.1000 4.6667
vt -5.3000 2.1500 4.6667
vt 6.6000 -1.1000 3.8333
vt 6.6000 2.1500 3.8333
vt 6.3000 2.1500 3.8333
vt 6.3000 -1.1000 3.8334
vt -2.8333 6.6000 -1.3500
vt -3.6667 6.6000 -1.3500
vt -3.6667 6.3000 -1.3500
vt -2.8333 6.3000 -1.3500
vt -5.6000 -1.3500 4.6667
vt -5.6000 -4.6000 4.6667
vt -5.3000 -4.6000 4.6667
vt -5.3000 -1.3500 4.6667
vt 6.6000 -4.6000 3.8333
vt 6.6000 -1.3500 3.8333
vt 6.3000 -1.3500 3.8333
vt 6.3000 -4.6000 3.8333
vt -2.8333 6.5999 -4.8500
vt -3.6667 6.6000 -4.8500
vt -3.6667 6.3000 -4.8500
vt -2.8333 6.2999 -4.8500
vt -5.6000 -4.8500 4.6667
vt -5.6000 -8.1000 4.6667
vt -5.3000 -8.1000 4.6667
vt -5.3000 -4.8500 4.6667
vt 6.6000 -8.1000 3.8333
vt 6.5999 -4.8500 3.8333
vt 6.2999 -4.8500 3.8333
vt 6.3000 -8.1000 3.8333
vt -2.8333 6.6000 -8.3500
vt -3.6667 6.6000 -8.3500
vt -3.6667 6.3000 -8.3500
vt -2.8333 6.3000 -8.3500
vt -5.6000 -8.3500 4.6667
vt -5.6000 -11.6000 4.6666
vt -5.3000 -11.6000 4.6667
vt -5.3000 -8.3500 4.6667
vt 4.6666 6.6000 -11.6000
vt 3.8333 6.6000 -11.6000
vt 3.8333 6.3000 -11.6000
vt 4.6667 6.3000 -11.6000
vt 6.6000 -11.6000 3.8333
vt 6.6000 -8.3500 3.8333
vt 6.3000 -8.3500 3.8333
vt 6.3000 -11.6000 3.8333
vt 7.0000 5.9000 3.0000
vt 6.5999 5.9000 3.0000
vt 2.9997 2.4000 -27.0000
vt 2.9997 2.1500 -27.0000
vt 2.9997 -1.1000 -27.0000
vt 2.9997 -1.3500 -27.0000
vt 2.9997 -4.6000 -27.0000
vt 2.9997 -4.8500 -27.0000
vt 2.9997 -8.1000 -26.9999
vt 2.9997 -8.3500 -26.9999
vt 2.9997 -11.6000 -27.0000
vt -3.6667 -8.1000 -27.0000
vt -3.6667 -8.3500 -27.0000
vt -7.0000 5.9000 -27.0000
vt -3.6667 -11.6000 -27.0000
vt -2.2611 -11.6000 -27.0000
vt -0.7611 -27.0000 -11.6000
vt -0.7611 -26.7000 -11.6000
vt -2.2611 -26.7000 -11.6000
vt -2.2611 -27.0000 -11.6000
vt 28.0000 -11.6000 -0.7611
vt 28.0000 -8.3500 -0.7611
vt 27.7000 -8.3500 -0.7611
vt 27.7000 -11.6000 -0.7611
vt 1.7611 -27.0000 -8.3500
vt 3.2611 -27.0000 -8.3500
vt 3.2611 -26.7000 -8.3500
vt 1.7611 -26.7000 -8.3500
vt -27.0000 -8.3500 -2.2611
vt -27.0000 -11.6000 -2.2611
vt -26.7000 -11.6000 -2.2611
vt -26.7000 -8.3500 -2.2611
vt 28.0000 -4.6000 -0.7611
vt 28.0000 -1.3500 -0.7611
vt 27.7000 -1.3500 -0.7611
vt 27.7000 -4.6000 -0.7611
vt 1.7611 -27.0000 -1.3500
vt 3.2611 -27.0000 -1.3500
vt 3.2611 -26.7000 -1.3500
vt 1.7611 -26.7000 -1.3500
vt -27.0000 -1.3500 -2.2611
vt -27.0000 -4.6000 -2.2611
vt -26.7000 -4.6000 -2.2611
vt -26.7000 -1.3500 -2.2611
vt 28.0000 2.4000 -0.7611
vt 28.0000 5.6500 -0.7611
vt 27.7000 5.6500 -0.7611
vt 27.7000 2.4000 -0.7611
vt 1.7611 -27.0000 5.6500
vt 3.2611 -27.0000 5.6500
vt 3.2611 -26.7000 5.6500
vt 1.7611 -26.7000 5.6500
vt -27.0000 5.6500 -2.2611
vt -27.0000 2.4000 -2.2611
vt -26.7000 2.4000 -2.2611
vt -26.7000 5.6500 -2.2611
vt 1.7611 -27.0000 2.1500
vt 3.2611 -27.0000 2.1500
vt 3.2611 -26.7000 2.1500
vt 1.7611 -26.7000 2.1500
vt -27.0000 2.1500 -2.2611
vt -27.0000 -1.1000 -2.2611
vt -26.7000 -1.1000 -2.2611
vt -26.7000 2.1500 -2.2611
vt 28.0000 -1.1000 -0.7611
vt 28.0000 2.1500 -0.7611
vt 27.7000 2.1500 -0.7611
vt 27.7000 -1.1000 -0.7611
vt 1.7611 -27.0000 -4.8500
vt 3.2611 -27.0000 -4.8500
vt 3.2611 -26.7000 -4.8500
vt 1.7611 -26.7000 -4.8500
vt -27.0000 -4.8500 -2.2611
vt -27.0000 -8.1000 -2.2611
vt -26.7000 -8.1000 -2.2611
vt -26.7000 -4.8500 -2.2611
vt 28.0000 -8.1000 -0.7611
vt 28.0000 -4.8500 -0.7611
vt 27.7000 -4.8500 -0.7611
vt 27.7000 -8.1000 -0.7611
vt 4.6667 -27.0000 -4.8500
vt 6.1667 -27.0000 -4.8500
vt 6.1667 -26.7000 -4.8500
vt 4.6667 -26.7000 -4.8500
vt -27.0000 -4.8500 -5.1667
vt -27.0000 -8.1000 -5.1667
vt -26.7000 -8.1000 -5.1667
vt -26.7000 -4.8500 -5.1667
vt 28.0000 -8.1000 -3.6667
vt 28.0000 -4.8500 -3.6667
vt 27.7000 -4.8500 -3.6667
vt 27.7000 -8.1000 -3.6667
vt 4.6667 -27.0000 -1.3500
vt 6.1667 -27.0000 -1.3500
vt 6.1667 -26.7000 -1.3500
vt 4.6667 -26.7000 -1.3500
vt -27.0000 -1.3500 -5.1667
vt -27.0000 -4.6000 -5.1667
vt -26.7000 -4.6000 -5.1667
vt -26.7000 -1.3500 -5.1667
vt 28.0000 -4.6000 -3.6667
vt 28.0000 -1.3500 -3.6667
vt 27.7000 -1.3500 -3.6667
vt 27.7000 -4.6000 -3.6667
vt 4.6667 -27.0000 2.1500
vt 6.1667 -27.0000 2.1500
vt 6.1667 -26.7000 2.1500
vt 4.6667 -26.7000 2.1500
vt -27.0000 2.1500 -5.1667
vt -27.0000 -1.1000 -5.1667
vt -26.7000 -1.1000 -5.1667
vt -26.7000 2.1500 -5.1667
vt 28.0000 -1.1000 -3.6667
vt 28.0000 2.1500 -3.6667
vt 27.7000 2.1500 -3.6667
vt 27.7000 -1.1000 -3.6667
vt 4.6667 -27.0000 5.6500
vt 6.1667 -27.0000 5.6500
vt 6.1667 -26.7000 5.6500
vt 4.6667 -26.7000 5.6500
vt -27.0000 5.6500 -5.1667
vt -27.0000 2.4000 -5.1667
vt -26.7000 2.4000 -5.1667
vt -26.7000 5.6500 -5.1667
vt 28.0000 2.4000 -3.6667
vt 28.0000 5.6500 -3.6667
vt 27.7000 5.6500 -3.6667
vt 27.7000 2.4000 -3.6667
vt 28.0000 -11.6000 -3.6667
vt 28.0000 -8.3500 -3.6667
vt 27.7000 -8.3500 -3.6667
vt 27.7000 -11.6000 -3.6667
vt 4.6667 -27.0000 -8.3500
vt 6.1667 -27.0000 -8.3500
vt 6.1667 -26.7000 -8.3500
vt 4.6667 -26.7000 -8.3500
vt -27.0000 -8.3500 -5.1667
vt -27.0000 -11.6000 -5.1667
vt -26.7000 -11.6000 -5.1667
vt -26.7000 -8.3500 -5.1667
vt -5.1667 -27.0000 -11.6000
vt -3.6667 -27.0000 -11.6000
vt -3.6667 -26.7000 -11.6000
vt -5.1667 -26.7000 -11.6000
vt 28.0000 -11.6000 2.9997
vt 27.9999 -8.3500 2.9997
vt 27.6999 -8.3500 2.9997
vt 27.7000 -11.6000 2.9997
vt -1.9997 -26.9999 -8.3500
vt -0.3331 -27.0000 -8.3500
vt -0.3331 -26.7000 -8.3500
vt -1.9997 -26.6999 -8.3500
vt -27.0000 -8.3500 1.3331
vt -27.0000 -11.6000 1.3331
vt -26.7000 -11.6000 1.3331
vt -26.7000 -8.3500 1.3331
vt 1.3331 -27.0000 -11.6000
vt 2.9997 -27.0000 -11.6000
vt 2.9997 -26.7000 -11.6000
vt 1.3331 -26.7000 -11.6000
vt 28.0000 -4.6000 2.9997
vt 28.0000 -1.3500 2.9997
vt 27.7000 -1.3500 2.9997
vt 27.7000 -4.6000 2.9997
vt -1.9997 -27.0000 -1.3500
vt -0.3331 -27.0000 -1.3500
vt -0.3331 -26.7000 -1.3500
vt -1.9997 -26.7000 -1.3500
vt -27.0000 -1.3500 1.3331
vt -27.0000 -4.6000 1.3331
vt -26.7000 -4.6000 1.3331
vt -26.7000 -1.3500 1.3331
vt 28.0000 2.4000 2.9997
vt 28.0000 5.6500 2.9997
vt 27.7000 5.6500 2.9997
vt 27.7000 2.4000 2.9997
vt -1.9997 -27.0000 5.6500
vt -0.3331 -27.0000 5.6500
vt -0.3331 -26.7000 5.6500
vt -1.9997 -26.7000 5.6500
vt -27.0000 5.6500 1.3331
vt -27.0000 2.4000 1.3331
vt -26.7000 2.4000 1.3331
vt -26.7000 5.6500 1.3331
vt 28.0000 -1.1000 2.9997
vt 28.0000 2.1500 2.9997
vt 27.7000 2.1500 2.9997
vt 27.7000 -1.1000 2.9997
vt -1.9997 -27.0000 2.1500
vt -0.3331 -27.0000 2.1500
vt -0.3331 -26.7000 2.1500
vt -1.9997 -26.7000 2.1500
vt -27.0000 2.1500 1.3331
vt -27.0000 -1.1000 1.3331
vt -26.7000 -1.1000 1.3331
vt -26.7000 2.1500 1.3331
vt 27.9999 -8.1000 2.9997
vt 28.0000 -4.8500 2.9997
vt 27.7000 -4.8500 2.9997
vt 27.6999 -8.1000 2.9997
vt -1.9997 -27.0000 -4.8500
vt -0.3331 -27.0000 -4.8500
vt -0.3331 -26.7000 -4.8500
vt -1.9997 -26.7000 -4.8500
vt -27.0000 -4.8500 1.3331
vt -27.0000 -8.1000 1.3331
vt -26.7000 -8.1000 1.3331
vt -26.7000 -4.8500 1.3331
vt -4.9067 5.6500 20.9999
vt -2.0000 5.6500 21.0000
vt -2.0000 5.9000 20.9999
vt -4.9067 5.9000 20.9998
vt -4.9067 2.4000 20.9998
vt -2.0000 2.4000 20.9999
vt -4.9067 -1.1000 20.9998
vt -2.0000 -1.1000 20.9999
vt -2.0000 2.1500 20.9999
vt -4.9067 2.1500 20.9998
vt -4.9067 -4.6000 20.9999
vt -2.0000 -4.6000 20.9999
vt -2.0000 -1.3500 20.9999
vt -4.9067 -1.3500 20.9998
vt -4.9067 -8.1000 20.9998
vt -2.0000 -8.1000 20.9999
vt -2.0000 -4.8500 20.9999
vt -4.9067 -4.8500 20.9998
vt -4.9067 -11.6000 20.9999
vt -2.0000 -11.6000 21.0000
vt -2.0000 -8.3500 21.0000
vt -4.9067 -8.3500 20.9998
vt 3.0000 21.0000 -11.6000
vt 5.9067 20.9999 -11.6000
vt 3.0000 2.4000 25.5998
vt 3.0000 5.6500 25.5999
vt 2.7000 5.6500 25.6000
vt 2.7000 2.4000 25.5999
vt 3.0000 -1.1000 25.5999
vt 3.0000 2.1499 25.5999
vt 2.7000 2.1499 25.5999
vt 2.7000 -1.1000 25.5999
vt 3.0000 -4.6000 25.5999
vt 3.0000 -1.3500 25.5999
vt 2.7000 -1.3500 25.5999
vt 2.7000 -4.6000 25.5999
vt 3.0000 -8.1000 25.5999
vt 3.0000 -4.8500 25.5999
vt 2.7000 -4.8500 25.5999
vt 2.7000 -8.1000 25.5999
vt 3.0000 -11.6000 25.6000
vt 3.0000 -8.3500 25.5999
vt 2.7000 -8.3500 25.5999
vt 2.7000 -11.6000 25.6000
vt -1.6999 5.6500 21.0000
vt -1.7000 5.9000 20.9999
vt -1.7000 2.4000 20.9999
vt -1.7000 -1.1000 20.9999
vt -1.6999 2.1500 21.0000
vt -1.7000 -4.6000 20.9999
vt -1.7000 -1.3500 21.0000
vt -1.7000 -8.1000 20.9999
vt -1.7000 -4.8500 21.0000
vt -1.6999 -11.6000 21.0000
vt -1.6999 -8.3500 21.0000
vt 2.7000 25.6000 -11.6000
vt 2.6999 21.0000 -11.6000
vt 3.0000 20.9999 2.4000
vt 5.9067 20.9998 2.4000
vt 2.7000 25.5999 2.4000
vt 2.7000 20.9999 2.4000
vt -1.7000 25.5999 2.1499
vt -2.0000 20.9999 2.1500
vt -1.6999 21.0000 2.1500
vt -4.9067 20.9998 2.1500
vt 3.0000 20.9999 -1.1000
vt 5.9067 20.9998 -1.1000
vt 2.7000 25.5999 -1.1000
vt 2.7000 20.9999 -1.1000
vt -1.7000 25.5999 -1.3500
vt -2.0000 20.9999 -1.3500
vt -1.7000 21.0000 -1.3500
vt -4.9067 20.9998 -1.3500
vt 3.0000 20.9999 -4.6000
vt 5.9067 20.9999 -4.6000
vt 2.7000 25.5999 -4.6000
vt 2.7000 20.9999 -4.6000
vt -1.7000 25.5999 -4.8500
vt -2.0000 20.9999 -4.8500
vt -1.7000 21.0000 -4.8500
vt -4.9067 20.9998 -4.8500
vt 3.0000 20.9999 -8.1000
vt 5.9067 20.9998 -8.1000
vt 2.7000 25.5999 -8.1000
vt 2.7000 20.9999 -8.1000
vt -1.7000 25.5999 -8.3500
vt -2.0000 21.0000 -8.3500
vt -1.6999 21.0000 -8.3500
vt -4.9067 20.9998 -8.3500
vt 6.0000 -11.8000 7.0000
vt 8.0000 -11.8000 7.0000
vt 6.0000 -11.8000 -12.0000
vt 8.0000 -11.8000 -12.0000
vt -25.0000 -11.8000 -7.0000
vt -24.6000 -11.8000 -7.0000
vt -6.0000 -11.8000 -7.0000
vt -5.6000 -11.8000 -7.0000
vt 13.0000 -11.8000 -7.0000
vt 15.5000 -11.8000 -7.0000
vt -7.0000 -11.8000 11.0000
vt -5.0000 -11.8000 11.0000
vt -7.0000 -11.8000 -8.0000
vt -5.0000 -11.8000 -8.0000
vt -7.0000 -11.8000 -27.0000
vt -5.1667 -11.8000 -27.0000
vt -10.4000 -11.8000 -7.0000
vt -10.0000 -11.8000 -7.0000
vt 8.6000 -11.8000 -7.0000
vt 9.0000 -11.8000 -7.0000
vt -15.0000 -11.8000 -7.0000
vt -2.2611 -11.8000 -27.0000
vt -0.7611 -11.8000 -27.0000
vt 27.7000 -11.8000 -7.0000
vt 28.0000 -11.8000 -7.0000
vt 18.0000 -11.8000 -7.0000
vt 22.6000 -11.8000 -7.0000
vt 25.4500 -11.8000 -7.0000
vt 17.7000 -11.8000 -7.0000
vt 4.0000 -11.8000 -7.0000
vt -17.5000 -11.8000 -7.0000
vt 1.5000 -11.8000 -7.0000
vt -22.3000 -11.8000 -7.0000
vt -20.0000 -11.8000 -7.0000
vt -3.3000 -11.8000 -7.0000
vt -1.0000 -11.8000 -7.0000
vt 7.7000 -11.8000 26.0000
vt 8.0000 -11.8000 26.0000
vt -6.0000 -11.6000 -5.0000
vt -10.0000 -11.6000 -5.0000
vt -10.0000 -11.8000 -5.0000
vt -6.0000 -11.8000 -5.0000
vt 13.0000 -11.6000 -5.0000
vt 9.0000 -11.6000 -5.0000
vt 9.0000 -11.8000 -5.0000
vt 13.0000 -11.8000 -5.0000
vt 16.0001 -11.8000 8.0000
vt 17.2501 -11.8000 8.0000
vt 25.6001 -11.8000 8.0000
vt 26.0001 -11.8000 8.0000
vt -2.9999 -11.8000 8.0000
vt -1.7499 -11.8000 8.0000
vt -7.5999 -11.8000 8.0000
vt -6.4499 -11.8000 8.0000
vt -22.0000 -11.8000 8.0000
vt -20.7500 -11.8000 8.0000
vt 11.4001 -11.8000 8.0000
vt 12.5501 -11.8000 8.0000
vt 2.0001 -11.8000 8.0000
vt 6.3001 -11.8000 8.0000
vt -16.9999 -11.8000 8.0000
vt -12.6999 -11.8000 8.0000
vt 3.0000 -11.8000 -7.6000
vt 8.0000 -11.8000 -7.5999
vt 3.0000 -11.8000 11.4000
vt 8.0000 -11.8000 11.4001
vt 11.0000 -11.8000 3.0000
vt 11.4000 -11.8000 3.0000
vt 7.0000 -11.8000 3.0000
vt 6.6000 -11.8000 3.0000
vt -8.0000 -11.8000 3.0000
vt -7.6000 -11.8000 3.0000
vt -12.0000 -11.8000 3.0000
vt -7.0000 -11.8000 26.0001
vt -4.9062 -11.8000 25.9997
vt 6.6001 -11.8000 8.0000
vt -12.3999 -11.8000 8.0000
vt -27.0000 -11.8000 8.0000
vt -25.7500 -11.8000 8.0000
vt 7.7000 -11.8000 -26.9999
vt 8.0000 -11.8000 -27.0000
vt 19.7501 -11.8000 8.0000
vt 21.0001 -11.8000 8.0000
vt 0.7501 -11.8000 8.0000
vt -18.2499 -11.8000 8.0000
vt -1.9997 -11.8000 26.0000
vt 3.0003 -11.8000 26.0000
vt 8.0000 -11.6000 25.6001
vt 5.9363 -11.8000 25.5997
vt 8.0000 -11.8000 25.6001
vt 6.0003 -11.8000 26.0000
vt 4.5003 -11.8000 26.0000
vt -7.0000 -11.8000 6.6001
vt -3.6666 -11.8000 6.6000
vt -2.8333 -11.8000 6.6000
vt -2.0000 -11.8000 6.6000
vt 2.9997 -11.8000 -27.0000
vt 1.3331 -11.8000 -27.0000
vt -3.6667 -11.8000 -27.0000
vt 8.0000 2.4000 25.6000
vt 8.0000 5.6500 25.6001
vt 8.0000 -1.1000 25.6000
vt 8.0000 2.1500 25.6000
vt 8.0000 -4.6000 25.6001
vt 8.0000 -1.3500 25.6000
vt 8.0000 -8.1000 25.6000
vt 8.0000 -4.8500 25.6000
vt 8.0000 -8.3500 25.6000
vt 8.0000 5.9000 25.6000
vt 8.0000 9.1500 25.6000
vt -7.0000 -11.8000 21.0001
vt -4.9363 -11.8000 20.9999
vt 5.9363 20.9999 -11.6000
vt 5.9360 25.5997 -11.6000
vt -4.9360 25.5997 2.1499
vt -4.9363 20.9998 2.1500
vt 5.9363 20.9998 2.4000
vt 5.9361 25.5997 2.4000
vt -4.9360 25.5997 -1.3500
vt -4.9363 20.9998 -1.3500
vt 5.9363 20.9998 -1.1000
vt 5.9361 25.5997 -1.1000
vt -4.9360 25.5997 -4.8500
vt -4.9363 20.9998 -4.8500
vt 5.9363 20.9999 -4.6000
vt 5.9360 25.5997 -4.6000
vt -4.9360 25.5997 -8.3500
vt -4.9363 20.9998 -8.3500
vt 5.9363 20.9998 -8.1000
vt 5.9361 25.5997 -8.1000
vt 25.5997 -11.6000 5.9360
vt 20.9999 -11.6000 5.9363
vt 20.9999 -11.8500 5.9363
vt 25.5997 -11.8501 5.9358
vt 25.5997 2.4000 5.9361
vt 20.9998 2.4000 5.9363
vt 20.9998 2.1500 5.9363
vt 25.5997 2.1499 5.9360
vt 25.5997 -1.1000 5.9361
vt 20.9998 -1.1000 5.9363
vt 20.9998 -1.3500 5.9363
vt 25.5997 -1.3500 5.9360
vt 25.5997 -4.6000 5.9360
vt 20.9999 -4.6000 5.9363
vt 20.9998 -4.8500 5.9363
vt 25.5997 -4.8500 5.9360
vt 25.5997 -8.1000 5.9361
vt 20.9998 -8.1000 5.9363
vt 20.9998 -8.3500 5.9363
vt 25.5997 -8.3500 5.9360
vt 1.3331 -27.0000 5.9000
vt -5.0003 -22.0000 5.9000
vt -5.0003 -27.0000 5.9000
vt -3.6667 -27.0000 5.9000
vt -2.2611 -27.0000 5.9000
vt -0.7611 -27.0000 5.9000
vt -7.0000 -24.4500 5.9000
vt -7.0000 -26.7000 5.9000
vt -7.0000 -27.0000 5.9000
vt -5.1667 -27.0000 5.9000
vt 28.0000 5.9000 -7.0000
vt 27.7000 5.9000 -7.0000
vt 25.4500 5.9000 -7.0000
vt 22.6000 5.9000 -7.0000
vt 5.7001 -21.6000 9.1500
vt 5.9060 15.9999 9.6000
vt 8.0000 16.0000 9.6000
vt 8.0000 21.0000 9.6000
vt 5.9060 20.9999 9.6000
vt 5.9060 20.4999 9.6000
vt 5.9060 19.9999 9.6000
vt 5.9060 19.4999 9.6000
vt 5.9060 18.9999 9.6000
vt 5.9060 17.4999 9.6000
vt 5.9060 16.9999 9.6000
vt 5.9060 16.4999 9.6000
vt 3.5674 16.0000 9.6000
vt 3.5674 16.5000 9.6000
vt 3.5674 17.0000 9.6000
vt 3.5674 17.5000 9.6000
vt 3.5674 19.0000 9.6000
vt 3.5674 19.5000 9.6000
vt 3.5674 20.0000 9.6000
vt 3.5674 20.5000 9.6000
vt 5.9060 -3.0001 9.6000
vt 8.0000 -3.0000 9.6000
vt 8.0000 2.0000 9.6000
vt 5.9060 1.9999 9.6000
vt 5.9060 1.4999 9.6000
vt 5.9060 0.9999 9.6000
vt 5.9060 0.4999 9.6000
vt 5.9060 -0.0001 9.6000
vt 5.9060 -1.5001 9.6000
vt 5.9060 -2.0001 9.6000
vt 5.9060 -2.5001 9.6000
vt 3.5674 2.0000 9.6000
vt 3.5674 -3.0000 9.6000
vt 3.5674 -2.5000 9.6000
vt 3.5674 -2.0000 9.6000
vt 3.5674 -1.5000 9.6000
vt 3.5674 0.0000 9.6000
vt 3.5674 0.5000 9.6000
vt 3.5674 1.0000 9.6000
vt 3.5674 1.5000 9.6000
vt 8.0000 -7.6000 9.6000
vt 5.9060 -3.4601 9.6000
vt 5.9059 -3.9201 9.6000
vt 5.9059 -4.3801 9.6000
vt 5.9059 -4.8401 9.6000
vt 5.9059 -6.2201 9.6000
vt 5.9059 -6.6801 9.6000
vt 5.9059 -7.1401 9.6000
vt 3.5674 -7.1400 9.6000
vt 3.5674 -6.6800 9.6000
vt 3.5674 -6.2200 9.6000
vt 3.5674 -4.8400 9.6000
vt 3.5674 -4.3800 9.6000
vt 3.5674 -3.9200 9.6000
vt 3.5674 -3.4600 9.6000
vt 5.9059 -22.0001 9.6000
vt 8.0000 -22.0000 9.6000
vt 8.0000 -17.0000 9.6000
vt 5.9059 -17.0001 9.6000
vt 5.9059 -17.5001 9.6000
vt 5.9059 -18.0001 9.6000
vt 5.9059 -18.5001 9.6000
vt 5.9059 -19.0001 9.6000
vt 5.9059 -20.5001 9.6000
vt 5.9059 -21.0001 9.6000
vt 5.9059 -21.5001 9.6000
vt 3.5674 -17.0000 9.6000
vt 3.5674 -22.0000 9.6000
vt 3.5674 -21.5000 9.6000
vt 3.5674 -21.0000 9.6000
vt 3.5674 -20.5000 9.6000
vt 3.5674 -19.0000 9.6000
vt 3.5674 -18.5000 9.6000
vt 3.5674 -18.0000 9.6000
vt 3.5674 -17.5000 9.6000
vt 5.9059 -27.0001 9.6000
vt 8.0000 -27.0000 9.6000
vt 5.9059 -22.5001 9.6000
vt 5.9059 -23.0001 9.6000
vt 5.9059 -23.5001 9.6000
vt 5.9059 -24.0001 9.6000
vt 5.9059 -25.5001 9.6000
vt 5.9059 -26.0001 9.6000
vt 5.9059 -26.5001 9.6000
vt 3.5674 -27.0000 9.6000
vt 3.5674 -26.5000 9.6000
vt 3.5674 -26.0000 9.6000
vt 3.5674 -25.5000 9.6000
vt 3.5674 -24.0000 9.6000
vt 3.5674 -23.5000 9.6000
vt 3.5674 -23.0000 9.6000
vt 3.5674 -22.5000 9.6000
vt 8.0000 9.1500 -27.0000
vt 8.0000 9.6000 -27.0000
vt 8.0000 11.4000 9.6000
vt 5.9060 15.5399 9.6000
vt 5.9060 15.0799 9.6000
vt 5.9060 14.6199 9.6000
vt 5.9060 14.1599 9.6000
vt 5.9060 12.7799 9.6000
vt 5.9059 12.3199 9.6000
vt 5.9059 11.8599 9.6000
vt 3.5674 11.8600 9.6000
vt 3.5674 12.3200 9.6000
vt 3.5674 12.7800 9.6000
vt 3.5674 14.1600 9.6000
vt 3.5674 14.6200 9.6000
vt 3.5674 15.0800 9.6000
vt 3.5674 15.5400 9.6000
vt 8.0000 6.6000 9.6000
vt 5.9059 6.1399 9.6000
vt 5.9059 5.6799 9.6000
vt 5.9059 5.2199 9.6000
vt 5.9059 4.7599 9.6000
vt 5.9060 3.3799 9.6000
vt 5.9060 2.9199 9.6000
vt 5.9060 2.4599 9.6000
vt 3.5674 2.4600 9.6000
vt 3.5674 2.9200 9.6000
vt 3.5674 3.3800 9.6000
vt 3.5674 4.7600 9.6000
vt 3.5674 5.2200 9.6000
vt 3.5674 5.6800 9.6000
vt 3.5674 6.1400 9.6000
vt 8.0000 -12.4000 9.6000
vt 5.9059 -12.8601 9.6000
vt 5.9059 -13.3201 9.6000
vt 5.9059 -13.7801 9.6000
vt 5.9059 -14.2401 9.6000
vt 5.9059 -15.6201 9.6000
vt 5.9059 -16.0801 9.6000
vt 5.9059 -16.5401 9.6000
vt 3.5674 -16.5400 9.6000
vt 3.5674 -16.0800 9.6000
vt 3.5674 -15.6200 9.6000
vt 3.5674 -14.2400 9.6000
vt 3.5674 -13.7800 9.6000
vt 3.5674 -13.3200 9.6000
vt 3.5674 -12.8600 9.6000
vt -2.5674 16.0000 9.1500
vt -2.5674 21.0000 9.1500
vt -2.5674 20.5000 9.1500
vt -2.5674 20.0000 9.1500
vt -2.5674 19.5000 9.1500
vt -2.5674 19.0000 9.1500
vt -2.5674 17.5000 9.1500
vt -2.5674 17.0000 9.1500
vt -2.5674 16.5000 9.1500
vt -7.0000 16.0000 9.1500
vt -4.9060 15.9999 9.1500
vt -4.9060 16.4999 9.1500
vt -4.9060 16.9999 9.1500
vt -4.9060 17.4999 9.1500
vt -4.9060 18.9999 9.1500
vt -4.9060 19.4999 9.1500
vt -4.9060 19.9999 9.1500
vt -4.9060 20.4999 9.1500
vt -2.5674 15.5400 9.1500
vt -2.5674 15.0800 9.1500
vt -2.5674 14.6200 9.1500
vt -2.5674 14.1600 9.1500
vt -2.5674 12.7800 9.1500
vt -2.5674 12.3200 9.1500
vt -2.5674 11.8600 9.1500
vt -7.0000 11.4000 9.1500
vt -4.9060 11.8599 9.1500
vt -4.9060 12.3199 9.1500
vt -4.9060 12.7799 9.1500
vt -4.9060 14.1599 9.1500
vt -4.9060 14.6199 9.1500
vt -4.9060 15.0799 9.1500
vt -4.9060 15.5399 9.1500
vt -2.5673 -3.0000 9.1500
vt -2.5673 2.0000 9.1500
vt -2.5673 1.5000 9.1500
vt -2.5673 1.0000 9.1500
vt -2.5673 0.5000 9.1500
vt -2.5673 0.0000 9.1500
vt -2.5673 -1.5000 9.1500
vt -2.5673 -2.0000 9.1500
vt -2.5673 -2.5000 9.1500
vt -4.9059 1.9999 9.1500
vt -7.0000 2.0000 9.1500
vt -7.0000 -3.0000 9.1500
vt -4.9059 -3.0001 9.1500
vt -4.9059 -2.5001 9.1500
vt -4.9059 -2.0001 9.1500
vt -4.9059 -1.5001 9.1500
vt -4.9059 -0.0001 9.1500
vt -4.9059 0.4999 9.1500
vt -4.9059 0.9999 9.1500
vt -4.9059 1.4999 9.1500
vt -2.5674 6.1400 9.1500
vt -2.5673 5.6800 9.1500
vt -2.5673 5.2200 9.1500
vt -2.5673 4.7600 9.1500
vt -2.5673 3.3800 9.1500
vt -2.5673 2.9200 9.1500
vt -2.5673 2.4600 9.1500
vt -6.9999 6.6000 9.1500
vt -4.9059 2.4599 9.1500
vt -4.9059 2.9199 9.1500
vt -4.9059 3.3799 9.1500
vt -4.9059 4.7599 9.1500
vt -4.9059 5.2199 9.1500
vt -4.9059 5.6799 9.1500
vt -4.9059 6.1399 9.1500
vt -2.5673 -3.4600 9.1500
vt -2.5673 -3.9200 9.1500
vt -2.5673 -4.3800 9.1500
vt -2.5673 -4.8400 9.1500
vt -2.5673 -6.2200 9.1500
vt -2.5673 -6.6800 9.1500
vt -2.5673 -7.1400 9.1500
vt -6.9999 -7.5999 9.1500
vt -4.9058 -7.1401 9.1500
vt -4.9058 -6.6801 9.1500
vt -4.9058 -6.2201 9.1500
vt -4.9059 -4.8401 9.1500
vt -4.9059 -4.3801 9.1500
vt -4.9059 -3.9201 9.1500
vt -4.9059 -3.4601 9.1500
vt -2.5673 -22.0000 9.1500
vt -2.5673 -17.0000 9.1500
vt -2.5673 -17.5000 9.1500
vt -2.5673 -18.0000 9.1500
vt -2.5673 -18.5000 9.1500
vt -2.5673 -19.0000 9.1500
vt -2.5673 -20.5000 9.1500
vt -2.5673 -21.0000 9.1500
vt -2.5673 -21.5000 9.1500
vt -4.9059 -17.0001 9.1500
vt -7.0000 -17.0000 9.1500
vt -7.0000 -22.0000 9.1500
vt -4.9059 -22.0001 9.1500
vt -4.9059 -21.5001 9.1500
vt -4.9059 -21.0001 9.1500
vt -4.9059 -20.5001 9.1500
vt -4.9059 -19.0001 9.1500
vt -4.9059 -18.5001 9.1500
vt -4.9059 -18.0001 9.1500
vt -4.9059 -17.5001 9.1500
vt -2.5674 -27.0000 9.1500
vt -2.5673 -22.5000 9.1500
vt -2.5673 -23.0000 9.1500
vt -2.5673 -23.5000 9.1500
vt -2.5674 -24.0000 9.1500
vt -2.5674 -25.5000 9.1500
vt -2.5674 -26.0000 9.1500
vt -2.5674 -26.5000 9.1500
vt -7.0000 -27.0000 9.1500
vt -4.9059 -27.0001 9.1500
vt -4.9059 -26.5001 9.1500
vt -4.9059 -26.0001 9.1500
vt -4.9059 -25.5001 9.1500
vt -4.9059 -24.0001 9.1500
vt -4.9059 -23.5001 9.1500
vt -4.9059 -23.0001 9.1500
vt -4.9059 -22.5001 9.1500
vt -2.5674 -12.8600 9.1500
vt -2.5674 -13.3200 9.1500
vt -2.5674 -13.7800 9.1500
vt -2.5674 -14.2400 9.1500
vt -2.5673 -15.6200 9.1500
vt -2.5673 -16.0800 9.1500
vt -2.5673 -16.5400 9.1500
vt -7.0000 -12.4000 9.1500
vt -4.9059 -16.5401 9.1500
vt -4.9059 -16.0801 9.1500
vt -4.9059 -15.6201 9.1500
vt -4.9059 -14.2401 9.1500
vt -4.9059 -13.7801 9.1500
vt -4.9059 -13.3201 9.1500
vt -4.9059 -12.8601 9.1500
vt 8.0000 11.0000 9.6000
vt 3.0000 11.0000 9.6000
vt 8.0000 9.1500 11.0000
vt 8.0000 9.6000 11.0000
vt -7.0000 11.0000 9.1500
vt 8.0000 7.0000 9.6000
vt 3.0000 7.0000 9.6000
vt -7.0000 7.0000 9.1500
vt -7.0000 9.6000 7.0000
vt -7.0000 9.1500 7.0000
vt 8.0000 -8.0000 9.6000
vt 3.0000 -8.0000 9.6000
vt 8.0000 9.1500 -8.0000
vt 8.0000 9.6000 -8.0000
vt -7.0000 -8.0000 9.1500
vt 8.0000 -12.0000 9.6000
vt 3.0000 -12.0000 9.6000
vt -7.0000 -12.0000 9.1500
vt -7.0000 9.6000 -12.0000
vt -7.0000 9.1500 -12.0000
vt 5.9061 22.8399 9.6000
vt 5.9061 23.2999 9.6000
vt 5.9062 25.1399 9.6000
vt 5.9062 24.6799 9.6000
vt 5.9062 24.2199 9.6000
vt 5.9061 23.7599 9.6000
vt 5.9060 22.3799 9.6000
vt 5.9060 21.9199 9.6000
vt 5.9060 21.4599 9.6000
vt -2.5677 25.1399 9.1500
vt -2.5677 24.6799 9.1500
vt -2.5676 24.2199 9.1500
vt -2.5676 23.7599 9.1500
vt -2.5676 23.2999 9.1500
vt -2.5676 22.8399 9.1500
vt -2.5675 22.3799 9.1500
vt -2.5675 21.9200 9.1500
vt -2.5675 21.4600 9.1500
vt 21.0000 9.6000 3.5674
vt 20.5000 9.6000 3.5674
vt 20.5000 9.1500 3.5674
vt 21.0000 9.1500 3.5674
vt -2.5674 9.6000 20.5000
vt -4.9060 9.6000 20.4999
vt -4.9060 9.1500 20.4999
vt -2.5674 9.1500 20.5000
vt -19.4999 9.6000 5.9060
vt -19.9999 9.6000 5.9060
vt -19.9999 9.1500 5.9060
vt -19.4999 9.1500 5.9060
vt 5.9060 9.6000 20.9999
vt 3.5674 9.6000 21.0000
vt 3.5674 9.1500 21.0000
vt 5.9060 9.1500 20.9999
vt -18.4999 9.6000 5.9060
vt -18.9999 9.6000 5.9060
vt -18.9999 9.1500 5.9060
vt -18.4999 9.1500 5.9060
vt 5.9060 9.6000 19.9999
vt 3.5674 9.6000 20.0000
vt 3.5674 9.1500 20.0000
vt 5.9060 9.1500 19.9999
vt 20.0000 9.6000 3.5674
vt 19.5000 9.6000 3.5674
vt 19.5000 9.1500 3.5674
vt 20.0000 9.1500 3.5674
vt -2.5674 9.6000 19.5000
vt -4.9060 9.6000 19.4999
vt -4.9060 9.1500 19.4999
vt -2.5674 9.1500 19.5000
vt -17.4999 9.6000 5.9060
vt -17.9999 9.6000 5.9060
vt -17.9999 9.1500 5.9060
vt -17.4999 9.1500 5.9060
vt 5.9060 9.6000 18.9999
vt 3.5674 9.6000 19.0000
vt 3.5674 9.1500 19.0000
vt 5.9060 9.1500 18.9999
vt 19.0000 9.6000 3.5674
vt 18.5000 9.6000 3.5674
vt 18.5000 9.1500 3.5674
vt 19.0000 9.1500 3.5674
vt -2.5674 9.6000 18.5000
vt -4.9060 9.6000 18.4999
vt -4.9060 9.1500 18.4999
vt -2.5674 9.1500 18.5000
vt -15.4999 9.6000 5.9060
vt -15.9999 9.6000 5.9060
vt -15.9999 9.1500 5.9060
vt -15.4999 9.1500 5.9060
vt 5.9060 9.6000 16.9999
vt 3.5674 9.6000 17.0000
vt 3.5674 9.1500 17.0000
vt 5.9060 9.1500 16.9999
vt 17.0000 9.6000 3.5674
vt 16.5000 9.6000 3.5674
vt 16.5000 9.1500 3.5674
vt 17.0000 9.1500 3.5674
vt -2.5674 9.6000 16.5000
vt -4.9060 9.6000 16.4999
vt -4.9060 9.1500 16.4999
vt -2.5674 9.1500 16.5000
vt -16.4999 9.6000 5.9060
vt -16.9999 9.6000 5.9060
vt -16.9999 9.1500 5.9060
vt -16.4999 9.1500 5.9060
vt 5.9060 9.6000 17.9999
vt 3.5674 9.6000 18.0000
vt 3.5674 9.1500 18.0000
vt 5.9060 9.1500 17.9999
vt 18.0000 9.6000 3.5674
vt 17.5000 9.6000 3.5674
vt 17.5000 9.1500 3.5674
vt 18.0000 9.1500 3.5674
vt -2.5674 9.6000 17.5000
vt -4.9060 9.6000 17.4999
vt -4.9060 9.1500 17.4999
vt -2.5674 9.1500 17.5000
vt -14.5399 9.6000 5.9060
vt -14.9999 9.6000 5.9060
vt -14.9999 9.1500 5.9060
vt -14.5399 9.1500 5.9060
vt 5.9060 9.6000 15.9999
vt 3.5674 9.6000 16.0000
vt 3.5674 9.1500 16.0000
vt 5.9060 9.1500 15.9999
vt 16.0000 9.6000 3.5674
vt 15.5400 9.6000 3.5674
vt 15.5400 9.1500 3.5674
vt 16.0000 9.1500 3.5674
vt -2.5674 9.6000 15.5400
vt -4.9060 9.6000 15.5399
vt -4.9060 9.1500 15.5399
vt -2.5674 9.1500 15.5400
vt 15.0800 9.6000 3.5674
vt 14.6200 9.6000 3.5674
vt 14.6200 9.1500 3.5674
vt 15.0800 9.1500 3.5674
vt -2.5674 9.6000 14.6200
vt -4.9060 9.6000 14.6199
vt -4.9060 9.1500 14.6199
vt -2.5674 9.1500 14.6200
vt -13.6199 9.6000 5.9060
vt -14.0799 9.6000 5.9060
vt -14.0799 9.1500 5.9060
vt -13.6199 9.1500 5.9060
vt 5.9060 9.6000 15.0799
vt 3.5674 9.6000 15.0800
vt 3.5674 9.1500 15.0800
vt 5.9060 9.1500 15.0799
vt 14.1600 9.6000 3.5674
vt 13.7000 9.6000 3.5674
vt 13.7000 9.1500 3.5674
vt 14.1600 9.1500 3.5674
vt -2.5674 9.6000 13.7000
vt -4.9060 9.6000 13.6999
vt -4.9060 9.1500 13.6999
vt -2.5674 9.1500 13.7000
vt -12.6999 9.6000 5.9060
vt -13.1599 9.6000 5.9060
vt -13.1599 9.1500 5.9060
vt -12.6999 9.1500 5.9060
vt 5.9060 9.6000 14.1599
vt 3.5674 9.6000 14.1600
vt 3.5674 9.1500 14.1600
vt 5.9060 9.1500 14.1599
vt 12.3200 9.6000 3.5674
vt 11.8600 9.6000 3.5674
vt 11.8600 9.1500 3.5674
vt 12.3200 9.1500 3.5674
vt -2.5674 9.6000 11.8600
vt -4.9059 9.6000 11.8599
vt -4.9060 9.1500 11.8599
vt -2.5674 9.1500 11.8600
vt -10.8599 9.6000 5.9059
vt -11.3199 9.6000 5.9059
vt -11.3199 9.1500 5.9060
vt -10.8599 9.1500 5.9060
vt 5.9059 9.6000 12.3199
vt 3.5674 9.6000 12.3200
vt 3.5674 9.1500 12.3200
vt 5.9060 9.1500 12.3199
vt -11.7799 9.6000 5.9060
vt -12.2399 9.6000 5.9060
vt -12.2399 9.1500 5.9060
vt -11.7799 9.1500 5.9060
vt 5.9060 9.6000 13.2399
vt 3.5674 9.6000 13.2400
vt 3.5674 9.1500 13.2400
vt 5.9060 9.1500 13.2399
vt 13.2400 9.6000 3.5674
vt 12.7800 9.6000 3.5674
vt 12.7800 9.1500 3.5674
vt 13.2400 9.1500 3.5674
vt -2.5674 9.6000 12.7800
vt -4.9060 9.6000 12.7799
vt -4.9060 9.1500 12.7799
vt -2.5674 9.1500 12.7800
vt -24.1399 9.6000 5.9062
vt -24.5999 9.6000 5.9062
vt -24.1397 9.1500 5.9062
vt 5.9062 9.6000 25.5999
vt 3.5677 9.6000 25.6000
vt 3.5677 9.1500 25.5999
vt 25.6000 9.6000 3.5677
vt 25.1400 9.6000 3.5677
vt 25.1399 9.1500 3.5677
vt 25.5999 9.1500 3.5677
vt -2.5677 9.6000 25.1400
vt -4.9062 9.6000 25.1399
vt -4.9062 9.1500 25.1397
vt -2.5677 9.1500 25.1399
vt 24.6800 9.6000 3.5677
vt 24.2200 9.6000 3.5676
vt 24.2199 9.1500 3.5676
vt 24.6799 9.1500 3.5677
vt -2.5676 9.6000 24.2200
vt -4.9062 9.6000 24.2199
vt -4.9062 9.1500 24.2198
vt -2.5676 9.1500 24.2199
vt -23.2199 9.6000 5.9062
vt -23.6799 9.6000 5.9062
vt -23.6797 9.1500 5.9062
vt -23.2198 9.1500 5.9062
vt 5.9062 9.6000 24.6799
vt 3.5677 9.6000 24.6800
vt 3.5677 9.1500 24.6799
vt 5.9062 9.1500 24.6797
vt -22.2999 9.6000 5.9061
vt -22.7599 9.6000 5.9061
vt -22.7598 9.1500 5.9061
vt -22.2998 9.1500 5.9061
vt 5.9061 9.6000 23.7599
vt 3.5676 9.6000 23.7600
vt 3.5676 9.1500 23.7599
vt 5.9061 9.1500 23.7598
vt 23.7600 9.6000 3.5676
vt 23.3000 9.6000 3.5676
vt 23.2999 9.1500 3.5676
vt 23.7599 9.1500 3.5676
vt -2.5676 9.6000 23.3000
vt -4.9061 9.6000 23.2999
vt -4.9061 9.1500 23.2998
vt -2.5676 9.1500 23.2999
vt 21.9200 9.6000 3.5675
vt 21.4600 9.6000 3.5675
vt 21.4600 9.1500 3.5675
vt 21.9200 9.1500 3.5675
vt -2.5675 9.6000 21.4600
vt -4.9060 9.6000 21.4599
vt -4.9060 9.1500 21.4599
vt -2.5675 9.1500 21.4600
vt -20.4599 9.6000 5.9060
vt -20.9199 9.6000 5.9060
vt -20.9199 9.1500 5.9060
vt -20.4599 9.1500 5.9060
vt 5.9060 9.6000 21.9199
vt 3.5675 9.6000 21.9200
vt 3.5675 9.1500 21.9200
vt 5.9060 9.1500 21.9199
vt -21.3799 9.6000 5.9060
vt -21.8399 9.6000 5.9061
vt -21.8398 9.1500 5.9061
vt -21.3798 9.1500 5.9060
vt 5.9061 9.6000 22.8399
vt 3.5676 9.6000 22.8400
vt 3.5676 9.1500 22.8399
vt 5.9061 9.1500 22.8398
vt 22.8400 9.6000 3.5676
vt 22.3800 9.6000 3.5675
vt 22.3799 9.1500 3.5675
vt 22.8399 9.1500 3.5676
vt -2.5675 9.6000 22.3800
vt -4.9060 9.6000 22.3799
vt -4.9060 9.1500 22.3798
vt -2.5675 9.1500 22.3799
vt 2.0000 9.6000 3.5674
vt 1.5000 9.6000 3.5674
vt 1.5000 9.1500 3.5673
vt 2.0000 9.1500 3.5673
vt -2.5674 9.6000 1.5000
vt -4.9060 9.6000 1.4999
vt -4.9059 9.1500 1.4999
vt -2.5673 9.1500 1.5000
vt -0.4999 9.6000 5.9060
vt -0.9999 9.6000 5.9060
vt -0.9999 9.1500 5.9059
vt -0.4999 9.1500 5.9059
vt 5.9060 9.6000 1.9999
vt 3.5674 9.6000 2.0000
vt 3.5673 9.1500 2.0000
vt 5.9059 9.1500 1.9999
vt 0.5001 9.6000 5.9060
vt 0.0001 9.6000 5.9060
vt 0.0001 9.1500 5.9059
vt 0.5001 9.1500 5.9059
vt 5.9060 9.6000 0.9999
vt 3.5674 9.6000 1.0000
vt 3.5673 9.1500 1.0000
vt 5.9059 9.1500 0.9999
vt 1.0000 9.6000 3.5674
vt 0.5000 9.6000 3.5674
vt 0.5000 9.1500 3.5673
vt 1.0000 9.1500 3.5673
vt -2.5674 9.6000 0.5000
vt -4.9060 9.6000 0.4999
vt -4.9059 9.1500 0.4999
vt -2.5673 9.1500 0.5000
vt 1.5001 9.6000 5.9060
vt 1.0001 9.6000 5.9060
vt 1.0001 9.1500 5.9059
vt 1.5001 9.1500 5.9059
vt 5.9060 9.6000 -0.0001
vt 3.5674 9.6000 0.0000
vt 3.5673 9.1500 0.0000
vt 5.9059 9.1500 -0.0001
vt 0.0000 9.6000 3.5674
vt -0.5000 9.6000 3.5674
vt -0.5000 9.1500 3.5673
vt 0.0000 9.1500 3.5673
vt -2.5674 9.6000 -0.5000
vt -4.9060 9.6000 -0.5001
vt -4.9059 9.1500 -0.5001
vt -2.5673 9.1500 -0.5000
vt 3.5001 9.6000 5.9060
vt 3.0001 9.6000 5.9060
vt 3.0001 9.1500 5.9059
vt 3.5001 9.1500 5.9059
vt 5.9060 9.6000 -2.0001
vt 3.5674 9.6000 -2.0000
vt 3.5673 9.1500 -2.0000
vt 5.9059 9.1500 -2.0001
vt -2.0000 9.6000 3.5674
vt -2.5000 9.6000 3.5674
vt -2.5000 9.1500 3.5673
vt -2.0000 9.1500 3.5673
vt -2.5674 9.6000 -2.5000
vt -4.9060 9.6000 -2.5001
vt -4.9059 9.1500 -2.5001
vt -2.5673 9.1500 -2.5000
vt 2.5001 9.6000 5.9060
vt 2.0001 9.6000 5.9060
vt 2.0001 9.1500 5.9059
vt 2.5001 9.1500 5.9059
vt 5.9060 9.6000 -1.0001
vt 3.5674 9.6000 -1.0000
vt 3.5673 9.1500 -1.0000
vt 5.9059 9.1500 -1.0001
vt -1.0000 9.6000 3.5674
vt -1.5000 9.6000 3.5674
vt -1.5000 9.1500 3.5673
vt -1.0000 9.1500 3.5673
vt -2.5674 9.6000 -1.5000
vt -4.9060 9.6000 -1.5001
vt -4.9059 9.1500 -1.5001
vt -2.5673 9.1500 -1.5000
vt -3.0000 9.6000 3.5674
vt -3.4600 9.6000 3.5674
vt -3.4600 9.1500 3.5673
vt -3.0000 9.1500 3.5673
vt -2.5674 9.6000 -3.4600
vt -4.9060 9.6000 -3.4601
vt -4.9059 9.1500 -3.4601
vt -2.5673 9.1500 -3.4600
vt 4.4601 9.6000 5.9060
vt 4.0001 9.6000 5.9060
vt 4.0001 9.1500 5.9059
vt 4.4601 9.1500 5.9059
vt 5.9060 9.6000 -3.0001
vt 3.5674 9.6000 -3.0000
vt 3.5673 9.1500 -3.0000
vt 5.9059 9.1500 -3.0001
vt -3.9200 9.6000 3.5674
vt -4.3800 9.6000 3.5674
vt -4.3800 9.1500 3.5673
vt -3.9200 9.1500 3.5673
vt -2.5674 9.6000 -4.3800
vt -4.9059 9.6000 -4.3801
vt -4.9059 9.1500 -4.3801
vt -2.5673 9.1500 -4.3800
vt 5.3801 9.6000 5.9059
vt 4.9201 9.6000 5.9059
vt 4.9201 9.1500 5.9059
vt 5.3801 9.1500 5.9059
vt 5.9059 9.6000 -3.9201
vt 3.5674 9.6000 -3.9200
vt 3.5673 9.1500 -3.9200
vt 5.9059 9.1500 -3.9201
vt -4.8400 9.6000 3.5674
vt -5.3000 9.6000 3.5674
vt -5.3000 9.1500 3.5673
vt -4.8400 9.1500 3.5673
vt -2.5674 9.6000 -5.3000
vt -4.9059 9.6000 -5.3001
vt -4.9059 9.1500 -5.3001
vt -2.5673 9.1500 -5.3000
vt 6.3001 9.6000 5.9059
vt 5.8401 9.6000 5.9059
vt 5.8401 9.1500 5.9059
vt 6.3001 9.1500 5.9059
vt 5.9059 9.6000 -4.8401
vt 3.5674 9.6000 -4.8400
vt 3.5673 9.1500 -4.8400
vt 5.9059 9.1500 -4.8401
vt 8.1401 9.6000 5.9059
vt 7.6801 9.6000 5.9059
vt 7.6801 9.1500 5.9058
vt 8.1401 9.1500 5.9058
vt 5.9059 9.6000 -6.6801
vt 3.5674 9.6000 -6.6800
vt 3.5673 9.1500 -6.6800
vt 5.9058 9.1500 -6.6801
vt -6.6800 9.6000 3.5674
vt -7.1400 9.6000 3.5674
vt -7.1400 9.1500 3.5673
vt -6.6800 9.1500 3.5673
vt -2.5674 9.6000 -7.1400
vt -4.9059 9.6000 -7.1401
vt -4.9058 9.1500 -7.1401
vt -2.5673 9.1500 -7.1400
vt 7.2201 9.6000 5.9059
vt 6.7601 9.6000 5.9059
vt 6.7601 9.1500 5.9059
vt 7.2201 9.1500 5.9058
vt 5.9059 9.6000 -5.7601
vt 3.5674 9.6000 -5.7600
vt 3.5673 9.1500 -5.7600
vt 5.9059 9.1500 -5.7601
vt -5.7600 9.6000 3.5674
vt -6.2200 9.6000 3.5674
vt -6.2200 9.1500 3.5673
vt -5.7600 9.1500 3.5673
vt -2.5674 9.6000 -6.2200
vt -4.9059 9.6000 -6.2201
vt -4.9058 9.1500 -6.2201
vt -2.5673 9.1500 -6.2200
vt -5.1399 9.6000 5.9059
vt -5.5999 9.6000 5.9059
vt -5.5999 9.1500 5.9059
vt -5.1399 9.1500 5.9059
vt 5.9059 9.6000 6.5999
vt 3.5674 9.6000 6.6000
vt 3.5674 9.1500 6.6000
vt 5.9059 9.1500 6.5999
vt 6.6000 9.6000 3.5674
vt 6.1400 9.6000 3.5674
vt 6.1400 9.1500 3.5674
vt 6.6000 9.1500 3.5674
vt -2.5674 9.6000 6.1400
vt -4.9059 9.6000 6.1399
vt -4.9059 9.1500 6.1399
vt -2.5674 9.1500 6.1400
vt -4.2199 9.6000 5.9059
vt -4.6799 9.6000 5.9059
vt -4.6799 9.1500 5.9059
vt -4.2199 9.1500 5.9059
vt 5.9059 9.6000 5.6799
vt 3.5674 9.6000 5.6800
vt 3.5673 9.1500 5.6800
vt 5.9059 9.1500 5.6799
vt 5.6800 9.6000 3.5674
vt 5.2200 9.6000 3.5674
vt 5.2200 9.1500 3.5673
vt 5.6800 9.1500 3.5673
vt -2.5674 9.6000 5.2200
vt -4.9059 9.6000 5.2199
vt -4.9059 9.1500 5.2199
vt -2.5673 9.1500 5.2200
vt -3.2999 9.6000 5.9059
vt -3.7599 9.6000 5.9059
vt -3.7599 9.1500 5.9059
vt -3.2999 9.1500 5.9059
vt 5.9059 9.6000 4.7599
vt 3.5674 9.6000 4.7600
vt 3.5673 9.1500 4.7600
vt 5.9059 9.1500 4.7599
vt 4.7600 9.6000 3.5674
vt 4.3000 9.6000 3.5674
vt 4.3000 9.1500 3.5673
vt 4.7600 9.1500 3.5673
vt -2.5674 9.6000 4.3000
vt -4.9059 9.6000 4.2999
vt -4.9059 9.1500 4.2999
vt -2.5673 9.1500 4.3000
vt 2.9200 9.6000 3.5674
vt 2.4600 9.6000 3.5674
vt 2.4600 9.1500 3.5673
vt 2.9200 9.1500 3.5673
vt -2.5674 9.6000 2.4600
vt -4.9060 9.6000 2.4599
vt -4.9059 9.1500 2.4599
vt -2.5673 9.1500 2.4600
vt -1.4599 9.6000 5.9060
vt -1.9199 9.6000 5.9060
vt -1.9199 9.1500 5.9059
vt -1.4599 9.1500 5.9059
vt 5.9060 9.6000 2.9199
vt 3.5674 9.6000 2.9200
vt 3.5673 9.1500 2.9200
vt 5.9059 9.1500 2.9199
vt -2.3799 9.6000 5.9060
vt -2.8399 9.6000 5.9060
vt -2.8399 9.1500 5.9059
vt -2.3799 9.1500 5.9059
vt 5.9060 9.6000 3.8399
vt 3.5674 9.6000 3.8400
vt 3.5673 9.1500 3.8400
vt 5.9059 9.1500 3.8399
vt 3.8400 9.6000 3.5674
vt 3.3800 9.6000 3.5674
vt 3.3800 9.1500 3.5673
vt 3.8400 9.1500 3.5673
vt -2.5674 9.6000 3.3800
vt -4.9060 9.6000 3.3799
vt -4.9059 9.1500 3.3799
vt -2.5673 9.1500 3.3800
vt -17.0000 9.6000 3.5674
vt -17.5000 9.6000 3.5674
vt -17.5000 9.1500 3.5673
vt -17.0000 9.1500 3.5673
vt -2.5674 9.6000 -17.5000
vt -4.9059 9.6000 -17.5001
vt -4.9059 9.1500 -17.5001
vt -2.5673 9.1500 -17.5000
vt 18.5001 9.6000 5.9059
vt 18.0001 9.6000 5.9059
vt 18.0001 9.1500 5.9059
vt 18.5001 9.1500 5.9059
vt 5.9059 9.6000 -17.0001
vt 3.5674 9.6000 -17.0000
vt 3.5673 9.1500 -17.0000
vt 5.9059 9.1500 -17.0001
vt 19.5001 9.6000 5.9059
vt 19.0001 9.6000 5.9059
vt 19.0001 9.1500 5.9059
vt 19.5001 9.1500 5.9059
vt 5.9059 9.6000 -18.0001
vt 3.5674 9.6000 -18.0000
vt 3.5673 9.1500 -18.0000
vt 5.9059 9.1500 -18.0001
vt -18.0000 9.6000 3.5674
vt -18.5000 9.6000 3.5674
vt -18.5000 9.1500 3.5673
vt -18.0000 9.1500 3.5673
vt -2.5674 9.6000 -18.5000
vt -4.9059 9.6000 -18.5001
vt -4.9059 9.1500 -18.5001
vt -2.5673 9.1500 -18.5000
vt 20.5001 9.6000 5.9059
vt 20.0001 9.6000 5.9059
vt 20.0001 9.1500 5.9059
vt 20.5001 9.1500 5.9059
vt 5.9059 9.6000 -19.0001
vt 3.5674 9.6000 -19.0000
vt 3.5673 9.1500 -19.0000
vt 5.9059 9.1500 -19.0001
vt -19.0000 9.6000 3.5674
vt -19.5000 9.6000 3.5674
vt -19.5000 9.1500 3.5673
vt -19.0000 9.1500 3.5673
vt -2.5674 9.6000 -19.5000
vt -4.9059 9.6000 -19.5001
vt -4.9059 9.1500 -19.5001
vt -2.5673 9.1500 -19.5000
vt 22.5001 9.6000 5.9059
vt 22.0001 9.6000 5.9059
vt 22.0001 9.1500 5.9059
vt 22.5001 9.1500 5.9059
vt 5.9059 9.6000 -21.0001
vt 3.5674 9.6000 -21.0000
vt 3.5673 9.1500 -21.0000
vt 5.9059 9.1500 -21.0001
vt -21.0000 9.6000 3.5674
vt -21.5000 9.6000 3.5674
vt -21.5000 9.1500 3.5673
vt -21.0000 9.1500 3.5673
vt -2.5674 9.6000 -21.5000
vt -4.9059 9.6000 -21.5001
vt -4.9059 9.1500 -21.5001
vt -2.5673 9.1500 -21.5000
vt 21.5001 9.6000 5.9059
vt 21.0001 9.6000 5.9059
vt 21.0001 9.1500 5.9059
vt 21.5001 9.1500 5.9059
vt 5.9059 9.6000 -20.0001
vt 3.5674 9.6000 -20.0000
vt 3.5673 9.1500 -20.0000
vt 5.9059 9.1500 -20.0001
vt -20.0000 9.6000 3.5674
vt -20.5000 9.6000 3.5674
vt -20.5000 9.1500 3.5673
vt -20.0000 9.1500 3.5673
vt -2.5674 9.6000 -20.5000
vt -4.9059 9.6000 -20.5001
vt -4.9059 9.1500 -20.5001
vt -2.5673 9.1500 -20.5000
vt -22.0000 9.6000 3.5674
vt -22.5000 9.6000 3.5674
vt -22.5000 9.1500 3.5673
vt -22.0000 9.1500 3.5673
vt -2.5674 9.6000 -22.5000
vt -4.9059 9.6000 -22.5001
vt -4.9059 9.1500 -22.5001
vt -2.5673 9.1500 -22.5000
vt 23.5001 9.6000 5.9059
vt 23.0001 9.6000 5.9059
vt 23.0001 9.1500 5.9059
vt 23.5001 9.1500 5.9059
vt 5.9059 9.6000 -22.0001
vt 3.5674 9.6000 -22.0000
vt 3.5673 9.1500 -22.0000
vt 5.9059 9.1500 -22.0001
vt 24.5001 9.6000 5.9059
vt 24.0001 9.6000 5.9059
vt 24.0001 9.1500 5.9059
vt 24.5001 9.1500 5.9059
vt 5.9059 9.6000 -23.0001
vt 3.5674 9.6000 -23.0000
vt 3.5673 9.1500 -23.0000
vt 5.9059 9.1500 -23.0001
vt -23.0000 9.6000 3.5674
vt -23.5000 9.6000 3.5674
vt -23.5000 9.1500 3.5673
vt -23.0000 9.1500 3.5673
vt -2.5674 9.6000 -23.5000
vt -4.9059 9.6000 -23.5001
vt -4.9059 9.1500 -23.5001
vt -2.5673 9.1500 -23.5000
vt 25.5001 9.6000 5.9059
vt 25.0001 9.6000 5.9059
vt 25.0001 9.1500 5.9059
vt 25.5001 9.1500 5.9059
vt 5.9059 9.6000 -24.0001
vt 3.5674 9.6000 -24.0000
vt 3.5674 9.1500 -24.0000
vt 5.9059 9.1500 -24.0001
vt -24.0000 9.6000 3.5674
vt -24.5000 9.6000 3.5674
vt -24.5000 9.1500 3.5674
vt -24.0000 9.1500 3.5674
vt -2.5674 9.6000 -24.5000
vt -4.9059 9.6000 -24.5001
vt -4.9059 9.1500 -24.5001
vt -2.5674 9.1500 -24.5000
vt 27.5001 9.6000 5.9059
vt 27.0001 9.6000 5.9059
vt 27.0001 9.1500 5.9059
vt 27.5001 9.1500 5.9059
vt 5.9059 9.6000 -26.0001
vt 3.5674 9.6000 -26.0000
vt 3.5674 9.1500 -26.0000
vt 5.9059 9.1500 -26.0001
vt -26.0000 9.6000 3.5674
vt -26.5000 9.6000 3.5674
vt -26.5000 9.1500 3.5674
vt -26.0000 9.1500 3.5674
vt -2.5674 9.6000 -26.5000
vt -4.9059 9.6000 -26.5001
vt -4.9059 9.1500 -26.5001
vt -2.5674 9.1500 -26.5000
vt 26.5001 9.6000 5.9059
vt 26.0001 9.6000 5.9059
vt 26.0001 9.1500 5.9059
vt 26.5001 9.1500 5.9059
vt 5.9059 9.6000 -25.0001
vt 3.5674 9.6000 -25.0000
vt 3.5674 9.1500 -25.0000
vt 5.9059 9.1500 -25.0001
vt -25.0000 9.6000 3.5674
vt -25.5000 9.6000 3.5674
vt -25.5000 9.1500 3.5674
vt -25.0000 9.1500 3.5674
vt -2.5674 9.6000 -25.5000
vt -4.9059 9.6000 -25.5001
vt -4.9059 9.1500 -25.5001
vt -2.5674 9.1500 -25.5000
vt -12.4000 9.6000 3.5674
vt -12.8600 9.6000 3.5674
vt -12.8600 9.1500 3.5674
vt -12.4000 9.1500 3.5674
vt -2.5674 9.6000 -12.8600
vt -4.9059 9.6000 -12.8601
vt -4.9059 9.1500 -12.8601
vt -2.5674 9.1500 -12.8600
vt 13.8601 9.6000 5.9059
vt 13.4001 9.6000 5.9059
vt 13.4001 9.1500 5.9059
vt 13.8601 9.1500 5.9059
vt 5.9059 9.6000 -12.4001
vt 3.5674 9.6000 -12.4000
vt 3.5674 9.1500 -12.4000
vt 5.9059 9.1500 -12.4001
vt 14.7801 9.6000 5.9059
vt 14.3201 9.6000 5.9059
vt 14.3201 9.1500 5.9059
vt 14.7801 9.1500 5.9059
vt 5.9059 9.6000 -13.3201
vt 3.5674 9.6000 -13.3200
vt 3.5674 9.1500 -13.3200
vt 5.9059 9.1500 -13.3201
vt -13.3200 9.6000 3.5674
vt -13.7800 9.6000 3.5674
vt -13.7800 9.1500 3.5674
vt -13.3200 9.1500 3.5674
vt -2.5674 9.6000 -13.7800
vt -4.9059 9.6000 -13.7801
vt -4.9059 9.1500 -13.7801
vt -2.5674 9.1500 -13.7800
vt 15.7001 9.6000 5.9059
vt 15.2401 9.6000 5.9059
vt 15.2401 9.1500 5.9059
vt 15.7001 9.1500 5.9059
vt 5.9059 9.6000 -14.2401
vt 3.5674 9.6000 -14.2400
vt 3.5674 9.1500 -14.2400
vt 5.9059 9.1500 -14.2401
vt -14.2400 9.6000 3.5674
vt -14.7000 9.6000 3.5674
vt -14.7000 9.1500 3.5674
vt -14.2400 9.1500 3.5674
vt -2.5674 9.6000 -14.7000
vt -4.9059 9.6000 -14.7001
vt -4.9059 9.1500 -14.7001
vt -2.5674 9.1500 -14.7000
vt 17.5401 9.6000 5.9059
vt 17.0801 9.6000 5.9059
vt 17.0801 9.1500 5.9059
vt 17.5401 9.1500 5.9059
vt 5.9059 9.6000 -16.0801
vt 3.5674 9.6000 -16.0800
vt 3.5673 9.1500 -16.0800
vt 5.9059 9.1500 -16.0801
vt -16.0800 9.6000 3.5674
vt -16.5400 9.6000 3.5674
vt -16.5400 9.1500 3.5673
vt -16.0800 9.1500 3.5673
vt -2.5674 9.6000 -16.5400
vt -4.9059 9.6000 -16.5401
vt -4.9059 9.1500 -16.5401
vt -2.5673 9.1500 -16.5400
vt 16.6201 9.6000 5.9059
vt 16.1601 9.6000 5.9059
vt 16.1601 9.1500 5.9059
vt 16.6201 9.1500 5.9059
vt 5.9059 9.6000 -15.1601
vt 3.5674 9.6000 -15.1600
vt 3.5674 9.1500 -15.1600
vt 5.9059 9.1500 -15.1601
vt -15.1600 9.6000 3.5674
vt -15.6200 9.6000 3.5674
vt -15.6200 9.1500 3.5673
vt -15.1600 9.1500 3.5674
vt -2.5674 9.6000 -15.6200
vt -4.9059 9.6000 -15.6201
vt -4.9059 9.1500 -15.6201
vt -2.5673 9.1500 -15.6200
vt -12.4000 -11.8000 3.0000
vt -7.0000 -11.8000 -12.3999
vt -3.6666 -11.8000 -12.4000
vt -2.8333 -11.8000 -12.4000
vt -2.0000 -11.8000 -12.4000
# 4856 texture coords

o obj_01
g obj_01
usemtl wire_115115115
s 1
f 1/1/1 2/2/1 3/3/1 4/4/1 
f 5/5/2 6/6/2 7/7/1 8/8/1 
f 9/9/3 10/10/4 11/11/5 12/12/6 
s 2
f 13/13/7 14/14/8 15/15/9 16/16/10 
s 1
f 2/2/1 17/17/1 18/18/1 3/3/1 
f 19/19/11 20/20/12 21/21/13 22/22/14 
f 6/6/2 23/23/2 24/24/2 25/25/1 7/7/1 
f 3/3/1 18/18/1 26/26/15 27/27/16 
f 28/28/3 29/29/17 30/30/18 31/31/19 
s 2
f 32/32/20 33/33/20 34/34/10 35/35/7 
s 1
f 36/36/21 37/37/1 38/38/1 39/39/21 
f 37/37/1 40/40/1 41/41/1 38/38/1 
s 2
f 42/42/7 43/43/10 44/44/9 45/45/8 
s 1
f 39/39/21 38/38/1 46/46/16 47/47/22 48/48/16 
f 38/38/1 41/41/1 49/49/15 46/46/16 
s 2
f 50/50/23 51/51/10 52/52/9 53/53/24 
s 1
f 54/54/1 55/55/17 56/56/18 57/57/19 
s 2
f 58/58/20 59/59/20 60/60/10 61/61/7 
s 1
f 62/62/1 63/63/1 64/64/1 65/65/1 
f 63/63/1 66/66/1 67/67/1 64/64/1 
s 2
f 68/68/23 69/69/10 70/70/9 71/71/24 
s 1
f 65/65/1 64/64/1 72/72/25 73/73/25 
f 64/64/1 67/67/1 74/74/25 72/72/25 
s 4
f 75/75/26 76/76/26 77/77/27 78/78/27 
f 79/79/28 33/80/20 80/81/29 81/82/30 
f 82/83/26 83/84/26 84/85/27 85/86/31 
f 86/87/28 59/88/20 87/89/29 88/90/30 
s 1
f 89/91/32 29/29/17 28/28/3 9/9/3 
f 90/92/32 55/55/17 54/54/1 91/93/1 
s 2
f 92/94/20 93/95/7 94/96/10 95/97/20 
s 4
f 75/75/26 78/78/27 96/98/27 97/99/26 
f 98/100/29 32/101/20 99/102/20 100/103/29 
s 2
f 32/32/20 35/35/7 101/104/10 99/105/20 
s 4
f 82/83/26 85/86/31 102/106/27 103/107/26 
f 104/108/29 58/109/20 105/110/20 106/111/29 
s 2
f 58/58/20 61/61/7 107/112/10 105/113/20 
s 1
f 108/114/26 109/115/11 110/116/12 111/117/26 
s 2
f 112/118/20 113/119/7 114/120/10 115/121/20 
s 4
f 116/122/26 117/123/27 118/124/27 119/125/26 
f 120/126/29 121/127/20 122/128/20 123/129/29 
s 2
f 121/130/20 124/131/7 125/132/10 122/133/20 
s 4
f 126/134/26 127/135/27 128/136/27 129/137/26 
f 130/138/29 131/139/20 132/140/20 133/141/29 
s 2
f 131/142/20 134/143/7 135/144/10 132/145/20 
s 1
f 136/146/26 137/147/11 138/148/12 139/149/26 
s 2
f 140/150/20 141/151/7 142/152/10 143/153/20 
s 4
f 144/154/26 145/155/27 146/156/27 147/157/26 
f 148/158/29 149/159/20 150/160/20 151/161/29 
s 2
f 149/162/20 152/163/7 153/164/10 150/165/20 
s 4
f 154/166/26 155/167/27 156/168/27 157/169/26 
f 158/170/29 159/171/20 160/172/20 161/173/29 
s 2
f 159/174/20 162/175/7 163/176/10 160/177/20 
s 1
f 164/178/26 165/179/11 166/180/12 167/181/26 
s 2
f 168/182/20 169/183/7 170/184/10 171/185/33 
s 4
f 172/186/26 173/187/27 174/188/27 175/189/26 
f 176/190/29 177/191/20 178/192/20 179/193/29 
s 2
f 177/194/20 180/195/7 181/196/10 178/197/20 
s 4
f 182/198/26 183/199/27 184/200/27 185/201/26 
f 186/202/29 187/203/20 188/204/20 189/205/29 
s 2
f 187/206/20 190/207/7 191/208/10 188/209/20 
s 1
f 192/210/26 193/211/11 194/212/12 195/213/26 
f 17/17/1 196/214/34 197/215/34 198/216/34 18/18/1 
f 24/24/2 199/217/2 200/218/35 201/219/34 25/25/1 
f 40/40/1 202/220/34 203/221/34 204/222/34 41/41/1 
f 66/66/1 205/223/34 206/224/34 67/67/1 
f 67/67/1 206/224/34 207/225/36 74/74/25 
f 18/18/1 198/216/34 208/226/37 26/26/15 
f 209/227/38 210/228/39 211/229/34 212/230/40 
f 41/41/1 204/222/34 213/231/34 49/49/15 
f 214/232/38 215/233/39 216/234/37 217/235/40 
s 2
f 218/236/41 219/237/7 220/238/10 221/239/20 
s 4
f 222/240/26 223/241/27 224/242/27 225/243/26 
f 226/244/29 227/245/20 228/246/20 229/247/29 
s 2
f 227/248/20 230/249/7 231/250/10 228/251/20 
s 4
f 232/252/26 233/253/27 234/254/27 235/255/26 
s 2
f 236/256/10 237/257/23 238/258/8 239/259/9 
f 76/260/26 75/261/26 240/262/24 241/263/9 
f 242/264/20 243/265/28 244/266/23 245/267/10 
f 33/33/20 79/268/28 246/269/23 34/34/10 
f 59/59/20 86/270/28 247/271/23 60/60/10 
s 4
f 76/76/26 248/272/42 249/273/43 77/77/27 
f 33/80/20 32/101/20 98/100/29 80/81/29 
f 83/84/26 250/274/42 251/275/43 84/85/27 
f 59/88/20 58/109/20 104/108/29 87/89/29 
s 2
f 252/276/10 253/277/7 254/278/8 255/279/9 
f 256/280/10 257/281/23 258/282/8 259/283/9 
f 97/284/26 116/285/26 260/286/24 261/287/9 
s 4
f 96/98/27 117/123/27 116/122/26 97/99/26 
f 99/102/20 121/127/20 120/126/29 100/103/29 
s 2
f 262/288/10 263/289/7 264/290/8 265/291/9 
f 266/292/10 267/293/23 268/294/8 269/295/9 
f 103/296/26 126/297/26 270/298/24 271/299/9 
s 4
f 102/106/27 127/135/27 126/134/26 103/107/26 
f 105/110/20 131/139/20 130/138/29 106/111/29 
s 2
f 272/300/10 273/301/23 274/302/8 275/303/9 
f 276/304/9 277/305/24 273/301/23 272/300/10 
f 111/306/26 136/307/26 278/308/8 279/309/9 
s 1
f 280/310/13 281/311/14 137/147/11 110/116/12 
s 2
f 282/312/10 283/313/7 284/314/8 285/315/9 
f 286/316/10 287/317/23 288/318/8 289/319/9 
f 119/320/26 144/321/26 290/322/24 291/323/9 
s 4
f 118/124/27 145/155/27 144/154/26 119/125/26 
f 122/128/20 149/159/20 148/158/29 123/129/29 
s 2
f 292/324/10 293/325/7 294/326/8 295/327/9 
f 296/328/10 297/329/23 298/330/8 299/331/9 
f 129/332/26 154/333/26 300/334/24 301/335/9 
s 4
f 128/136/27 155/167/27 154/166/26 129/137/26 
f 132/140/20 159/171/20 158/170/29 133/141/29 
s 2
f 302/336/10 303/337/23 304/338/8 305/339/9 
f 306/340/9 307/341/24 303/337/23 302/336/10 
f 139/342/26 164/343/26 308/344/8 309/345/9 
s 1
f 310/346/13 311/347/14 165/179/11 138/148/12 
s 2
f 312/348/10 313/349/7 314/350/8 315/351/9 
f 316/352/10 317/353/23 318/354/8 319/355/9 
f 147/356/26 172/357/26 320/358/24 321/359/9 
s 4
f 146/156/27 173/187/27 172/186/26 147/157/26 
f 150/160/20 177/191/20 176/190/29 151/161/29 
s 2
f 322/360/10 323/361/7 324/362/8 325/363/9 
f 326/364/10 327/365/23 328/366/8 329/367/9 
f 157/368/26 182/369/26 330/370/24 331/371/9 
s 4
f 156/168/27 183/199/27 182/198/26 157/169/26 
f 160/172/20 187/203/20 186/202/29 161/173/29 
s 2
f 332/372/10 333/373/23 334/374/8 335/375/9 
f 336/376/9 337/377/24 333/373/23 332/372/10 
f 167/378/26 192/379/26 338/380/8 339/381/9 
s 1
f 340/382/13 341/383/14 193/211/11 166/180/12 
s 2
f 342/384/10 343/385/7 344/386/8 345/387/9 
f 346/388/10 347/389/23 348/390/8 349/391/9 
f 175/392/26 222/393/26 350/394/24 351/395/9 
s 4
f 174/188/27 223/241/27 222/240/26 175/189/26 
f 178/192/20 227/245/20 226/244/29 179/193/29 
s 2
f 352/396/10 353/397/7 354/398/8 355/399/9 
f 356/400/10 357/401/23 358/402/8 359/403/9 
f 185/404/26 232/405/26 360/406/24 361/407/9 
s 4
f 184/200/27 233/253/27 232/252/26 185/201/26 
f 188/204/20 362/408/39 363/409/30 189/205/29 
s 2
f 364/410/10 365/411/37 366/412/44 367/413/9 
s 1
f 368/414/13 369/415/25 370/416/6 371/417/27 194/212/12 
f 372/418/26 373/419/42 374/420/45 375/421/12 
f 376/422/13 377/423/14 378/424/11 379/425/12 
f 380/426/13 381/427/14 382/428/11 383/429/12 
f 384/430/13 385/431/14 386/432/11 387/433/12 
f 388/434/13 389/435/46 390/436/47 391/437/12 
s 2
f 392/438/10 196/439/34 393/440/34 394/441/9 
f 395/442/10 198/443/34 197/444/34 396/445/9 
f 225/446/26 397/447/48 208/448/37 398/449/9 
s 4
f 224/242/27 399/450/49 397/451/48 225/243/26 
f 228/246/20 210/452/39 209/453/38 229/247/29 
s 2
f 400/454/10 202/455/34 401/456/34 402/457/9 
f 403/458/10 204/459/34 203/460/34 404/461/9 
f 235/462/26 405/463/36 213/464/34 406/465/9 
s 4
f 234/254/27 407/466/49 405/467/36 235/255/26 
f 408/468/50 215/469/39 214/470/38 409/471/51 
s 2
f 410/472/52 205/473/34 216/474/37 411/475/37 
f 412/476/52 206/477/34 205/473/34 410/472/52 
f 413/478/53 207/479/36 206/477/34 412/476/52 
s 4
f 414/480/54 74/481/25 207/482/36 413/483/53 
f 415/484/54 72/485/25 74/481/25 414/480/54 
f 416/486/55 73/487/25 72/485/25 415/484/54 
s 1
f 414/488/54 413/489/53 412/490/52 417/491/56 
f 412/490/52 410/492/52 418/493/57 419/494/58 417/491/56 
f 410/492/52 411/495/37 408/496/50 409/497/51 420/498/59 418/493/57 
s 2
f 409/499/51 363/500/30 421/501/60 420/502/59 
s 8
f 363/503/30 362/504/39 422/505/1 421/506/60 
f 365/507/37 423/508/34 424/509/61 425/510/1 
s 1
f 7/7/1 2/2/1 1/1/1 8/8/1 
s 2
f 93/95/7 92/94/20 242/264/20 245/267/10 
s 1
f 25/25/1 17/17/1 2/2/1 7/7/1 
f 201/219/34 393/511/34 196/214/34 17/17/1 25/25/1 
s 2
f 113/119/7 112/118/20 95/97/20 94/96/10 
f 141/151/7 140/150/20 115/121/20 114/120/10 
f 169/183/7 168/182/20 143/153/20 142/152/10 
f 219/237/7 218/236/41 171/185/33 170/184/10 
f 201/512/34 200/513/35 221/239/20 220/238/10 
s 1
f 4/4/1 3/3/1 27/27/16 426/514/62 427/515/16 
s 2
f 428/516/24 248/517/42 76/260/26 241/263/9 
s 1
f 429/518/63 89/91/32 9/9/3 12/12/6 
s 2
f 240/262/24 75/261/26 97/284/26 261/287/9 
f 260/286/24 116/285/26 119/320/26 291/323/9 
f 290/322/24 144/321/26 147/356/26 321/359/9 
f 320/358/24 172/357/26 175/392/26 351/395/9 
s 1
f 208/226/37 397/519/48 399/520/49 26/26/15 
s 2
f 350/394/24 222/393/26 225/446/26 398/449/9 
f 240/262/24 237/257/23 236/256/10 241/263/9 
f 260/286/24 257/281/23 256/280/10 261/287/9 
f 290/322/24 287/317/23 286/316/10 291/323/9 
f 320/358/24 317/353/23 316/352/10 321/359/9 
f 350/394/24 347/389/23 346/388/10 351/395/9 
f 208/448/37 198/443/34 395/442/10 398/449/9 
s 1
f 430/521/19 37/37/1 36/36/21 431/522/64 
f 212/230/40 40/40/1 37/37/1 430/521/19 
s 2
f 34/34/10 432/523/9 433/524/8 35/35/7 
s 1
f 211/229/34 401/525/34 202/220/34 40/40/1 212/230/40 
s 2
f 124/131/7 121/130/20 99/105/20 101/104/10 
f 152/163/7 149/162/20 122/133/20 125/132/10 
f 180/195/7 177/194/20 150/165/20 153/164/10 
f 230/249/7 227/248/20 178/197/20 181/196/10 
f 211/526/34 210/527/39 228/251/20 231/250/10 
s 1
f 434/528/2 91/93/1 435/529/4 436/530/65 
f 437/531/63 90/92/32 91/93/1 434/528/2 
s 2
f 52/52/9 83/532/26 82/533/26 53/53/24 
f 53/53/24 82/533/26 103/296/26 271/299/9 
f 270/298/24 126/297/26 129/332/26 301/335/9 
f 300/334/24 154/333/26 157/368/26 331/371/9 
f 330/370/24 182/369/26 185/404/26 361/407/9 
s 1
f 213/231/34 405/534/36 407/535/49 49/49/15 
s 2
f 360/406/24 232/405/26 235/462/26 406/465/9 
f 438/536/24 250/537/42 83/532/26 52/52/9 
f 270/298/24 267/293/23 266/292/10 271/299/9 
f 300/334/24 297/329/23 296/328/10 301/335/9 
f 330/370/24 327/365/23 326/364/10 331/371/9 
f 360/406/24 357/401/23 356/400/10 361/407/9 
f 213/464/34 204/459/34 403/458/10 406/465/9 
s 1
f 439/538/19 63/63/1 62/62/1 440/539/64 
f 217/235/40 66/66/1 63/63/1 439/538/19 
f 216/234/37 205/223/34 66/66/1 217/235/40 
s 2
f 216/474/37 215/540/39 408/541/50 411/475/37 
s 8
f 422/505/1 441/542/34 366/543/44 365/507/37 425/510/1 421/506/60 
s 1
f 236/544/10 442/545/23 443/546/25 444/547/54 
s 4
f 442/548/23 428/549/24 445/550/2 443/551/25 
s 1
f 428/552/24 241/553/9 446/554/66 445/555/2 
s 4
f 241/556/9 236/557/10 444/558/54 446/559/66 
s 1
f 256/560/10 237/561/23 447/562/25 448/563/54 
s 4
f 237/564/23 240/565/24 449/566/2 447/567/25 
s 1
f 240/568/24 261/569/9 450/570/66 449/571/2 
s 4
f 261/572/9 256/573/10 448/574/54 450/575/66 
s 1
f 50/576/23 53/577/24 451/578/2 452/579/25 
s 4
f 53/580/24 271/581/9 453/582/66 451/583/2 
s 1
f 271/584/9 266/585/10 454/586/54 453/587/66 
s 4
f 266/588/10 50/589/23 452/590/25 454/591/54 
s 1
f 286/592/10 257/593/23 455/594/25 456/595/54 
s 4
f 257/596/23 260/597/24 457/598/2 455/599/25 
s 1
f 260/600/24 291/601/9 458/602/66 457/603/2 
s 4
f 291/604/9 286/605/10 456/606/54 458/607/66 
s 1
f 296/608/10 267/609/23 459/610/25 460/611/54 
s 4
f 267/612/23 270/613/24 461/614/2 459/615/25 
s 1
f 270/616/24 301/617/9 462/618/66 461/619/2 
s 4
f 301/620/9 296/621/10 460/622/54 462/623/66 
s 1
f 316/624/10 287/625/23 463/626/25 464/627/54 
s 4
f 287/628/23 290/629/24 465/630/2 463/631/25 
s 1
f 290/632/24 321/633/9 466/634/66 465/635/2 
s 4
f 321/636/9 316/637/10 464/638/54 466/639/66 
s 1
f 326/640/10 297/641/23 467/642/25 468/643/54 
s 4
f 297/644/23 300/645/24 469/646/2 467/647/25 
s 1
f 300/648/24 331/649/9 470/650/66 469/651/2 
s 4
f 331/652/9 326/653/10 468/654/54 470/655/66 
s 1
f 346/656/10 317/657/23 471/658/25 472/659/54 
s 4
f 317/660/23 320/661/24 473/662/2 471/663/25 
s 1
f 320/664/24 351/665/9 474/666/66 473/667/2 
s 4
f 351/668/9 346/669/10 472/670/54 474/671/66 
s 1
f 356/672/10 327/673/23 475/674/25 476/675/54 
s 4
f 327/676/23 330/677/24 477/678/2 475/679/25 
s 1
f 330/680/24 361/681/9 478/682/66 477/683/2 
s 4
f 361/684/9 356/685/10 476/686/54 478/687/66 
s 1
f 395/688/10 347/689/23 479/690/25 480/691/54 
s 4
f 347/692/23 350/693/24 481/694/2 479/695/25 
s 1
f 350/696/24 398/697/9 482/698/66 481/699/2 
s 4
f 398/700/9 395/701/10 480/702/54 482/703/66 
s 1
f 403/704/10 357/705/23 483/706/25 484/707/54 
s 4
f 357/708/23 360/709/24 485/710/2 483/711/25 
s 1
f 360/712/24 406/713/9 486/714/66 485/715/2 
s 4
f 406/716/9 403/717/10 484/718/54 486/719/66 
s 1
f 52/720/9 51/721/10 487/722/54 488/723/66 
s 4
f 51/724/10 489/725/23 490/726/25 487/727/54 
f 438/728/24 52/729/9 488/730/66 491/731/2 
s 1
f 10/10/4 9/9/3 28/28/3 492/732/67 
f 492/732/67 28/28/3 31/31/19 493/733/68 
f 435/529/4 91/93/1 54/54/1 494/734/67 
f 494/734/67 54/54/1 57/57/19 495/735/68 
s 2
f 496/736/69 497/737/70 29/738/17 89/739/32 
f 498/740/69 499/741/70 55/742/17 90/743/32 
s 1
f 21/21/13 500/744/12 501/745/71 22/22/14 
f 376/422/13 502/746/12 503/747/11 377/423/14 
f 384/430/13 504/748/12 505/749/11 385/431/14 
f 506/750/43 507/751/45 500/744/12 21/21/13 
f 377/423/14 503/747/11 508/752/12 380/426/13 
f 385/431/14 505/749/11 509/753/72 388/434/13 
s 2
f 510/754/9 372/755/26 108/756/26 511/757/8 
f 511/757/8 108/756/26 111/306/26 279/309/9 
f 278/308/8 136/307/26 139/342/26 309/345/9 
f 308/344/8 164/343/26 167/378/26 339/381/9 
f 338/380/8 192/379/26 195/758/26 512/759/9 
f 513/760/24 373/761/42 372/755/26 510/754/9 
f 278/308/8 514/762/7 515/763/10 279/309/9 
f 308/344/8 516/764/7 517/765/10 309/345/9 
f 338/380/8 518/766/7 519/767/10 339/381/9 
s 1
f 68/768/23 71/769/24 520/770/2 521/771/25 
s 4
f 71/772/24 276/773/9 522/774/66 520/775/2 
s 1
f 276/776/9 272/777/10 523/778/54 522/779/66 
s 4
f 272/780/10 68/781/23 521/782/25 523/783/54 
s 1
f 273/784/23 277/785/24 524/786/2 525/787/25 
s 4
f 277/788/24 306/789/9 526/790/66 524/791/2 
s 1
f 306/792/9 302/793/10 527/794/54 526/795/66 
s 4
f 302/796/10 273/797/23 525/798/25 527/799/54 
s 1
f 303/800/23 307/801/24 528/802/2 529/803/25 
s 4
f 307/804/24 336/805/9 530/806/66 528/807/2 
s 1
f 336/808/9 332/809/10 531/810/54 530/811/66 
s 4
f 332/812/10 303/813/23 529/814/25 531/815/54 
s 1
f 333/816/23 337/817/24 532/818/2 533/819/25 
s 4
f 337/820/24 534/821/9 535/822/66 532/823/2 
s 1
f 534/824/9 364/825/10 536/826/54 535/827/66 
s 4
f 364/828/10 333/829/23 533/830/25 536/831/54 
s 1
f 70/832/9 69/833/10 537/834/54 538/835/66 
s 4
f 69/836/10 539/837/23 540/838/19 537/839/54 
s 1
f 539/840/23 541/841/24 542/842/2 540/843/19 
s 4
f 541/844/24 70/845/9 538/846/66 542/847/2 
s 2
f 543/848/10 510/754/9 511/757/8 544/849/7 
s 1
f 511/850/8 279/851/9 545/852/66 546/853/73 
s 4
f 279/854/9 515/855/10 547/856/55 545/857/66 
s 1
f 515/858/10 544/859/7 548/860/74 547/861/55 
f 278/862/8 309/863/9 549/864/66 550/865/73 
s 4
f 309/866/9 517/867/10 551/868/54 549/869/66 
s 1
f 517/870/10 514/871/7 552/872/74 551/873/54 
f 308/874/8 339/875/9 553/876/66 554/877/73 
s 4
f 339/878/9 519/879/10 555/880/55 553/881/66 
s 1
f 519/882/10 516/883/7 556/884/74 555/885/55 
f 338/886/8 512/887/9 557/888/66 558/889/73 
s 4
f 512/890/9 559/891/10 560/892/54 557/893/66 
s 1
f 559/894/10 518/895/7 561/896/74 560/897/54 
f 513/898/24 510/899/9 562/900/66 563/901/2 
s 4
f 510/902/9 543/903/10 564/904/55 562/905/66 
s 1
f 543/906/10 565/907/23 566/908/25 564/909/55 
s 4
f 565/910/23 513/911/24 563/912/2 566/913/25 
s 2
f 60/60/10 567/914/9 568/915/8 61/61/7 
f 134/143/7 131/142/20 105/113/20 107/112/10 
f 162/175/7 159/174/20 132/145/20 135/144/10 
f 190/207/7 187/206/20 160/177/20 163/176/10 
f 441/916/34 422/917/1 362/918/39 188/209/20 191/208/10 
f 559/919/10 534/920/9 337/377/24 518/766/7 
f 518/766/7 337/377/24 336/376/9 519/767/10 
f 519/767/10 336/376/9 307/341/24 516/764/7 
f 516/764/7 307/341/24 306/340/9 517/765/10 
f 517/765/10 306/340/9 277/305/24 514/762/7 
f 514/762/7 277/305/24 276/304/9 515/763/10 
f 515/763/10 276/304/9 71/71/24 544/849/7 
f 544/849/7 71/71/24 70/70/9 543/848/10 
f 543/848/10 70/70/9 541/921/24 565/922/23 
f 274/302/8 134/143/7 107/112/10 275/303/9 
f 304/338/8 162/175/7 135/144/10 305/339/9 
f 334/374/8 190/207/7 163/176/10 335/375/9 
f 366/412/44 441/916/34 191/208/10 367/413/9 
f 567/914/9 69/69/10 68/68/23 568/915/8 
f 568/915/8 68/68/23 272/300/10 275/303/9 
f 274/302/8 273/301/23 302/336/10 305/339/9 
f 304/338/8 303/337/23 332/372/10 335/375/9 
f 334/374/8 333/373/23 364/410/10 367/413/9 
f 569/923/24 539/924/23 69/69/10 567/914/9 
s 1
f 107/925/10 61/926/7 570/927/75 571/928/54 
f 568/929/8 275/930/9 572/931/66 573/932/73 
s 4
f 275/933/9 107/934/10 571/935/54 572/936/66 
f 274/937/8 305/938/9 574/939/66 575/940/73 
s 1
f 305/941/9 135/942/10 576/943/54 574/944/66 
s 4
f 135/945/10 134/946/7 577/947/75 576/948/54 
f 304/949/8 335/950/9 578/951/66 579/952/73 
s 1
f 335/953/9 163/954/10 580/955/54 578/956/66 
s 4
f 163/957/10 162/958/7 581/959/75 580/960/54 
f 334/961/8 367/962/9 582/963/66 583/964/73 
s 1
f 367/965/9 191/966/10 584/967/54 582/968/66 
s 4
f 191/969/10 190/970/7 585/971/75 584/972/54 
s 1
f 567/973/9 60/974/10 586/975/54 587/976/66 
s 4
f 60/977/10 247/978/23 588/979/25 586/980/54 
s 1
f 247/981/23 569/982/24 589/983/2 588/984/25 
s 4
f 569/985/24 567/986/9 587/987/66 589/988/2 
s 1
f 438/989/24 491/990/2 490/991/25 489/992/23 
s 2
f 590/993/24 442/994/23 236/256/10 239/259/9 
f 14/14/8 93/95/7 245/267/10 15/15/9 
f 44/44/9 51/51/10 50/50/23 45/45/8 
f 238/258/8 237/257/23 256/280/10 259/283/9 
f 45/45/8 50/50/23 266/292/10 269/295/9 
f 258/282/8 257/281/23 286/316/10 289/319/9 
f 268/294/8 267/293/23 296/328/10 299/331/9 
f 288/318/8 287/317/23 316/352/10 319/355/9 
f 298/330/8 297/329/23 326/364/10 329/367/9 
f 318/354/8 317/353/23 346/388/10 349/391/9 
f 328/366/8 327/365/23 356/400/10 359/403/9 
f 348/390/8 347/389/23 395/442/10 396/445/9 
f 358/402/8 357/401/23 403/458/10 404/461/9 
f 238/258/8 13/13/7 16/16/10 239/259/9 
f 591/995/24 489/996/23 51/51/10 44/44/9 
f 254/278/8 113/119/7 94/96/10 255/279/9 
f 258/282/8 253/277/7 252/276/10 259/283/9 
f 264/290/8 124/131/7 101/104/10 265/291/9 
f 268/294/8 263/289/7 262/288/10 269/295/9 
f 284/314/8 141/151/7 114/120/10 285/315/9 
f 288/318/8 283/313/7 282/312/10 289/319/9 
f 294/326/8 152/163/7 125/132/10 295/327/9 
f 298/330/8 293/325/7 292/324/10 299/331/9 
f 314/350/8 169/183/7 142/152/10 315/351/9 
f 318/354/8 313/349/7 312/348/10 319/355/9 
f 324/362/8 180/195/7 153/164/10 325/363/9 
f 328/366/8 323/361/7 322/360/10 329/367/9 
f 344/386/8 219/237/7 170/184/10 345/387/9 
f 348/390/8 343/385/7 342/384/10 349/391/9 
f 354/398/8 230/249/7 181/196/10 355/399/9 
f 358/402/8 353/397/7 352/396/10 359/403/9 
f 393/440/34 201/512/34 220/238/10 394/441/9 
f 197/444/34 196/439/34 392/438/10 396/445/9 
f 401/456/34 211/526/34 231/250/10 402/457/9 
f 203/460/34 202/455/34 400/454/10 404/461/9 
f 14/14/8 13/13/7 252/276/10 255/279/9 
f 254/278/8 253/277/7 282/312/10 285/315/9 
f 284/314/8 283/313/7 312/348/10 315/351/9 
f 314/350/8 313/349/7 342/384/10 345/387/9 
f 344/386/8 343/385/7 392/438/10 394/441/9 
f 592/997/24 593/998/23 16/16/10 15/15/9 
f 432/523/9 43/43/10 42/42/7 433/524/8 
f 433/524/8 42/42/7 262/288/10 265/291/9 
f 264/290/8 263/289/7 292/324/10 295/327/9 
f 294/326/8 293/325/7 322/360/10 325/363/9 
f 324/362/8 323/361/7 352/396/10 355/399/9 
f 354/398/8 353/397/7 400/454/10 402/457/9 
f 594/999/24 595/1000/23 43/43/10 432/523/9 
s 1
f 593/1001/23 590/1002/24 596/1003/2 597/1004/25 
s 4
f 590/1005/24 239/1006/9 598/1007/66 596/1008/2 
s 1
f 239/1009/9 16/1010/10 599/1011/54 598/1012/66 
s 4
f 16/1013/10 593/1014/23 597/1015/25 599/1016/54 
f 238/1017/8 259/1018/9 600/1019/66 601/1020/73 
s 1
f 259/1021/9 252/1022/10 602/1023/54 600/1024/66 
s 4
f 252/1025/10 13/1026/7 603/1027/75 602/1028/54 
s 1
f 262/1029/10 42/1030/7 604/1031/75 605/1032/54 
f 45/1033/8 269/1034/9 606/1035/66 607/1036/73 
s 4
f 269/1037/9 262/1038/10 605/1039/54 606/1040/66 
f 258/1041/8 289/1042/9 608/1043/66 609/1044/73 
s 1
f 289/1045/9 282/1046/10 610/1047/54 608/1048/66 
s 4
f 282/1049/10 253/1050/7 611/1051/75 610/1052/54 
f 268/1053/8 299/1054/9 612/1055/66 613/1056/73 
s 1
f 299/1057/9 292/1058/10 614/1059/54 612/1060/66 
s 4
f 292/1061/10 263/1062/7 615/1063/75 614/1064/54 
f 288/1065/8 319/1066/9 616/1067/66 617/1068/73 
s 1
f 319/1069/9 312/1070/10 618/1071/54 616/1072/66 
s 4
f 312/1073/10 283/1074/7 619/1075/75 618/1076/54 
f 298/1077/8 329/1078/9 620/1079/66 621/1080/73 
s 1
f 329/1081/9 322/1082/10 622/1083/54 620/1084/66 
s 4
f 322/1085/10 293/1086/7 623/1087/75 622/1088/54 
f 318/1089/8 349/1090/9 624/1091/66 625/1092/73 
s 1
f 349/1093/9 342/1094/10 626/1095/54 624/1096/66 
s 4
f 342/1097/10 313/1098/7 627/1099/75 626/1100/54 
f 328/1101/8 359/1102/9 628/1103/66 629/1104/73 
s 1
f 359/1105/9 352/1106/10 630/1107/54 628/1108/66 
s 4
f 352/1109/10 323/1110/7 631/1111/75 630/1112/54 
f 348/1113/8 396/1114/9 632/1115/66 633/1116/73 
s 1
f 396/1117/9 392/1118/10 634/1119/54 632/1120/66 
s 4
f 392/1121/10 343/1122/7 635/1123/75 634/1124/54 
f 358/1125/8 404/1126/9 636/1127/66 637/1128/73 
s 1
f 404/1129/9 400/1130/10 638/1131/54 636/1132/66 
s 4
f 400/1133/10 353/1134/7 639/1135/75 638/1136/54 
s 1
f 44/1137/9 43/1138/10 640/1139/54 641/1140/66 
s 4
f 43/1141/10 595/1142/23 642/1143/25 640/1144/54 
s 1
f 595/1145/23 591/1146/24 643/1147/2 642/1148/25 
s 4
f 591/1149/24 44/1150/9 641/1151/66 643/1152/2 
s 1
f 94/1153/10 93/1154/7 644/1155/75 645/1156/54 
f 14/1157/8 255/1158/9 646/1159/66 647/1160/73 
s 4
f 255/1161/9 94/1162/10 645/1163/54 646/1164/66 
s 1
f 114/1165/10 113/1166/7 648/1167/75 649/1168/54 
f 254/1169/8 285/1170/9 650/1171/66 651/1172/73 
s 4
f 285/1173/9 114/1174/10 649/1175/54 650/1176/66 
s 1
f 142/1177/10 141/1178/7 652/1179/75 653/1180/54 
f 284/1181/8 315/1182/9 654/1183/66 655/1184/73 
s 4
f 315/1185/9 142/1186/10 653/1187/54 654/1188/66 
s 1
f 170/1189/10 169/1190/7 656/1191/75 657/1192/54 
f 314/1193/8 345/1194/9 658/1195/66 659/1196/73 
s 4
f 345/1197/9 170/1198/10 657/1199/54 658/1200/66 
s 1
f 220/1201/10 219/1202/7 660/1203/75 661/1204/54 
f 344/1205/8 394/1206/9 662/1207/66 663/1208/73 
s 4
f 394/1209/9 220/1210/10 661/1211/54 662/1212/66 
s 1
f 15/1213/9 245/1214/10 664/1215/54 665/1216/66 
s 4
f 245/1217/10 244/1218/23 666/1219/25 664/1220/54 
s 1
f 244/1221/23 592/1222/24 667/1223/2 666/1224/25 
s 4
f 592/1225/24 15/1226/9 665/1227/66 667/1228/2 
s 1
f 101/1229/10 35/1230/7 668/1231/75 669/1232/54 
f 433/1233/8 265/1234/9 670/1235/66 671/1236/73 
s 4
f 265/1237/9 101/1238/10 669/1239/54 670/1240/66 
s 1
f 125/1241/10 124/1242/7 672/1243/75 673/1244/54 
f 264/1245/8 295/1246/9 674/1247/66 675/1248/73 
s 4
f 295/1249/9 125/1250/10 673/1251/54 674/1252/66 
s 1
f 153/1253/10 152/1254/7 676/1255/75 677/1256/54 
f 294/1257/8 325/1258/9 678/1259/66 679/1260/73 
s 4
f 325/1261/9 153/1262/10 677/1263/54 678/1264/66 
s 1
f 181/1265/10 180/1266/7 680/1267/75 681/1268/54 
f 324/1269/8 355/1270/9 682/1271/66 683/1272/73 
s 4
f 355/1273/9 181/1274/10 681/1275/54 682/1276/66 
s 1
f 231/1277/10 230/1278/7 684/1279/75 685/1280/54 
f 354/1281/8 402/1282/9 686/1283/66 687/1284/73 
s 4
f 402/1285/9 231/1286/10 685/1287/54 686/1288/66 
s 1
f 34/1289/10 246/1290/23 688/1291/25 689/1292/54 
s 4
f 246/1293/23 594/1294/24 690/1295/2 688/1296/25 
s 1
f 594/1297/24 432/1298/9 691/1299/66 690/1300/2 
s 4
f 432/1301/9 34/1302/10 689/1303/54 691/1304/66 
s 1
f 243/1305/28 242/1306/20 692/1307/29 693/1308/76 
f 92/1309/20 95/1310/20 694/1311/77 695/1312/29 
f 112/1313/20 115/1314/20 696/1315/29 697/1316/78 
f 140/1317/20 143/1318/20 698/1319/29 699/1320/29 
f 168/1321/20 171/1322/33 700/1323/79 701/1324/29 
s 4
f 427/1325/16 426/1326/62 702/1327/80 703/1328/81 
f 27/1329/16 26/1330/15 704/1331/82 705/1332/83 
s 2
f 26/1333/15 399/1334/49 496/736/69 704/1335/82 
f 209/1336/38 212/1337/40 706/1338/84 497/737/70 
s 4
f 212/1339/40 430/1340/19 707/1341/31 706/1342/84 
f 430/1340/19 431/1343/64 708/1344/85 707/1341/31 
s 2
f 214/1345/38 217/1346/40 709/1347/84 499/741/70 
s 4
f 217/1348/40 439/1349/19 710/1350/31 709/1351/84 
f 439/1349/19 440/1352/64 711/1353/85 710/1350/31 
f 48/1354/16 47/1355/22 712/1356/86 713/1357/87 
f 46/1358/16 49/1359/15 714/1360/88 715/1361/83 
s 2
f 49/1362/15 407/1363/49 498/740/69 714/1364/88 
s 4
f 703/1328/81 702/1327/80 705/1332/83 12/1365/6 11/1366/5 
f 705/1332/83 704/1331/82 429/1367/63 12/1365/6 
s 2
f 704/1335/82 496/736/69 89/739/32 429/1368/63 
f 497/737/70 706/1338/84 30/1369/18 29/738/17 
s 4
f 706/1342/84 707/1341/31 31/1370/19 30/1371/18 
f 707/1341/31 708/1344/85 493/1372/68 31/1370/19 
s 2
f 499/741/70 709/1347/84 56/1373/18 55/742/17 
s 4
f 709/1351/84 710/1350/31 57/1374/19 56/1375/18 
f 710/1350/31 711/1353/85 495/1376/68 57/1374/19 
f 713/1357/87 712/1356/86 715/1361/83 434/1377/2 436/1378/65 
f 715/1361/83 714/1360/88 437/1379/63 434/1377/2 
s 2
f 714/1364/88 498/740/69 90/743/32 437/1380/63 
s 4
f 78/78/27 77/77/27 716/1381/27 717/1382/27 
f 77/77/27 249/273/43 718/1383/25 716/1381/27 
s 1
f 249/1384/43 81/1385/30 719/1386/2 718/1387/25 
s 4
f 81/82/30 80/81/29 720/1388/29 719/1389/2 
f 80/81/29 98/100/29 721/1390/29 720/1388/29 
f 98/100/29 100/103/29 722/1391/29 721/1390/29 
f 100/103/29 120/126/29 723/1392/29 722/1391/29 
f 120/126/29 123/129/29 724/1393/29 723/1392/29 
f 123/129/29 148/158/29 725/1394/29 724/1393/29 
f 148/158/29 151/161/29 726/1395/29 725/1394/29 
f 151/161/29 176/190/29 727/1396/29 726/1395/29 
f 176/190/29 179/193/29 728/1397/29 727/1396/29 
f 179/193/29 226/244/29 729/1398/29 728/1397/29 
f 226/244/29 229/247/29 730/1399/29 729/1398/29 
f 229/247/29 209/453/38 731/1400/29 730/1399/29 
f 209/453/38 497/1401/70 732/1402/66 731/1400/29 
s 1
f 497/1403/70 496/1404/69 733/1405/54 732/1406/66 
s 4
f 496/1407/69 399/450/49 734/1408/27 733/1409/54 
f 399/450/49 224/242/27 735/1410/27 734/1408/27 
f 224/242/27 223/241/27 736/1411/27 735/1410/27 
f 223/241/27 174/188/27 737/1412/27 736/1411/27 
f 174/188/27 173/187/27 738/1413/27 737/1412/27 
f 173/187/27 146/156/27 739/1414/27 738/1413/27 
f 146/156/27 145/155/27 740/1415/27 739/1414/27 
f 145/155/27 118/124/27 741/1416/27 740/1415/27 
f 118/124/27 117/123/27 742/1417/27 741/1416/27 
f 117/123/27 96/98/27 743/1418/27 742/1417/27 
f 96/98/27 78/78/27 717/1382/27 743/1418/27 
f 85/86/31 84/85/27 744/1419/27 745/1420/27 
f 84/85/27 251/275/43 746/1421/25 744/1419/27 
s 1
f 251/1422/43 88/1423/30 747/1424/2 746/1425/25 
s 4
f 88/90/30 87/89/29 748/1426/29 747/1427/2 
f 87/89/29 104/108/29 749/1428/29 748/1426/29 
f 104/108/29 106/111/29 750/1429/29 749/1428/29 
f 106/111/29 130/138/29 751/1430/29 750/1429/29 
f 130/138/29 133/141/29 752/1431/29 751/1430/29 
f 133/141/29 158/170/29 753/1432/29 752/1431/29 
f 158/170/29 161/173/29 754/1433/29 753/1432/29 
f 161/173/29 186/202/29 755/1434/29 754/1433/29 
f 186/202/29 189/205/29 756/1435/29 755/1434/29 
f 189/205/29 363/409/30 757/1436/29 756/1435/29 
f 363/409/30 409/471/51 758/1437/29 757/1436/29 
f 409/471/51 214/470/38 759/1438/29 758/1437/29 
f 214/470/38 499/1439/70 760/1440/66 759/1438/29 
s 1
f 499/1441/70 498/1442/69 761/1443/54 760/1444/66 
s 4
f 498/1445/69 407/466/49 762/1446/27 761/1447/54 
f 407/466/49 234/254/27 763/1448/27 762/1446/27 
f 234/254/27 233/253/27 764/1449/27 763/1448/27 
f 233/253/27 184/200/27 765/1450/27 764/1449/27 
f 184/200/27 183/199/27 766/1451/27 765/1450/27 
f 183/199/27 156/168/27 767/1452/27 766/1451/27 
f 156/168/27 155/167/27 768/1453/27 767/1452/27 
f 155/167/27 128/136/27 769/1454/27 768/1453/27 
f 128/136/27 127/135/27 770/1455/27 769/1454/27 
f 127/135/27 102/106/27 771/1456/27 770/1455/27 
f 102/106/27 85/86/31 745/1420/27 771/1456/27 
s 2
f 46/1457/16 715/1458/83 772/1459/89 773/1460/67 
s 1
f 715/1461/83 712/1462/86 774/1463/52 772/1464/89 
s 2
f 712/1465/86 47/1466/22 775/1467/34 774/1468/52 
s 1
f 47/47/22 46/46/16 773/1469/67 775/1470/34 
s 2
f 27/1471/16 705/1472/83 776/1473/89 777/1474/4 
s 1
f 705/1475/83 702/1476/80 778/1477/52 776/1478/89 
s 2
f 702/1479/80 426/1480/62 779/1481/37 778/1482/52 
s 1
f 426/514/62 27/27/16 777/1483/4 779/1484/37 
f 780/1485/90 389/435/46 388/434/13 509/753/72 
f 504/748/12 384/430/13 381/427/14 781/1486/71 
f 781/1486/71 381/427/14 380/426/13 508/752/12 
f 502/746/12 376/422/13 22/22/14 501/745/71 
s off
f 782/1487/60 783/1488/61 784/1489/16 785/1490/64 
f 8/8/1 786/1491/91 787/1492/92 788/1493/67 789/1494/93 790/1495/94 5/5/2 
f 8/8/1 1/1/1 791/1496/64 792/1497/16 793/1498/64 794/1499/16 795/1500/64 796/1501/16 797/1502/64 798/1503/16 799/1504/64 800/1505/95 786/1491/91 
f 801/1506/60 802/1507/61 803/1508/96 804/1509/97 
f 805/1510/53 806/1511/61 807/1512/98 808/1513/97 
f 809/1514/60 810/1515/61 811/1516/99 812/1517/100 
f 813/1518/60 814/1519/61 815/1520/16 816/1521/64 
f 817/1522/55 818/1523/54 819/1524/25 820/1525/19 
f 821/1526/101 822/1527/61 823/1528/102 824/1529/64 
f 825/1530/60 826/1531/61 827/1532/103 828/1533/104 
f 829/1534/60 830/1535/61 831/1536/105 832/1537/106 
f 833/1538/67 834/1539/4 835/1540/107 836/1541/89 
f 789/1542/93 788/1543/67 837/1544/108 838/1545/81 
f 788/1543/67 833/1538/67 836/1541/89 837/1544/108 
f 839/1546/67 840/1547/4 841/1548/107 842/1549/89 
f 840/1547/4 843/1550/109 844/1551/110 841/1548/107 
f 845/1552/67 846/1553/67 847/1554/107 848/1555/107 
f 846/1553/67 849/1556/111 850/1557/112 847/1554/107 
f 834/1539/4 851/1558/67 852/1559/107 835/1540/107 
f 853/1560/109 839/1546/67 842/1549/89 854/1561/113 
f 855/1562/67 845/1552/67 848/1555/107 856/1563/89 
f 857/1564/4 858/1565/4 859/1566/114 860/1567/108 
f 861/1568/115 862/1569/116 863/1570/117 864/1571/118 
f 865/1572/67 866/1573/67 867/1574/114 868/1575/108 
f 869/1576/67 870/1577/114 871/1578/108 872/1579/67 
f 873/1580/4 874/1581/4 875/1582/114 876/1583/108 
f 877/1584/67 878/1585/114 879/1586/108 880/1587/67 
f 881/1588/67 882/1589/114 883/1590/108 884/1591/67 
f 885/1592/119 886/1593/4 887/1594/108 888/1595/115 
f 889/1596/120 890/1597/4 891/1598/108 892/1599/115 
f 864/1571/118 863/1570/117 893/1600/121 894/1601/122 
f 888/1595/115 887/1594/108 895/1602/123 896/1603/81 
f 892/1599/115 891/1598/108 897/1604/123 898/1605/81 
f 899/1606/124 900/1607/125 901/1608/126 902/1609/127 
f 894/1601/122 893/1600/121 903/1610/121 904/1611/122 
f 905/1612/124 906/1613/125 907/1614/126 908/1615/127 
f 909/1616/125 910/1617/114 911/1618/127 912/1619/124 
f 913/1620/124 914/1621/125 915/1622/126 916/1623/127 
f 917/1624/125 918/1625/126 919/1626/127 920/1627/124 
f 921/1628/125 922/1629/114 923/1630/127 924/1631/124 
f 896/1603/81 895/1602/123 925/1632/127 926/1633/87 
f 898/1605/81 897/1604/123 927/1634/127 928/1635/87 
f 904/1611/122 903/1610/121 929/1636/128 930/1637/129 
f 926/1633/87 925/1632/127 931/1638/123 932/1639/130 
f 928/1635/87 927/1634/127 933/1640/123 934/1641/130 
f 935/1642/124 936/1643/131 937/1644/114 938/1645/127 
f 930/1637/129 929/1636/128 939/1646/128 940/1647/129 
f 941/1648/124 942/1649/131 943/1650/114 944/1651/127 
f 945/1652/131 946/1653/114 947/1654/127 948/1655/124 
f 949/1656/124 950/1657/131 951/1658/114 952/1659/127 
f 953/1660/131 954/1661/114 955/1662/127 956/1663/124 
f 957/1664/131 958/1665/114 959/1666/127 960/1667/124 
f 932/1639/130 931/1638/123 961/1668/127 962/1669/130 
f 934/1641/130 933/1640/123 963/1670/127 964/1671/130 
f 940/1647/129 939/1646/128 965/1672/132 966/1673/133 
f 962/1669/130 961/1668/127 967/1674/134 968/1675/130 
f 964/1671/130 963/1670/127 969/1676/134 970/1677/130 
f 971/1678/135 972/1679/136 973/1680/137 974/1681/138 
f 966/1673/133 965/1672/132 975/1682/132 976/1683/81 
f 977/1684/135 978/1685/136 979/1686/137 980/1687/138 
f 981/1688/136 982/1689/137 983/1690/108 984/1691/135 
f 985/1692/135 986/1693/136 987/1694/137 988/1695/138 
f 989/1696/136 990/1697/137 991/1698/138 992/1699/135 
f 993/1700/136 994/1701/137 995/1702/108 996/1703/135 
f 968/1675/130 967/1674/134 997/1704/108 998/1705/130 
f 970/1677/130 969/1676/134 999/1706/108 1000/1707/139 
f 976/1683/81 975/1682/132 1001/1708/121 1002/1709/122 
f 998/1705/130 997/1704/108 1003/1710/123 1004/1711/81 
f 1000/1707/139 999/1706/108 1005/1712/123 1006/1713/81 
f 1007/1714/124 1008/1715/131 1009/1716/114 1010/1717/108 
f 1002/1709/122 1001/1708/121 1011/1718/121 1012/1719/122 
f 1013/1720/124 1014/1721/131 1015/1722/114 1016/1723/108 
f 1017/1724/131 1018/1725/114 1019/1726/108 1020/1727/124 
f 1021/1728/124 1022/1729/131 1023/1730/114 1024/1731/108 
f 1025/1732/131 1026/1733/114 1027/1734/108 1028/1735/124 
f 1029/1736/131 1030/1737/114 1031/1738/108 1032/1739/124 
f 1004/1711/81 1003/1710/123 1033/1740/108 1034/1741/81 
f 1006/1713/81 1005/1712/123 1035/1742/108 1036/1743/81 
f 1012/1719/122 1011/1718/121 1037/1744/121 1038/1745/140 
f 1034/1741/81 1033/1740/108 1039/1746/123 1040/1747/87 
f 1036/1743/81 1035/1742/108 1041/1748/123 1042/1749/87 
f 11/1750/5 10/1751/4 1043/1752/108 703/1753/81 
f 10/1751/4 492/1754/67 1044/1755/114 1043/1752/108 
f 492/1754/67 493/1756/68 708/1757/85 1044/1755/114 
f 703/1753/81 1043/1752/108 1045/1758/45 427/1759/16 
f 1044/1755/114 708/1757/85 431/1760/64 1046/1761/141 
f 436/1762/65 435/1763/4 1047/1764/108 713/1765/87 
f 435/1763/4 494/1766/67 1048/1767/114 1047/1764/108 
f 494/1766/67 495/1768/68 711/1769/85 1048/1767/114 
f 713/1765/87 1047/1764/108 1049/1770/45 48/1771/16 
f 1048/1767/114 711/1769/85 440/1772/64 1050/1773/141 
f 851/1558/67 1051/1774/111 1052/1775/112 852/1559/107 
f 1053/1776/93 853/1560/109 854/1561/113 1054/1777/142 
f 843/1550/109 1055/1778/111 1056/1779/143 844/1551/110 
f 1057/1780/93 855/1562/67 856/1563/89 1058/1781/144 
f 1059/1782/116 1060/1783/145 1061/1784/116 1062/680/146 
f 1063/1785/116 1064/1786/116 1065/664/146 1066/1787/116 
f 888/1788/115 896/1266/81 1067/1789/147 1068/1790/148 
f 1063/1791/116 1069/1792/116 1070/1793/116 1064/1794/116 
f 1071/1795/81 1072/1796/115 1073/1797/87 1074/1798/87 
f 1060/1799/145 1075/1800/116 1076/1801/116 1061/1802/116 
f 1077/1803/149 1078/1804/115 1079/1805/87 1080/1806/87 
f 1081/1807/150 1082/1808/147 1083/1809/51 1084/1810/151 
f 1062/680/146 1061/1784/116 1085/1811/116 1086/649/146 
f 1064/1794/116 1070/1793/116 1087/1812/116 1088/1813/116 
f 1074/1798/87 1073/1797/87 1089/1814/87 1090/1815/87 
f 1061/1802/116 1076/1801/116 1091/1816/116 1085/1817/116 
f 1080/1806/87 1079/1805/87 1092/1818/87 1093/1819/87 
f 1086/649/146 1085/1811/116 1094/1820/85 1095/648/85 
f 1088/1821/116 1096/1822/85 1097/632/85 1098/633/146 
f 926/1253/87 932/1254/130 1099/1823/152 1100/1824/51 
f 1088/1813/116 1087/1812/116 1101/1825/85 1096/1826/85 
f 1090/1815/87 1089/1814/87 1102/1827/130 1103/1828/130 
f 1085/1817/116 1091/1816/116 1104/1829/85 1094/1830/85 
f 1093/1819/87 1092/1818/87 1105/1831/130 1106/1832/130 
f 1107/1833/153 1108/1834/152 1109/1835/154 1110/1836/155 
f 1095/648/85 1094/1820/85 1111/1837/85 1112/617/85 
f 1096/1826/85 1101/1825/85 1113/1838/85 1114/1839/85 
f 1103/1828/130 1102/1827/130 1115/1840/130 1116/1841/130 
f 1094/1830/85 1104/1829/85 1117/1842/85 1111/1843/85 
f 1106/1832/130 1105/1831/130 1118/1844/130 1119/1845/130 
f 1112/617/85 1111/1837/85 1120/1846/156 1121/1847/156 
f 1114/1848/85 1122/1849/156 1123/1850/156 1124/601/85 
f 962/1241/130 968/1851/130 1125/1852/157 1126/1853/154 
f 1114/1839/85 1113/1838/85 1127/1854/156 1122/1855/156 
f 1116/1841/130 1115/1840/130 1128/1856/130 1129/1857/130 
f 1111/1843/85 1117/1842/85 1130/1858/156 1120/1859/156 
f 1119/1845/130 1118/1844/130 1131/1860/130 1132/1861/129 
f 1133/1862/158 1134/1863/157 1135/1864/159 1136/1865/160 
f 1121/1847/156 1120/1846/156 1137/1866/156 1138/581/156 
f 1122/1855/156 1127/1854/156 1139/1867/156 1140/1868/156 
f 1129/1857/130 1128/1856/130 1141/1869/130 1142/1870/130 
f 1120/1859/156 1130/1858/156 1143/1871/161 1137/1872/156 
f 1132/1861/129 1131/1860/130 1144/1873/129 1145/1874/130 
f 1138/581/156 1137/1866/156 1146/1875/146 1147/580/146 
f 1140/1876/156 1148/1877/146 1149/568/146 1150/569/156 
f 998/1229/130 1004/1230/81 1151/1878/162 1152/1879/159 
f 1140/1868/156 1139/1867/156 1153/1880/146 1148/1881/146 
f 1142/1870/130 1141/1869/130 1154/1882/81 1155/1883/81 
f 1137/1872/156 1143/1871/161 1156/1884/146 1146/1885/146 
f 1145/1874/130 1144/1873/129 1157/1886/81 1158/1887/81 
f 1159/1888/163 1160/1889/162 1161/1890/51 1162/1891/83 
f 1147/580/146 1146/1875/146 1163/1892/146 1164/729/146 
f 1148/1881/146 1153/1880/146 1165/1893/146 1166/1894/146 
f 1155/1883/81 1154/1882/81 1167/1895/81 1168/1896/81 
f 1146/1885/146 1156/1884/146 1169/1897/146 1163/1898/146 
f 1158/1887/81 1157/1886/81 1170/1899/81 1171/1900/81 
f 1164/729/146 1163/1892/146 1172/1901/146 1173/1902/146 
f 1166/1903/146 1174/1904/146 1175/1905/146 1176/553/146 
f 1034/1289/81 1040/1906/87 1177/1907/30 1178/1908/51 
f 1166/1894/146 1165/1893/146 1179/1909/123 1174/1910/146 
f 1168/1896/81 1167/1895/81 1180/1911/87 1181/1912/105 
f 1163/1898/146 1169/1897/146 1182/1913/123 1172/1914/146 
f 1171/1900/81 1170/1899/81 1183/1915/87 1184/1916/105 
f 1185/1917/108 1186/1918/50 1187/1919/164 1188/1920/56 
f 1189/1921/165 1190/1922/166 881/1923/67 884/1924/67 1191/1925/1 
f 884/1924/67 858/1926/4 857/1927/4 1192/1928/167 1193/1929/168 1194/1930/169 1195/1931/170 1191/1925/1 
f 1196/1932/171 1197/1933/172 1198/1934/173 1199/1935/174 
f 1200/1936/175 1201/1937/151 1202/1938/173 1203/1939/174 
f 1204/1940/175 1205/1941/151 1206/1942/176 1207/1943/177 
f 1208/1944/171 1209/1945/172 1210/1946/173 1211/1947/174 
f 837/1948/108 836/1949/89 1212/1950/56 1213/1951/164 1214/1952/56 1215/1953/164 1216/1954/56 1217/1955/164 1218/1956/178 1219/1957/179 1220/1958/178 1221/1959/179 1222/1960/180 1223/1961/181 
f 886/1593/4 1224/1962/67 1225/1963/114 887/1594/108 
f 895/1602/123 1226/1964/105 1227/1965/126 925/1632/127 
f 931/1638/123 1228/1966/105 1229/1967/114 961/1668/127 
f 967/1674/134 1230/1968/182 1231/1969/137 997/1704/108 
f 1003/1710/123 1232/1970/105 1233/1971/114 1033/1740/108 
f 1224/1972/67 886/1973/4 1234/1974/21 1235/1975/1 
f 887/1976/108 1225/1977/114 1236/1978/66 1237/1979/54 
f 1225/1980/114 1226/1110/105 1238/1981/6 1236/1982/66 
f 1226/1983/105 895/1984/123 1239/1985/19 1238/1986/6 
f 895/1987/123 887/1988/108 1237/1989/54 1239/1990/19 
f 925/1991/127 1227/1992/126 1240/1993/66 1241/1994/54 
f 1227/1085/126 1228/1086/105 1242/1995/6 1240/1996/66 
f 1228/1997/105 931/1998/123 1243/1999/19 1242/2000/6 
f 931/2001/123 925/2002/127 1241/2003/54 1243/2004/19 
f 961/2005/127 1229/2006/114 1244/2007/183 1245/2008/55 
f 1229/1061/114 1230/2009/182 1246/2010/2 1244/2011/183 
f 1230/2012/182 967/2013/134 1247/2014/25 1246/2015/2 
f 967/2016/134 961/2017/127 1245/2018/55 1247/2019/25 
f 997/2020/108 1231/2021/137 1248/2022/183 1249/2023/55 
f 1231/1029/137 1232/1030/105 1250/2024/2 1248/2025/183 
f 1232/2026/105 1003/2027/123 1251/2028/25 1250/2029/2 
f 1003/2030/123 997/2031/108 1249/2032/55 1251/2033/25 
f 1033/2034/108 1233/2035/114 1252/2036/183 1253/2037/55 
f 1233/1141/114 1254/2038/105 1255/2039/2 1252/2040/183 
f 1254/2041/105 1039/2042/123 1256/2043/25 1255/2044/2 
f 1039/2045/123 1033/2046/108 1253/2047/55 1256/2048/25 
f 890/1597/4 1257/2049/67 1258/2050/114 891/1598/108 
f 897/1604/123 1259/2051/105 1260/2052/126 927/1634/127 
f 933/1640/123 1261/2053/105 1262/2054/114 963/1670/127 
f 969/1676/134 1263/2055/182 1264/2056/137 999/1706/108 
f 1005/1712/123 1265/2057/105 1266/2058/114 1035/1742/108 
f 1257/2059/67 890/2060/4 1267/2061/21 1268/2062/21 
f 891/2063/108 1258/2064/114 1269/2065/66 1270/2066/54 
f 1258/2067/114 1259/829/105 1271/830/6 1269/2068/66 
f 1259/2069/105 897/2070/123 1272/2071/19 1271/2072/6 
f 897/2073/123 891/2074/108 1270/2075/54 1272/2076/19 
f 927/2077/127 1260/2078/126 1273/2079/66 1274/2080/54 
f 1260/812/126 1261/813/105 1275/814/6 1273/2081/66 
f 1261/2082/105 933/2083/123 1276/2084/19 1275/2085/6 
f 933/2086/123 927/2087/127 1274/2088/54 1276/2089/19 
f 963/2090/127 1262/2091/114 1277/2092/183 1278/2093/54 
f 1262/796/114 1263/2094/182 1279/2095/6 1277/799/183 
f 1263/2096/182 969/2097/134 1280/2098/25 1279/2099/6 
f 969/2100/134 963/2101/127 1278/2102/54 1280/2103/25 
f 999/2104/108 1264/2105/137 1281/2106/183 1282/2107/55 
f 1264/780/137 1265/781/105 1283/782/2 1281/783/183 
f 1265/2108/105 1005/2109/123 1284/2110/25 1283/2111/2 
f 1005/2112/123 999/2113/108 1282/2114/55 1284/2115/25 
f 1035/2116/108 1266/2117/114 1285/2118/183 1286/2119/54 
f 1266/836/114 1287/2120/105 1288/2121/6 1285/839/183 
f 1287/2122/105 1041/2123/123 1289/2124/25 1288/2125/6 
f 1041/2126/123 1035/2127/108 1286/2128/54 1289/2129/25 
f 1290/2130/116 1291/2131/184 1292/2132/185 1293/2133/186 
f 1294/2134/187 1290/2130/116 1293/2133/186 1295/2135/188 
f 1296/2136/187 1294/2134/187 1295/2135/188 1297/2137/189 
f 1298/2138/190 1296/2136/187 1297/2137/189 1299/2139/191 
f 1300/2140/190 1298/2138/190 1299/2139/191 1301/2141/191 
f 1302/2142/156 1300/2140/190 1301/2141/191 1303/2143/191 
f 1304/2144/192 1302/2142/156 1303/2143/191 1305/2145/191 
f 1306/2146/187 1304/2144/192 1305/2145/191 1307/2147/189 
f 1308/2148/187 1306/2146/187 1307/2147/189 1309/2149/188 
f 1310/2150/187 1308/2148/187 1309/2149/188 1311/2151/188 
s 1
f 1293/2133/186 1292/2132/185 1312/2152/25 1313/2153/193 
s off
f 872/2154/67 866/2155/67 865/2156/67 1224/1972/67 1235/1975/1 1314/2157/1 
f 1315/2158/166 869/2159/67 872/2154/67 1314/2157/1 1316/2160/194 
f 880/2161/67 874/2162/4 873/2163/4 1257/2059/67 1268/2062/21 1317/2164/21 
f 1291/2165/184 877/2166/67 880/2161/67 1317/2164/21 1312/2167/25 
f 6/2168/2 5/2169/2 1318/2170/83 1319/2171/51 
f 24/2172/2 23/2173/2 1320/2174/83 1321/2175/195 
f 200/2176/35 199/2177/2 1322/2178/195 221/2179/20 
f 5/2169/2 790/2180/94 1323/2181/171 1318/2170/83 
f 700/1323/79 171/1322/33 218/2182/41 1324/2183/196 
s 1
f 1318/2170/83 1325/2184/197 1326/2185/198 1319/2171/51 
s 2
f 862/1569/116 861/1568/115 838/1545/81 837/1544/108 
s 4
f 1234/1974/21 886/1973/4 885/2186/119 1327/2187/199 1328/2188/200 1329/2189/201 
f 1267/2061/21 890/2060/4 889/2190/120 1330/2191/202 1331/2192/202 1332/2193/203 
s off
f 1192/1122/167 1333/2194/118 1334/2195/79 1193/2196/168 
f 1333/2194/118 1335/1098/81 1336/2197/204 1334/2195/79 
f 1335/1098/81 1337/1073/81 1338/2198/83 1336/2197/204 
f 1337/1073/81 1339/1074/130 1340/2199/204 1338/2198/83 
f 1339/1074/130 1341/1049/130 1342/2200/205 1340/2199/204 
f 1341/1049/130 1343/2201/133 1344/2202/204 1342/2200/205 
f 1343/2201/133 1345/1025/206 1346/2203/207 1344/2202/204 
f 1345/1025/206 1347/1026/81 1348/2204/204 1346/2203/207 
f 1347/1026/81 1349/1013/81 1350/2205/208 1348/2204/204 
f 1349/1013/81 1351/2206/87 1352/2207/209 1350/2205/208 
s 3
f 1328/2208/200 1327/2209/199 1068/1790/148 1353/2210/172 
s 2
f 1069/1792/116 1063/1791/116 1189/2211/165 1354/2212/166 
s 1
f 1066/1787/116 1190/696/166 1189/2213/165 1063/1785/116 
f 1315/712/166 1316/2214/194 1060/1783/145 1059/1782/116 
s 2
f 1078/1804/115 1077/1803/149 1355/2215/210 1332/2216/203 
s 8
f 892/2217/115 1356/2218/148 1330/2219/202 889/2220/120 
s off
f 1357/2221/211 1358/2222/212 1359/2223/164 1360/2224/213 
f 1361/2225/214 1362/2226/215 1363/2227/164 1364/2228/56 
f 1365/2229/216 1366/2230/217 1367/2231/164 1368/2232/56 
f 1369/2233/218 1370/2234/219 1371/2235/220 1372/2236/221 
f 1373/2237/222 1374/2238/217 1375/2239/164 1376/2240/56 
f 1377/2241/223 1378/2242/126 1379/2243/164 1380/2244/56 
f 1381/2245/224 1382/2246/126 1383/2247/9 1384/2248/225 
f 1385/2249/226 416/2250/55 415/2251/54 1386/2252/57 
f 1386/2252/57 415/2251/54 414/488/54 417/491/56 1387/2253/227 
s 1
f 1088/1821/116 1098/633/146 1065/664/146 1064/1786/116 
f 1114/1848/85 1124/601/85 1097/632/85 1096/1822/85 
f 1140/1876/156 1150/569/156 1123/1850/156 1122/1849/156 
f 1166/1903/146 1176/553/146 1149/568/146 1148/1877/146 
s off
f 1388/2254/228 417/2255/56 419/2256/58 424/2257/61 
f 1387/2258/227 417/2259/56 1388/2260/228 1389/2261/229 
f 420/2262/59 421/2263/60 1390/2264/25 1391/2265/230 
f 421/506/60 425/510/1 1392/2266/1 1390/2267/25 
f 425/510/1 424/509/61 1393/2268/2 1392/2266/1 
f 424/2269/61 419/2270/58 1394/2271/183 1393/2272/2 
f 418/493/57 420/498/59 1391/2273/230 1395/2274/57 
f 1396/2275/19 1397/2276/25 1398/2277/1 1399/2278/1 
f 1400/2279/55 1401/2280/54 1397/2281/25 1396/2282/19 
f 1402/2283/57 1403/2284/57 1401/2285/54 1400/2286/55 
f 1404/2287/64 1405/2288/60 1406/2289/6 1407/2290/2 
f 1408/2291/66 1409/2292/183 1410/2293/56 1411/2294/211 
f 1407/2295/2 1406/2296/6 1409/2297/183 1408/2298/66 
s 2
f 1060/1799/145 1316/2299/194 1412/2300/231 1075/1800/116 
s off
f 1413/2301/19 1414/2302/25 1415/2303/21 1416/2304/21 
f 1417/2305/55 1418/2306/54 1414/2307/25 1413/2308/19 
f 1419/2309/57 1420/2310/57 1418/2311/54 1417/2312/55 
f 1421/2313/64 1422/2314/60 1423/2315/6 1424/2316/2 
f 1425/2317/66 1426/2318/183 1427/2319/56 1428/2320/211 
f 1424/2321/2 1423/2322/6 1426/2323/183 1425/2324/66 
f 1043/2325/108 1044/2326/114 1429/2327/66 1430/2328/54 
f 1044/2329/114 1046/2330/141 1431/2331/73 1429/2332/66 
f 1046/2330/141 1432/2333/66 1433/2334/66 1431/2331/73 
f 1432/2335/66 1434/2336/232 1435/2337/232 1433/2338/66 
f 1434/2336/232 1436/2339/226 1437/2340/226 1435/2337/232 
f 1436/2339/226 1438/2341/57 1439/2342/57 1437/2340/226 
f 1438/2341/57 1440/2343/57 1441/2344/57 1439/2342/57 
f 1440/2343/57 1442/2345/54 1443/2346/233 1441/2344/57 
f 1442/2347/54 1049/2348/45 1444/2349/27 1443/2350/233 
f 1049/2348/45 1047/2351/108 1445/2352/55 1444/2349/27 
f 1047/2353/108 1048/2354/114 1446/2355/183 1445/2356/55 
f 1048/2357/114 1050/2358/141 1447/2359/29 1446/2360/183 
f 1050/2358/141 1448/2361/183 1449/2362/183 1447/2359/29 
f 1448/2363/183 1450/2364/57 1451/2365/57 1449/2366/183 
f 1450/2364/57 1452/2367/226 1453/2368/226 1451/2365/57 
f 1452/2367/226 1385/2249/226 1454/2369/226 1453/2368/226 
f 1454/2369/226 1385/2249/226 1386/2252/57 1455/2370/57 
f 1386/2252/57 1387/2253/227 1456/2371/107 1455/2370/57 
f 1387/2372/227 1389/2373/229 1457/2374/67 1456/2375/107 
f 1389/2376/229 1317/2164/21 1458/2377/21 1457/2378/67 
f 1317/2164/21 1268/2062/21 1459/2379/21 1458/2377/21 
f 1268/2062/21 1267/2061/21 1460/2380/21 1459/2379/21 
f 1267/2061/21 1332/2193/203 1461/2381/21 1460/2380/21 
f 1332/2193/203 1355/2382/210 1462/2383/234 1461/2381/21 
f 1355/2384/210 1077/2385/149 1463/2386/235 1462/2387/234 
f 1077/2385/149 1080/2388/87 1464/2389/73 1463/2386/235 
f 1080/2388/87 1093/2390/87 1465/2391/236 1464/2389/73 
f 1093/2390/87 1106/2392/130 1466/2393/78 1465/2391/236 
f 1106/2392/130 1119/2394/130 1467/2395/78 1466/2393/78 
f 1119/2394/130 1132/2396/129 1468/2397/237 1467/2395/78 
f 1132/2396/129 1145/2398/130 1469/2399/237 1468/2397/237 
f 1145/2398/130 1158/2400/81 1470/2401/73 1469/2399/237 
f 1158/2400/81 1171/2402/81 1471/2403/73 1470/2401/73 
f 1171/2402/81 1184/2404/105 1472/2405/2 1471/2403/73 
f 1184/2406/105 1182/2407/123 1473/2408/25 1472/2409/2 
f 1182/2410/123 1169/2411/146 1474/2412/74 1473/2413/25 
f 1169/2411/146 1156/2414/146 1475/2415/74 1474/2412/74 
f 1156/2414/146 1143/2416/161 1476/2417/238 1475/2415/74 
f 1143/2416/161 1130/2418/156 1477/2419/238 1476/2417/238 
f 1130/2418/156 1117/2420/85 1478/2421/239 1477/2419/238 
f 1117/2420/85 1104/2422/85 1479/2423/239 1478/2421/239 
f 1104/2422/85 1091/2424/116 1480/2425/240 1479/2423/239 
f 1091/2424/116 1076/2426/116 1481/2427/74 1480/2425/240 
f 1076/2426/116 1075/2428/116 1482/2429/241 1481/2427/74 
f 1075/2428/116 1412/2430/231 1483/2431/242 1482/2429/241 
f 1412/2432/231 1316/2160/194 1484/2433/1 1483/2434/242 
f 1316/2160/194 1314/2157/1 1485/2435/1 1484/2433/1 
f 1314/2157/1 1235/1975/1 1486/2436/1 1485/2435/1 
f 1235/1975/1 1234/1974/21 1487/2437/21 1486/2436/1 
f 1234/1974/21 1329/2189/201 1488/2438/3 1487/2437/21 
f 1329/2189/201 1489/2439/93 1490/2440/243 1488/2438/3 
f 1489/2441/93 1071/2442/81 1491/2443/236 1490/2444/243 
f 1071/2442/81 1074/2445/87 1492/2446/73 1491/2443/236 
f 1074/2445/87 1090/2447/87 1493/2448/236 1492/2446/73 
f 1090/2447/87 1103/2449/130 1494/2450/78 1493/2448/236 
f 1103/2449/130 1116/2451/130 1495/2452/78 1494/2450/78 
f 1116/2451/130 1129/2453/130 1496/2454/237 1495/2452/78 
f 1129/2453/130 1142/2455/130 1497/2456/237 1496/2454/237 
f 1142/2455/130 1155/2457/81 1498/2458/73 1497/2456/237 
f 1155/2457/81 1168/2459/81 1499/2460/73 1498/2458/73 
f 1168/2459/81 1181/2461/105 1500/2462/2 1499/2460/73 
f 1181/2463/105 1179/2464/123 1501/2465/25 1500/2466/2 
f 1179/2467/123 1165/2468/146 1502/2469/74 1501/2470/25 
f 1165/2468/146 1153/2471/146 1503/2472/74 1502/2469/74 
f 1153/2471/146 1139/2473/156 1504/2474/238 1503/2472/74 
f 1139/2473/156 1127/2475/156 1505/2476/238 1504/2474/238 
f 1127/2475/156 1113/2477/85 1506/2478/239 1505/2476/238 
f 1113/2477/85 1101/2479/85 1507/2480/239 1506/2478/239 
f 1101/2479/85 1087/2481/116 1508/2482/240 1507/2480/239 
f 1087/2481/116 1070/2483/116 1509/2484/74 1508/2482/240 
f 1070/2483/116 1069/2485/116 1510/2486/241 1509/2484/74 
f 1069/2485/116 1354/2487/166 1511/2488/244 1510/2486/241 
f 1354/2489/166 1189/1921/165 1512/2490/245 1511/2491/244 
f 1189/1921/165 1191/1925/1 1513/2492/245 1512/2490/245 
f 1191/1925/1 1195/1931/170 1514/2493/234 1513/2492/245 
f 1515/2494/246 1516/2495/247 1517/2496/247 1518/2497/248 
f 1516/2495/247 1519/2498/57 1520/2499/247 1517/2496/247 
f 1519/2498/57 1521/2500/247 1522/2501/247 1520/2499/247 
f 1521/2500/247 1523/2502/54 1524/2503/55 1522/2501/247 
f 1523/2504/54 1045/2505/45 1525/2506/75 1524/2507/55 
f 1045/2505/45 1043/2508/108 1430/2509/54 1525/2506/75 
s 1
f 926/1253/87 1100/1824/51 1067/1789/147 896/1266/81 
f 962/1241/130 1126/1853/154 1099/1823/152 932/1254/130 
f 998/1229/130 1152/1879/159 1125/1852/157 968/1851/130 
f 1034/1289/81 1178/1908/51 1151/1878/162 1004/1230/81 
s off
f 858/1565/4 884/1591/67 883/1590/108 859/1566/114 
f 860/1567/108 1333/2510/118 1192/2511/167 857/1564/4 
f 881/1588/67 1190/2512/166 1066/2513/116 882/1589/114 
f 859/1566/114 883/1590/108 924/1631/124 900/1607/125 
f 899/1606/124 1335/2514/81 1333/2510/118 860/1567/108 
f 882/1589/114 1066/2513/116 1065/2515/146 921/1628/125 
f 900/1607/125 924/1631/124 923/1630/127 901/1608/126 
f 902/1609/127 1337/2516/81 1335/2514/81 899/1606/124 
f 921/1628/125 1065/2515/146 1098/2517/146 922/1629/114 
f 901/1608/126 923/1630/127 960/1667/124 936/1643/131 
f 935/1642/124 1339/2518/130 1337/2516/81 902/1609/127 
f 922/1629/114 1098/2517/146 1097/2519/85 957/1664/131 
f 936/1643/131 960/1667/124 959/1666/127 937/1644/114 
f 938/1645/127 1341/2520/130 1339/2518/130 935/1642/124 
f 957/1664/131 1097/2519/85 1124/2521/85 958/1665/114 
f 937/1644/114 959/1666/127 996/1703/135 972/1679/136 
f 971/1678/135 1343/2522/133 1341/2520/130 938/1645/127 
f 958/1665/114 1124/2521/85 1123/2523/156 993/1700/136 
f 972/1679/136 996/1703/135 995/1702/108 973/1680/137 
f 974/1681/138 1345/2524/206 1343/2522/133 971/1678/135 
f 993/1700/136 1123/2523/156 1150/2525/156 994/1701/137 
f 973/1680/137 995/1702/108 1032/1739/124 1008/1715/131 
f 1007/1714/124 1347/2526/81 1345/2524/206 974/1681/138 
f 994/1701/137 1150/2525/156 1149/2527/146 1029/1736/131 
f 1008/1715/131 1032/1739/124 1031/1738/108 1009/1716/114 
f 1010/1717/108 1349/2528/81 1347/2526/81 1007/1714/124 
f 1029/1736/131 1149/2527/146 1176/2529/146 1030/1737/114 
f 1009/1716/114 1031/1738/108 1526/2530/123 1527/2531/105 
f 1528/2532/123 1351/2533/87 1349/2528/81 1010/1717/108 
f 1030/1737/114 1176/2529/146 1175/2534/146 1529/2535/105 
f 859/2536/114 900/2537/125 1530/2538/29 1531/2539/66 
f 899/2540/124 860/2541/108 1532/2542/54 1533/2543/31 
f 860/2544/108 859/2545/114 1531/2546/66 1532/2547/54 
f 924/2548/124 883/2549/108 1534/2550/54 1535/2551/31 
f 883/2552/108 882/2553/114 1536/2554/66 1534/2555/54 
f 882/2556/114 921/2557/125 1537/2558/29 1536/2559/66 
f 901/2560/126 936/2561/131 1538/2562/76 1539/2563/66 
f 935/2564/124 902/2565/127 1540/2566/54 1541/2567/75 
f 902/2568/127 901/2569/126 1539/2570/66 1540/2571/54 
f 960/2572/124 923/2573/127 1542/2574/54 1543/2575/74 
f 923/2576/127 922/2577/114 1544/2578/66 1542/2579/54 
f 922/2580/114 957/2581/131 1545/2582/73 1544/2583/66 
f 937/2584/114 972/2585/136 1546/2586/73 1547/2587/183 
f 971/2588/135 938/2589/127 1548/2590/55 1549/2591/74 
f 938/2592/127 937/2593/114 1547/2594/183 1548/2595/55 
f 996/2596/135 959/2597/127 1550/2598/55 1551/2599/74 
f 959/2600/127 958/2601/114 1552/2602/183 1550/2603/55 
f 958/2604/114 993/2605/136 1553/2606/73 1552/2607/183 
f 973/2608/137 1008/2609/131 1554/2610/73 1555/2611/183 
f 1007/2612/124 974/2613/138 1556/2614/55 1557/2615/74 
f 974/2616/138 973/2617/137 1555/2618/183 1556/2619/55 
f 1032/2620/124 995/2621/108 1558/2622/55 1559/2623/74 
f 995/2624/108 994/2625/137 1560/2626/183 1558/2627/55 
f 994/2628/137 1029/2629/131 1561/2630/73 1560/2631/183 
f 1009/2632/114 1527/2633/105 1562/2634/2 1563/2635/183 
f 1527/2636/105 1528/2637/123 1564/2638/25 1562/2639/2 
f 1528/2640/123 1010/2641/108 1565/2642/55 1564/2643/25 
f 1010/2644/108 1009/2645/114 1563/2646/183 1565/2647/55 
f 1526/2648/123 1031/2649/108 1566/2650/55 1567/2651/25 
f 1031/2652/108 1030/2653/114 1568/2654/183 1566/2655/55 
f 1030/2656/114 1529/2657/105 1569/2658/2 1568/2659/183 
f 1529/2660/105 1526/2661/123 1567/2662/25 1569/2663/2 
f 866/1573/67 872/1579/67 871/1578/108 867/1574/114 
f 868/1575/108 1225/1963/114 1224/1962/67 865/1572/67 
f 869/1576/67 1315/2664/166 1059/2665/116 870/1577/114 
f 874/1581/4 880/1587/67 879/1586/108 875/1582/114 
f 876/1583/108 1258/2050/114 1257/2049/67 873/1580/4 
f 877/1584/67 1291/2666/184 1290/2667/116 878/1585/114 
f 867/1574/114 871/1578/108 912/1619/124 906/1613/125 
f 905/1612/124 1226/1964/105 1225/1963/114 868/1575/108 
f 870/1577/114 1059/2665/116 1062/2668/146 909/1616/125 
f 875/1582/114 879/1586/108 920/1627/124 914/1621/125 
f 913/1620/124 1259/2051/105 1258/2050/114 876/1583/108 
f 878/1585/114 1290/2667/116 1294/2669/187 917/1624/125 
f 906/1613/125 912/1619/124 911/1618/127 907/1614/126 
f 908/1615/127 1227/1965/126 1226/1964/105 905/1612/124 
f 909/1616/125 1062/2668/146 1086/2670/146 910/1617/114 
f 914/1621/125 920/1627/124 919/1626/127 915/1622/126 
f 916/1623/127 1260/2052/126 1259/2051/105 913/1620/124 
f 917/1624/125 1294/2669/187 1296/2671/187 918/1625/126 
f 907/1614/126 911/1618/127 948/1655/124 942/1649/131 
f 941/1648/124 1228/1966/105 1227/1965/126 908/1615/127 
f 910/1617/114 1086/2670/146 1095/2672/85 945/1652/131 
f 915/1622/126 919/1626/127 956/1663/124 950/1657/131 
f 949/1656/124 1261/2053/105 1260/2052/126 916/1623/127 
f 918/1625/126 1296/2671/187 1298/2673/190 953/1660/131 
f 942/1649/131 948/1655/124 947/1654/127 943/1650/114 
f 944/1651/127 1229/1967/114 1228/1966/105 941/1648/124 
f 945/1652/131 1095/2672/85 1112/2674/85 946/1653/114 
f 950/1657/131 956/1663/124 955/1662/127 951/1658/114 
f 952/1659/127 1262/2054/114 1261/2053/105 949/1656/124 
f 953/1660/131 1298/2673/190 1300/2675/190 954/1661/114 
f 943/1650/114 947/1654/127 984/1691/135 978/1685/136 
f 977/1684/135 1230/1968/182 1229/1967/114 944/1651/127 
f 946/1653/114 1112/2674/85 1121/2676/156 981/1688/136 
f 951/1658/114 955/1662/127 992/1699/135 986/1693/136 
f 985/1692/135 1263/2055/182 1262/2054/114 952/1659/127 
f 954/1661/114 1300/2675/190 1302/2677/156 989/1696/136 
f 978/1685/136 984/1691/135 983/1690/108 979/1686/137 
f 980/1687/138 1231/1969/137 1230/1968/182 977/1684/135 
f 981/1688/136 1121/2676/156 1138/2678/156 982/1689/137 
f 986/1693/136 992/1699/135 991/1698/138 987/1694/137 
f 988/1695/138 1264/2056/137 1263/2055/182 985/1692/135 
f 989/1696/136 1302/2677/156 1304/2679/192 990/1697/137 
f 979/1686/137 983/1690/108 1020/1727/124 1014/1721/131 
f 1013/1720/124 1232/1970/105 1231/1969/137 980/1687/138 
f 982/1689/137 1138/2678/156 1147/2680/146 1017/1724/131 
f 987/1694/137 991/1698/138 1028/1735/124 1022/1729/131 
f 1021/1728/124 1265/2057/105 1264/2056/137 988/1695/138 
f 990/1697/137 1304/2679/192 1306/2681/187 1025/1732/131 
f 1014/1721/131 1020/1727/124 1019/1726/108 1015/1722/114 
f 1016/1723/108 1233/1971/114 1232/1970/105 1013/1720/124 
f 1017/1724/131 1147/2680/146 1164/2682/146 1018/1725/114 
f 1022/1729/131 1028/1735/124 1027/1734/108 1023/1730/114 
f 1024/1731/108 1266/2058/114 1265/2057/105 1021/1728/124 
f 1025/1732/131 1306/2681/187 1308/2683/187 1026/1733/114 
f 1015/1722/114 1019/1726/108 1570/2684/123 1571/2685/105 
f 1572/2686/123 1254/2687/105 1233/1971/114 1016/1723/108 
f 1018/1725/114 1164/2682/146 1173/2688/146 1573/2689/105 
f 1023/1730/114 1027/1734/108 1574/2690/123 1575/2691/105 
f 1576/2692/123 1287/2693/105 1266/2058/114 1024/1731/108 
f 1026/1733/114 1308/2683/187 1310/2694/187 1577/2695/105 
f 867/2696/114 906/2697/125 1578/2698/29 1579/2699/66 
f 905/2700/124 868/2701/108 1580/2702/54 1581/2703/31 
f 868/2704/108 867/2705/114 1579/2706/66 1580/2707/54 
f 912/2708/124 871/2709/108 1582/2710/54 1583/2711/31 
f 871/2712/108 870/2713/114 1584/2714/66 1582/2715/54 
f 870/2716/114 909/2717/125 1585/2718/29 1584/2719/66 
f 875/2720/114 914/2721/125 1586/2722/29 1587/2723/66 
f 913/2724/124 876/2725/108 1588/2726/54 1589/2727/31 
f 876/2728/108 875/2729/114 1587/2730/66 1588/2731/54 
f 920/2732/124 879/2733/108 1590/2734/54 1591/2735/31 
f 879/2736/108 878/2737/114 1592/2738/66 1590/2739/54 
f 878/2740/114 917/2741/125 1593/2742/29 1592/2743/66 
f 907/2744/126 942/2745/131 1594/2746/76 1595/2747/66 
f 941/2748/124 908/2749/127 1596/2750/54 1597/2751/75 
f 908/2752/127 907/2753/126 1595/2754/66 1596/2755/54 
f 948/2756/124 911/2757/127 1598/2758/54 1599/2759/75 
f 911/2760/127 910/2761/114 1600/2762/66 1598/2763/54 
f 910/2764/114 945/2765/131 1601/2766/76 1600/2767/66 
f 915/2768/126 950/2769/131 1602/2770/76 1603/2771/66 
f 949/2772/124 916/2773/127 1604/2774/54 1605/2775/75 
f 916/2776/127 915/2777/126 1603/2778/66 1604/2779/54 
f 956/2780/124 919/2781/127 1606/2782/54 1607/2783/75 
f 919/2784/127 918/2785/126 1608/2786/66 1606/2787/54 
f 918/2788/126 953/2789/131 1609/2790/76 1608/2791/66 
f 943/2792/114 978/2793/136 1610/2794/73 1611/2795/183 
f 977/2796/135 944/2797/127 1612/2798/55 1613/2799/74 
f 944/2800/127 943/2801/114 1611/2802/183 1612/2803/55 
f 984/2804/135 947/2805/127 1614/2806/55 1615/2807/74 
f 947/2808/127 946/2809/114 1616/2810/183 1614/2811/55 
f 946/2812/114 981/2813/136 1617/2814/73 1616/2815/183 
f 951/2816/114 986/2817/136 1618/2818/73 1619/2819/183 
f 985/2820/135 952/2821/127 1620/2822/55 1621/2823/74 
f 952/2824/127 951/2825/114 1619/2826/183 1620/2827/55 
f 992/2828/135 955/2829/127 1622/2830/55 1623/2831/74 
f 955/2832/127 954/2833/114 1624/2834/183 1622/2835/55 
f 954/2836/114 989/2837/136 1625/2838/73 1624/2839/183 
f 979/2840/137 1014/2841/131 1626/2842/73 1627/2843/183 
f 1013/2844/124 980/2845/138 1628/2846/55 1629/2847/74 
f 980/2848/138 979/2849/137 1627/2850/183 1628/2851/55 
f 1020/2852/124 983/2853/108 1630/2854/55 1631/2855/74 
f 983/2856/108 982/2857/137 1632/2858/183 1630/2859/55 
f 982/2860/137 1017/2861/131 1633/2862/73 1632/2863/183 
f 987/2864/137 1022/2865/131 1634/2866/73 1635/2867/183 
f 1021/2868/124 988/2869/138 1636/2870/55 1637/2871/74 
f 988/2872/138 987/2873/137 1635/2874/183 1636/2875/55 
f 1028/2876/124 991/2877/138 1638/2878/55 1639/2879/74 
f 991/2880/138 990/2881/137 1640/2882/183 1638/2883/55 
f 990/2884/137 1025/2885/131 1641/2886/73 1640/2887/183 
f 1015/2888/114 1571/2889/105 1642/2890/2 1643/2891/183 
f 1571/2892/105 1572/2893/123 1644/2894/25 1642/2895/2 
f 1572/2896/123 1016/2897/108 1645/2898/55 1644/2899/25 
f 1016/2900/108 1015/2901/114 1643/2902/183 1645/2903/55 
f 1570/2904/123 1019/2905/108 1646/2906/55 1647/2907/25 
f 1019/2908/108 1018/2909/114 1648/2910/183 1646/2911/55 
f 1018/2912/114 1573/2913/105 1649/2914/2 1648/2915/183 
f 1573/2916/105 1570/2917/123 1647/2918/25 1649/2919/2 
f 1023/2920/114 1575/2921/105 1650/2922/2 1651/2923/183 
f 1575/2924/105 1576/2925/123 1652/2926/25 1650/2927/2 
f 1576/2928/123 1024/2929/108 1653/2930/55 1652/2931/25 
f 1024/2932/108 1023/2933/114 1651/2934/183 1653/2935/55 
f 1574/2936/123 1027/2937/108 1654/2938/55 1655/2939/25 
f 1027/2940/108 1026/2941/114 1656/2942/183 1654/2943/55 
f 1026/2944/114 1577/2945/105 1657/2946/2 1656/2947/183 
f 1577/2948/105 1574/2949/123 1655/2950/25 1657/2951/2 
f 1658/2952/249 1659/2953/148 1326/2185/198 1325/2184/197 
f 1198/1934/173 1660/2954/250 1659/2953/148 1658/2952/249 
f 1197/1933/172 1661/2955/51 1660/2954/250 1198/1934/173 
f 1202/1938/173 1662/2956/152 1661/2955/51 1197/1933/172 
f 1201/1937/151 1663/2957/154 1662/2956/152 1202/1938/173 
f 1206/1942/176 1664/2958/152 1663/2957/154 1201/1937/151 
f 1205/1941/151 1665/2959/154 1664/2958/152 1206/1942/176 
f 1210/1946/173 1666/2960/162 1665/2959/154 1205/1941/151 
f 1209/1945/172 1667/2961/51 1666/2960/162 1210/1946/173 
f 1668/2962/173 1669/2963/30 1667/2961/51 1209/1945/172 
f 1670/2964/251 861/2965/115 864/2966/118 1671/2967/252 
f 1671/2967/252 864/2966/118 894/2968/122 1199/1935/174 
f 1199/1935/174 894/2968/122 904/2969/122 1196/1932/171 
f 1196/1932/171 904/2969/122 930/2970/129 1203/1939/174 
f 1203/1939/174 930/2970/129 940/2971/129 1200/1936/175 
f 1200/1936/175 940/2971/129 966/2972/133 1207/1943/177 
f 1207/1943/177 966/2972/133 976/2973/81 1204/1940/175 
f 1204/1940/175 976/2973/81 1002/2974/122 1211/1947/174 
f 1211/1947/174 1002/2974/122 1012/2975/122 1208/1944/171 
f 1208/1944/171 1012/2975/122 1038/2976/140 1672/2977/174 
f 1673/2978/253 1674/2979/254 1675/2980/255 1676/2981/256 
f 1677/2982/253 1678/2983/254 1679/2984/257 1680/2985/258 
f 1681/2986/253 1682/2987/45 1683/2988/12 1684/2989/178 
f 1685/2990/253 1686/2991/254 1687/2992/259 1688/2993/260 
f 1689/2994/253 1690/2995/261 1691/2996/72 1692/2997/178 
f 790/2180/94 789/2998/93 838/2999/81 1323/2181/171 
f 1676/2981/256 1675/2980/255 1693/3000/262 1694/3001/263 
f 1694/3001/263 1693/3000/262 1223/3002/181 1222/3003/180 
s 1
f 1323/2181/171 838/2999/81 861/2965/115 1670/2964/251 
s 2
f 1318/3004/83 1323/3005/171 1222/1960/180 1695/3006/264 1515/2494/246 
s 4
f 1323/3007/171 1670/3008/251 1694/3009/263 1222/3010/180 
f 1670/3008/251 1671/3011/252 1676/3012/256 1694/3009/263 
f 1671/3011/252 1199/3013/174 1673/3014/253 1676/3012/256 
s 2
f 1199/3015/174 1198/3016/173 1696/3017/265 1673/3018/253 
s 4
f 1198/3019/173 1658/3020/249 1697/3021/266 1696/3022/265 
f 1658/3020/249 1325/3023/197 1698/3024/267 1697/3021/266 
f 1325/3023/197 1318/3025/83 1515/3026/246 1698/3024/267 
s 2
f 1197/3027/172 1196/3028/171 1680/3029/258 1699/3030/268 
s 4
f 1196/3031/171 1203/3032/174 1677/3033/253 1680/3034/258 
s 2
f 1203/3035/174 1202/3036/173 1700/3037/269 1677/3038/253 
s 4
f 1202/3039/173 1197/3040/172 1699/3041/268 1700/3042/269 
s 2
f 1201/3043/151 1200/3044/175 1684/3045/178 1701/3046/268 
s 4
f 1200/3047/175 1207/3048/177 1681/3049/253 1684/3050/178 
s 2
f 1207/3051/177 1206/3052/176 1702/3053/269 1681/3054/253 
s 4
f 1206/3055/176 1201/3056/151 1701/3057/268 1702/3058/269 
s 2
f 1205/3059/151 1204/3060/175 1688/3061/260 1703/3062/268 
s 4
f 1204/3063/175 1211/3064/174 1685/3065/253 1688/3066/260 
s 2
f 1211/3067/174 1210/3068/173 1704/3069/269 1685/3070/253 
s 4
f 1210/3071/173 1205/3072/151 1703/3073/268 1704/3074/269 
s 2
f 1209/3075/172 1208/3076/171 1692/3077/178 1705/3078/268 
s 4
f 1208/3079/171 1672/3080/174 1689/3081/253 1692/3082/178 
s 2
f 1672/3083/174 1668/3084/173 1706/3085/269 1689/3086/253 
s 4
f 1668/3087/173 1209/3088/172 1705/3089/268 1706/3090/269 
f 168/1321/20 701/1324/29 698/1319/29 143/1318/20 
f 140/1317/20 699/1320/29 696/1315/29 115/1314/20 
f 112/1313/20 697/1316/78 694/1311/77 95/1310/20 
f 92/1309/20 695/1312/29 692/1307/29 242/1306/20 
s off
f 199/2177/2 24/2172/2 1321/2175/195 1322/2178/195 
s 1
f 1324/2183/196 218/2182/41 221/2179/20 1322/2178/195 
s off
f 1707/3091/79 700/1323/79 1324/2183/196 1708/3092/79 
f 1709/3093/195 701/1324/29 700/1323/79 1707/3091/79 
f 1710/3094/76 698/1319/29 701/1324/29 1709/3093/195 
f 1711/3095/195 699/1320/29 698/1319/29 1710/3094/76 
f 1712/3096/195 696/1315/29 699/1320/29 1711/3095/195 
f 1713/3097/78 697/1316/78 696/1315/29 1712/3096/195 
f 1714/3098/78 694/1311/77 697/1316/78 1713/3097/78 
f 1715/3099/76 695/1312/29 694/1311/77 1714/3098/78 
f 1716/3100/76 692/1307/29 695/1312/29 1715/3099/76 
f 1717/3101/76 693/1308/76 692/1307/29 1716/3100/76 
f 1659/2953/148 1718/3102/172 1719/3103/270 1326/2185/198 
f 1661/2955/51 1720/3104/83 1721/3105/271 1660/2954/250 
f 1663/2957/154 1722/3106/155 1723/3107/271 1662/2956/152 
f 1665/2959/154 1724/3108/155 1725/3109/153 1664/2958/152 
f 1667/2961/51 1726/3110/83 1727/3111/271 1666/2960/162 
s 1
f 1708/3092/79 1324/2183/196 1322/2178/195 1321/2175/195 
s off
f 23/2173/2 6/2168/2 1319/2171/51 1320/2174/83 
f 1718/3102/172 1707/3091/79 1708/3092/79 1719/3103/270 
f 1721/3105/271 1709/3093/195 1707/3091/79 1718/3102/172 
f 1720/3104/83 1710/3094/76 1709/3093/195 1721/3105/271 
f 1723/3107/271 1711/3095/195 1710/3094/76 1720/3104/83 
f 1722/3106/155 1712/3096/195 1711/3095/195 1723/3107/271 
f 1725/3109/153 1713/3097/78 1712/3096/195 1722/3106/155 
f 1724/3108/155 1714/3098/78 1713/3097/78 1725/3109/153 
f 1727/3111/271 1715/3099/76 1714/3098/78 1724/3108/155 
f 1726/3110/83 1716/3100/76 1715/3099/76 1727/3111/271 
f 1728/3112/141 1717/3101/76 1716/3100/76 1726/3110/83 
s 1
f 1719/3103/270 1708/3092/79 1321/2175/195 1320/2174/83 
s off
f 1718/3113/172 1659/3114/148 1729/3115/272 1730/3116/107 
f 1659/3117/148 1660/3118/250 1731/3119/273 1729/3120/272 
f 1721/3121/271 1718/3122/172 1730/3123/107 1732/3124/274 
f 1720/3125/83 1661/3126/51 1733/3127/52 1734/3128/89 
f 1661/3129/51 1662/3130/152 1735/3131/273 1733/3132/52 
f 1723/3133/271 1720/3134/83 1734/3135/89 1736/3136/274 
f 1722/3137/155 1663/3138/154 1737/3139/52 1738/3140/89 
f 1663/3141/154 1664/3142/152 1739/3143/275 1737/3144/52 
f 1725/3145/153 1722/3146/155 1738/3147/89 1740/3148/276 
f 1724/3149/155 1665/3150/154 1741/3151/52 1742/3152/89 
f 1665/3153/154 1666/3154/162 1743/3155/275 1741/3156/52 
f 1727/3157/271 1724/3158/155 1742/3159/89 1744/3160/276 
f 1726/3161/83 1667/3162/51 1745/3163/52 1746/3164/89 
f 1667/3165/51 1669/3166/30 1747/3167/37 1745/3168/52 
f 1669/3169/30 1728/3170/141 1748/3171/4 1747/3172/37 
f 1728/3173/141 1726/3174/83 1746/3175/89 1748/3176/4 
f 1320/3177/83 1319/3178/51 1749/3179/272 1750/3180/107 
f 1319/3181/51 1326/3182/198 1751/3183/277 1749/3184/272 
f 1719/3185/270 1320/3186/83 1750/3187/107 1752/3188/276 
s 8
f 1356/2218/148 1753/3189/172 1331/3190/202 1330/2219/202 
s 1
f 1100/1824/51 1754/3191/151 1755/3192/150 1067/1789/147 
f 1126/1853/154 1756/3193/155 1757/3194/153 1099/1823/152 
f 1152/1879/159 1758/3195/160 1759/3196/158 1125/1852/157 
f 1178/1908/51 1760/3197/83 1761/3198/163 1151/1878/162 
s off
f 1356/2218/148 892/2217/115 898/3199/81 1082/1808/147 
f 1081/1807/150 1079/3200/87 1078/3201/115 1753/3189/172 
f 1082/1808/147 898/3199/81 928/3202/87 1083/1809/51 
f 1084/1810/151 1092/3203/87 1079/3200/87 1081/1807/150 
f 1083/1809/51 928/3202/87 934/3204/130 1108/1834/152 
f 1107/1833/153 1105/3205/130 1092/3203/87 1084/1810/151 
f 1108/1834/152 934/3204/130 964/3206/130 1109/1835/154 
f 1110/1836/155 1118/3207/130 1105/3205/130 1107/1833/153 
f 1109/1835/154 964/3206/130 970/3208/130 1134/1863/157 
f 1133/1862/158 1131/3209/130 1118/3207/130 1110/1836/155 
f 1134/1863/157 970/3208/130 1000/3210/139 1135/1864/159 
f 1136/1865/160 1144/3211/129 1131/3209/130 1133/1862/158 
f 1135/1864/159 1000/3210/139 1006/3212/81 1160/1889/162 
f 1159/1888/163 1157/3213/81 1144/3211/129 1136/1865/160 
f 1160/1889/162 1006/3212/81 1036/3214/81 1161/1890/51 
f 1162/1891/83 1170/3215/81 1157/3213/81 1159/1888/163 
f 1161/1890/51 1036/3214/81 1042/3216/87 1762/3217/30 
f 1763/3218/141 1183/3219/87 1170/3215/81 1162/1891/83 
s 3
f 1327/2209/199 885/1278/119 888/1788/115 1068/1790/148 
f 1353/2210/172 1072/3220/115 1329/3221/201 1328/2208/200 
s off
f 1755/3192/150 1073/3222/87 1072/3220/115 1353/2210/172 
f 1757/3194/153 1102/3223/130 1089/3224/87 1754/3191/151 
f 1759/3196/158 1128/3225/130 1115/3226/130 1756/3193/155 
f 1761/3198/163 1154/3227/81 1141/3228/130 1758/3195/160 
f 1764/3229/141 1180/3230/87 1167/3231/81 1760/3197/83 
s 8
f 1753/3189/172 1078/3201/115 1332/3232/203 1331/3190/202 
s 1
f 1754/3191/151 1089/3224/87 1073/3222/87 1755/3192/150 
f 1756/3193/155 1115/3226/130 1102/3223/130 1757/3194/153 
f 1758/3195/160 1141/3228/130 1128/3225/130 1759/3196/158 
f 1760/3197/83 1167/3231/81 1154/3227/81 1761/3198/163 
s off
f 1753/3233/172 1356/3234/148 1765/3235/272 1766/3236/107 
f 1356/3237/148 1082/3238/147 1767/3239/273 1765/3240/272 
f 1081/3241/150 1753/3242/172 1766/3243/107 1768/3244/274 
f 1084/3245/151 1083/3246/51 1769/3247/52 1770/3248/89 
f 1083/3249/51 1108/3250/152 1771/3251/273 1769/3252/52 
f 1107/3253/153 1084/3254/151 1770/3255/89 1772/3256/274 
f 1110/3257/155 1109/3258/154 1773/3259/52 1774/3260/89 
f 1109/3261/154 1134/3262/157 1775/3263/275 1773/3264/52 
f 1133/3265/158 1110/3266/155 1774/3267/89 1776/3268/276 
f 1136/3269/160 1135/3270/159 1777/3271/52 1778/3272/89 
f 1135/3273/159 1160/3274/162 1779/3275/275 1777/3276/52 
f 1159/3277/163 1136/3278/160 1778/3279/89 1780/3280/276 
f 1162/3281/83 1161/3282/51 1781/3283/272 1782/3284/89 
f 1161/3285/51 1762/3286/30 1783/3287/37 1781/3288/272 
f 1762/3289/30 1763/3290/141 1784/3291/67 1783/3292/37 
f 1763/3293/141 1162/3294/83 1782/3295/89 1784/3296/67 
f 1353/3297/172 1068/3298/148 1785/3299/272 1786/3300/107 
f 1068/3301/148 1067/3302/147 1787/3303/273 1785/3304/272 
f 1755/3305/150 1353/3306/172 1786/3307/107 1788/3308/274 
f 1754/3309/151 1100/3310/51 1789/3311/52 1790/3312/89 
f 1100/3313/51 1099/3314/152 1791/3315/273 1789/3316/52 
f 1757/3317/153 1754/3318/151 1790/3319/89 1792/3320/274 
f 1756/3321/155 1126/3322/154 1793/3323/52 1794/3324/89 
f 1126/3325/154 1125/3326/157 1795/3327/275 1793/3328/52 
f 1759/3329/158 1756/3330/155 1794/3331/89 1796/3332/276 
f 1758/3333/160 1152/3334/159 1797/3335/52 1798/3336/89 
f 1152/3337/159 1151/3338/162 1799/3339/275 1797/3340/52 
f 1761/3341/163 1758/3342/160 1798/3343/89 1800/3344/276 
f 1760/3345/83 1178/3346/51 1801/3347/52 1802/3348/89 
f 1178/3349/51 1177/3350/30 1803/3351/37 1801/3352/52 
f 1177/3353/30 1764/3354/141 1804/3355/4 1803/3356/37 
f 1764/3357/141 1760/3358/83 1802/3359/89 1804/3360/4 
s 8
f 1072/1796/115 1071/1795/81 1489/3361/93 1329/3362/201 
s 2
f 1295/2135/188 1293/2133/186 1313/2153/193 1805/3363/278 
f 1297/2137/189 1295/2135/188 1805/3363/278 1806/3364/279 
f 1299/2139/191 1297/2137/189 1806/3364/279 1807/3365/280 
f 1301/2141/191 1299/2139/191 1807/3365/280 1808/3366/13 
f 1303/2143/191 1301/2141/191 1808/3366/13 1809/3367/278 
f 1305/2145/191 1303/2143/191 1809/3367/278 1810/3368/13 
f 1307/2147/189 1305/2145/191 1810/3368/13 1811/3369/280 
f 1309/2149/188 1307/2147/189 1811/3369/280 1812/3370/13 
f 1311/2151/188 1309/2149/188 1812/3370/13 1813/3371/43 
s 1
f 500/744/12 1812/3370/13 1811/3369/280 501/745/71 
f 502/746/12 1810/3368/13 1809/3367/278 503/747/11 
f 504/748/12 1806/3364/279 1805/3363/278 505/749/11 
f 509/753/72 1313/2153/193 1312/2152/25 780/1485/90 
f 508/752/12 1808/3366/13 1807/3365/280 781/1486/71 
f 1814/3372/14 109/115/11 375/421/12 1815/3373/13 
f 109/115/11 108/114/26 372/418/26 375/421/12 
f 137/147/11 136/146/26 111/117/26 110/116/12 
f 165/179/11 164/178/26 139/149/26 138/148/12 
f 193/211/11 192/210/26 167/181/26 166/180/12 
f 371/417/27 1816/3374/48 195/213/26 194/212/12 
f 19/19/11 1814/3372/14 1815/3373/13 20/20/12 
f 378/424/11 281/311/14 280/310/13 379/425/12 
f 382/428/11 311/347/14 310/346/13 383/429/12 
f 386/432/11 341/383/14 340/382/13 387/433/12 
f 390/436/47 369/415/25 368/414/13 391/437/12 
s 2
f 391/437/12 368/414/13 341/383/14 386/432/11 
f 387/433/12 340/382/13 311/347/14 382/428/11 
f 383/429/12 310/346/13 281/311/14 378/424/11 
f 379/425/12 280/310/13 1814/3372/14 19/19/11 
f 20/20/12 1815/3373/13 1817/3375/43 1818/3376/45 
s off
f 506/3377/43 1819/3378/37 1820/3379/67 1818/3380/45 
f 506/3381/43 21/3382/13 1821/3383/272 1819/3384/37 
f 21/3385/13 20/3386/12 1822/3387/89 1821/3388/272 
f 20/3389/12 1818/3390/45 1820/3391/67 1822/3392/89 
f 377/3393/14 380/3394/13 1823/3395/52 1824/3396/275 
f 380/3397/13 383/3398/12 1825/3399/89 1823/3400/52 
f 383/3401/12 378/3402/11 1826/3403/276 1825/3404/89 
f 385/3405/14 388/3406/13 1827/3407/52 1828/3408/281 
f 388/3409/13 391/3410/12 1829/3411/89 1827/3412/52 
f 391/3413/12 386/3414/11 1830/3415/276 1829/3416/89 
f 384/3417/13 387/3418/12 1831/3419/89 1832/3420/52 
f 387/3421/12 382/3422/11 1833/3423/282 1831/3424/89 
f 381/3425/14 384/3426/13 1832/3427/52 1834/3428/281 
f 376/3429/13 379/3430/12 1835/3431/89 1836/3432/52 
f 379/3433/12 19/3434/11 1837/3435/276 1835/3436/89 
f 22/3437/14 376/3438/13 1836/3439/52 1838/3440/275 
f 280/3441/13 110/3442/12 1839/3443/89 1840/3444/52 
f 110/3445/12 109/3446/11 1841/3447/274 1839/3448/89 
f 1814/3449/14 280/3450/13 1840/3451/52 1842/3452/281 
f 310/3453/13 138/3454/12 1843/3455/89 1844/3456/52 
f 138/3457/12 137/3458/11 1845/3459/274 1843/3460/89 
f 281/3461/14 310/3462/13 1844/3463/52 1846/3464/281 
f 340/3465/13 166/3466/12 1847/3467/89 1848/3468/52 
f 166/3469/12 165/3470/11 1849/3471/274 1847/3472/89 
f 311/3473/14 340/3474/13 1848/3475/52 1850/3476/281 
f 368/3477/13 194/3478/12 1851/3479/89 1852/3480/52 
f 194/3481/12 193/3482/11 1853/3483/274 1851/3484/89 
f 341/3485/14 368/3486/13 1852/3487/52 1854/3488/281 
f 1817/3489/43 1815/3490/13 1855/3491/52 1856/3492/37 
f 1815/3493/13 375/3494/12 1857/3495/89 1855/3496/52 
f 375/3497/12 374/3498/45 1858/3499/4 1857/3500/89 
f 374/3501/45 1817/3502/43 1856/3503/37 1858/3504/4 
f 1813/3505/43 1812/3506/13 1859/3507/272 1860/3508/37 
f 1812/3509/13 500/3510/12 1861/3511/89 1859/3512/272 
f 500/3513/12 507/3514/45 1862/3515/67 1861/3516/89 
f 507/3517/45 1813/3518/43 1860/3519/37 1862/3520/67 
f 1809/3521/278 1808/3522/13 1863/3523/272 1864/3524/275 
f 1808/3525/13 508/3526/12 1865/3527/89 1863/3528/272 
f 508/3529/12 503/3530/11 1866/3531/276 1865/3532/89 
f 1805/3533/278 1313/3534/193 1867/3535/272 1868/3536/275 
f 1313/3537/193 509/3538/72 1869/3539/89 1867/3540/272 
f 509/3541/72 505/3542/11 1870/3543/276 1869/3544/89 
f 1807/3545/280 1806/3546/279 1871/3547/52 1872/3548/275 
f 1806/3549/279 504/3550/12 1873/3551/89 1871/3552/52 
f 504/3553/12 781/3554/71 1874/3555/276 1873/3556/89 
f 1811/3557/280 1810/3558/13 1875/3559/52 1876/3560/275 
f 1810/3561/13 502/3562/12 1877/3563/89 1875/3564/52 
f 502/3565/12 501/3566/71 1878/3567/276 1877/3568/89 
f 1879/3569/235 1880/3570/196 1195/3571/170 1194/3572/169 
f 1881/3573/2 1882/3574/2 1880/3570/196 1879/3569/235 
f 1883/3575/2 1884/3576/2 1885/3577/283 1886/3578/66 
f 1887/3579/2 1888/3580/2 1889/3581/283 1890/3582/284 
f 1891/3583/2 1892/3584/2 1893/3585/283 1894/3586/285 
f 1895/3587/2 1896/3588/2 1897/3589/283 1898/3590/286 
s 1
f 1896/3591/2 1895/3592/2 1689/3086/253 1706/3085/269 
s off
f 1696/3593/265 1697/3594/266 1899/3595/188 1900/3596/287 
f 1700/3597/269 1699/3598/268 1901/3599/230 1902/3600/287 
f 1702/3601/269 1701/3602/268 1903/3603/230 1904/3604/287 
f 1704/3605/269 1703/3606/268 1905/3607/230 1906/3608/287 
f 1706/3609/269 1705/3610/268 1907/3611/230 1908/3612/287 
f 1195/3571/170 1880/3570/196 1909/3613/196 1514/3614/234 
f 1880/3570/196 1882/3574/2 1910/3615/288 1909/3613/196 
f 1885/3577/283 1884/3576/2 1911/3616/288 1912/3617/283 
f 1889/3581/283 1888/3580/2 1913/3618/288 1914/3619/283 
f 1893/3585/283 1892/3584/2 1915/3620/288 1916/3621/283 
f 1897/3589/283 1896/3588/2 1917/3622/288 1918/3623/283 
f 1896/3591/2 1706/3085/269 1908/3624/287 1917/3625/288 
s 16
f 1673/3018/253 1696/3017/265 1882/3626/2 1881/3627/2 
f 1696/3017/265 1900/3628/287 1910/3629/288 1882/3626/2 
f 1901/3630/230 1699/3030/268 1885/3631/283 1912/3632/283 
f 1699/3030/268 1680/3029/258 1886/3633/66 1885/3631/283 
f 1677/3038/253 1700/3037/269 1884/3634/2 1883/3635/2 
f 1700/3037/269 1902/3636/287 1911/3637/288 1884/3634/2 
f 1903/3638/230 1701/3046/268 1889/3639/283 1914/3640/283 
f 1701/3046/268 1684/3045/178 1890/3641/284 1889/3639/283 
f 1681/3054/253 1702/3053/269 1888/3642/2 1887/3643/2 
f 1702/3053/269 1904/3644/287 1913/3645/288 1888/3642/2 
f 1905/3646/230 1703/3062/268 1893/3647/283 1916/3648/283 
f 1703/3062/268 1688/3061/260 1894/3649/285 1893/3647/283 
f 1685/3070/253 1704/3069/269 1892/3650/2 1891/3651/2 
f 1704/3069/269 1906/3652/287 1915/3653/288 1892/3650/2 
f 1907/3654/230 1705/3078/268 1897/3655/283 1918/3656/283 
f 1705/3078/268 1692/3077/178 1898/3657/286 1897/3655/283 
s off
f 79/79/28 81/82/30 1919/3658/28 1920/3659/28 
f 86/87/28 88/90/30 1921/3660/28 1922/3661/28 
f 244/266/23 243/265/28 1923/3662/28 1924/3663/281 
f 246/269/23 79/268/28 1920/3664/28 1925/3665/281 
f 247/271/23 86/270/28 1922/3666/28 1926/3667/281 
f 249/273/43 248/272/42 1927/3668/26 1928/3669/26 
f 251/275/43 250/274/42 1929/3670/26 1930/3671/26 
f 374/420/45 373/419/42 1931/3672/26 1932/3673/27 
f 248/517/42 428/516/24 1933/3674/281 1927/3675/26 
f 250/537/42 438/536/24 1934/3676/281 1929/3677/26 
f 428/516/24 442/994/23 1935/3678/281 1933/3674/281 
f 506/750/43 1818/3376/45 1936/3679/27 1937/3680/27 
f 373/761/42 513/760/24 1938/3681/281 1931/3682/26 
f 541/921/24 539/924/23 1939/3683/275 1940/3684/273 
f 513/760/24 565/922/23 1941/3685/281 1938/3681/281 
f 565/922/23 541/921/24 1940/3684/273 1941/3685/281 
f 539/924/23 569/923/24 1942/3686/275 1939/3683/275 
f 569/923/24 247/271/23 1926/3667/281 1942/3686/275 
f 438/536/24 489/996/23 1943/3687/281 1934/3676/281 
f 442/994/23 590/993/24 1944/3688/281 1935/3678/281 
f 489/996/23 591/995/24 1945/3689/281 1943/3687/281 
f 593/998/23 592/997/24 1946/3690/281 1947/3691/281 
f 595/1000/23 594/999/24 1948/3692/281 1949/3693/281 
f 590/993/24 593/998/23 1947/3691/281 1944/3688/281 
f 591/995/24 595/1000/23 1949/3693/281 1945/3689/281 
f 592/997/24 244/266/23 1924/3663/281 1946/3690/281 
f 594/999/24 246/269/23 1925/3665/281 1948/3692/281 
f 243/1305/28 693/1308/76 1950/3694/76 1923/3695/28 
f 81/3696/30 249/3697/43 1928/3698/26 1919/3699/28 
f 88/3700/30 251/3701/43 1930/3702/26 1921/3703/28 
f 1527/2531/105 1526/2530/123 1951/3704/289 1952/3705/274 
f 1038/1745/140 1037/1744/121 1953/3706/128 1954/3707/140 
f 1571/2685/105 1570/2684/123 1955/3708/289 1956/3709/274 
f 1573/2689/105 1173/2688/146 1957/3710/85 1958/3711/289 
f 1575/2691/105 1574/2690/123 1959/3712/289 1960/3713/289 
f 1529/2535/105 1175/2534/146 1961/3714/85 1962/3715/289 
f 1039/1746/123 1254/2687/105 1963/3716/274 1964/3717/274 
f 1041/1748/123 1287/2693/105 1965/3718/274 1966/3719/289 
f 1173/1902/146 1172/1901/146 1967/3720/85 1957/3721/85 
f 1175/1905/146 1174/1904/146 1968/3722/85 1961/3723/85 
f 1174/1910/146 1179/1909/123 1969/3724/289 1968/3725/85 
f 1179/1909/123 1181/1912/105 1970/3726/274 1969/3724/289 
f 1181/1912/105 1180/1911/87 1971/3727/87 1970/3726/274 
f 1172/1914/146 1182/1913/123 1972/3728/289 1967/3729/85 
f 1182/1913/123 1184/1916/105 1973/3730/274 1972/3728/289 
f 1672/2977/174 1038/2976/140 1954/3731/140 1974/3732/76 
f 1040/1747/87 1039/1746/123 1964/3717/274 1975/3733/87 
f 1042/1749/87 1041/1748/123 1966/3719/289 1976/3734/87 
f 1577/2695/105 1310/2694/187 1977/3735/190 1978/3736/289 
f 1310/2150/187 1311/2151/188 1979/3737/188 1977/3738/190 
f 1528/2532/123 1527/2531/105 1952/3705/274 1980/3739/274 
f 1351/2533/87 1528/2532/123 1980/3739/274 1981/3740/87 
f 1526/2530/123 1529/2535/105 1962/3715/289 1951/3704/289 
f 1572/2686/123 1571/2685/105 1956/3709/274 1982/3741/274 
f 1254/2687/105 1572/2686/123 1982/3741/274 1963/3716/274 
f 1570/2684/123 1573/2689/105 1958/3711/289 1955/3708/289 
f 1576/2692/123 1575/2691/105 1960/3713/289 1983/3742/289 
f 1287/2693/105 1576/2692/123 1983/3742/289 1965/3718/274 
f 1574/2690/123 1577/2695/105 1978/3736/289 1959/3712/289 
f 1669/2963/30 1668/2962/173 1984/3743/73 1985/3744/73 
f 1668/2962/173 1672/2977/174 1974/3732/76 1984/3743/73 
f 1037/3745/121 1690/2995/261 1986/3746/290 1953/3747/128 
f 693/1308/76 1717/3101/76 1987/3748/76 1950/3694/76 
f 1728/3112/141 1669/2963/30 1985/3744/73 1988/3749/76 
f 1717/3101/76 1728/3112/141 1988/3749/76 1987/3748/76 
f 1177/1907/30 1040/1906/87 1975/3750/87 1989/3751/76 
f 1764/3229/141 1177/1907/30 1989/3751/76 1990/3752/76 
f 1180/3230/87 1764/3229/141 1990/3752/76 1971/3753/87 
f 1311/2151/188 1813/3371/43 1991/3754/27 1979/3737/188 
f 507/751/45 506/750/43 1937/3680/27 1992/3755/27 
f 1813/3371/43 507/751/45 1992/3755/27 1991/3754/27 
f 1818/3376/45 1817/3375/43 1993/3756/27 1936/3679/27 
f 1817/3375/43 374/420/45 1932/3673/27 1993/3756/27 
f 1674/2979/254 893/3757/121 863/3758/117 1675/2980/255 
f 1678/2983/254 929/3759/128 903/3760/121 1679/2984/257 
f 1682/2987/45 965/3761/132 939/3762/128 1683/2988/12 
f 1686/2991/254 1001/3763/121 975/3764/132 1687/2992/259 
f 1690/2995/261 1037/3745/121 1011/3765/121 1691/2996/72 
f 1675/2980/255 863/3758/117 862/3766/116 1693/3000/262 
f 1693/3000/262 862/3766/116 837/3767/108 1223/3002/181 
s 1
f 1679/2984/257 903/3760/121 893/3757/121 1674/2979/254 
f 1683/2988/12 939/3762/128 929/3759/128 1678/2983/254 
f 1687/2992/259 975/3764/132 965/3761/132 1682/2987/45 
f 1691/2996/72 1011/3765/121 1001/3763/121 1686/2991/254 
s off
f 1334/2195/79 1879/3569/235 1194/3572/169 1193/2196/168 
f 1336/2197/204 1881/3573/2 1879/3569/235 1334/2195/79 
f 1340/2199/204 1883/3575/2 1886/3578/66 1338/2198/83 
f 1344/2202/204 1887/3579/2 1890/3582/284 1342/2200/205 
f 1348/2204/204 1891/3583/2 1894/3586/285 1346/2203/207 
f 1352/2207/209 1895/3587/2 1898/3590/286 1350/2205/208 
f 1352/2207/209 1351/2206/87 1981/3768/87 1994/3769/291 
f 1689/3086/253 1895/3592/2 1352/3770/209 1690/3771/261 
f 1886/3633/66 1680/3029/258 1679/3772/257 1338/3773/83 
f 1673/3018/253 1881/3627/2 1336/3774/204 1674/3775/254 
f 1890/3641/284 1684/3045/178 1683/3776/12 1342/3777/205 
f 1677/3038/253 1883/3635/2 1340/3778/204 1678/3779/254 
f 1894/3649/285 1688/3061/260 1687/3780/259 1346/3781/207 
f 1681/3054/253 1887/3643/2 1344/3782/204 1682/3783/45 
f 1898/3657/286 1692/3077/178 1691/3784/72 1350/3785/208 
f 1685/3070/253 1891/3651/2 1348/3786/204 1686/3787/254 
f 1690/3788/261 1352/3789/209 1994/3790/291 1986/3791/290 
f 1674/3792/254 1336/3793/204 1338/3794/83 1679/3795/257 
f 1678/3796/254 1340/3797/204 1342/3798/205 1683/3799/12 
f 1682/3800/45 1344/3801/204 1346/3802/207 1687/3803/259 
f 1686/3804/254 1348/3805/204 1350/3806/208 1691/3807/72 
s 2
f 780/3808/90 1312/2167/25 1317/2164/21 1389/2376/229 1388/3809/228 370/3810/6 369/3811/25 390/3812/47 389/3813/46 
s 6
f 1388/3809/228 424/509/61 423/508/34 1995/3814/292 1996/3815/293 1816/3816/48 371/3817/27 370/3810/6 
s 16
f 512/759/9 195/758/26 1816/3818/48 1996/3819/293 
f 559/919/10 512/759/9 1996/3819/293 1995/3820/292 
f 534/920/9 559/919/10 1995/3820/292 423/3821/34 
f 364/410/10 534/920/9 423/3821/34 365/411/37 
s 2
f 418/493/57 1395/2274/57 1394/3822/183 419/494/58 
s off
f 1997/3823/60 834/3824/4 833/3825/67 1998/3826/60 1999/3827/61 2000/3828/60 2001/3829/61 2002/3830/60 783/1488/61 782/1487/60 2003/3831/61 2004/3832/60 2005/3833/61 
f 791/1496/64 1/1/1 4/4/1 2006/3834/64 2007/3835/16 2008/3836/64 2009/3837/16 785/1490/64 784/1489/16 2010/3838/64 2011/3839/16 2012/3840/64 2013/3841/16 
f 2014/3842/60 840/3843/4 839/3844/67 2015/3845/60 2016/3846/61 2017/3847/60 2018/3848/61 2019/3849/60 802/1507/61 801/1506/60 2020/3850/61 2021/3851/60 2022/3852/61 
f 2023/3853/97 36/36/21 39/39/21 2024/3854/97 2025/3855/96 2026/3856/97 2027/3857/96 804/1509/97 803/1508/96 2028/3858/97 2029/3859/96 2030/3860/97 2031/3861/96 
f 1415/2303/21 843/3862/109 840/3843/4 2014/3842/60 2032/3863/294 2033/3864/60 2034/3865/61 2035/3866/53 806/1511/61 805/1510/53 2036/3867/295 2037/3868/296 2038/3869/294 
f 2024/3854/97 39/39/21 48/48/16 1416/2304/21 2039/3870/99 2040/3871/97 2041/3872/99 808/1513/97 807/1512/98 2042/3873/297 2043/3874/96 2044/3875/97 2045/3876/96 
f 2046/3877/60 846/3878/67 845/3879/67 2047/3880/60 2048/3881/61 2049/3882/60 2050/3883/61 2051/3884/60 810/1515/61 809/1514/60 2052/3885/61 2053/3886/60 2054/3887/61 
f 2055/3888/100 62/62/1 65/65/1 2056/3889/97 2057/3890/96 2058/3891/97 2059/3892/99 812/1517/100 811/1516/99 2060/3893/100 2061/3894/99 2062/3895/100 2063/3896/99 
f 819/3897/25 849/3898/111 846/3878/67 2046/3877/60 2064/3899/61 2065/3900/60 2066/3901/61 2067/3902/60 814/1519/61 813/1518/60 2068/3903/61 2069/3904/60 2070/3905/61 
f 2056/3889/97 65/65/1 73/73/25 820/3906/19 2071/3907/16 2072/3908/64 2073/3909/16 816/1521/64 815/1520/16 2074/3910/64 2075/3911/16 2076/3912/64 2077/3913/96 
f 818/1523/54 850/3914/112 849/3915/111 819/1524/25 
f 820/1525/19 73/487/25 416/486/55 817/1522/55 
f 1398/2277/1 851/3916/67 834/3824/4 1997/3823/60 2078/3917/298 2079/3918/60 2080/3919/298 2081/3920/60 822/1527/61 821/1526/101 2082/3921/61 2083/3922/101 2084/3923/61 
f 2006/3834/64 4/4/1 427/515/16 1399/2278/1 2085/3924/16 2086/3925/64 2087/3926/16 824/1529/64 823/1528/102 2088/3927/299 2089/3928/16 2090/3929/64 2091/3930/16 
f 2015/3845/60 839/3844/67 853/3931/109 1405/2288/60 2092/3932/61 2093/3933/53 2094/3934/61 2095/3935/53 826/1531/61 825/1530/60 2096/3936/294 2097/3937/60 2098/3938/300 
f 1404/2287/64 431/522/64 36/36/21 2023/3853/97 2099/3939/99 2100/3940/97 2101/3941/99 828/1533/104 827/1532/103 2102/3942/100 2103/3943/16 2104/3944/64 2105/3945/16 
f 2047/3880/60 845/3879/67 855/3946/67 1422/2314/60 2106/3947/61 2107/3948/60 2108/3949/61 2109/3950/101 830/1535/61 829/1534/60 2110/3951/61 2111/3952/60 2112/3953/61 
f 1421/2313/64 440/539/64 62/62/1 2055/3888/100 2113/3954/16 2114/3955/64 2115/3956/16 832/1537/106 831/1536/105 2116/3957/64 2117/3958/16 2118/3959/64 2119/3960/16 
f 2120/3961/211 1519/2498/57 1516/2495/247 2121/3962/211 2122/3963/212 2123/3964/211 2124/3965/212 2125/3966/211 1186/1918/50 1185/1917/108 2126/3967/212 2127/3968/211 2128/3969/212 
f 1212/1950/56 836/1949/89 835/3970/107 2129/3971/56 2130/3972/164 2131/3973/56 2132/3974/164 1188/1920/56 1187/1919/164 2133/3975/56 2134/3976/164 2135/3977/56 2136/3978/164 
f 1402/2283/57 1521/2500/247 1519/2498/57 2120/3961/211 2137/3979/212 2138/3980/223 2139/3981/301 2140/3982/211 1358/2222/212 1357/2221/211 2141/3983/302 2142/3984/303 2143/3985/212 
f 2129/3971/56 835/3970/107 852/3986/107 1403/2284/57 2144/3987/164 2145/3988/213 2146/3989/164 1360/2224/213 1359/2223/164 2147/3990/56 2148/3991/102 2149/3992/56 2150/3993/102 
f 2151/3994/214 1438/2341/57 1436/2339/226 2152/3995/214 2153/3996/215 2154/3997/214 2155/3998/215 2156/3999/214 1362/2226/215 1361/2225/214 2157/4000/215 2158/4001/214 2159/4002/215 
f 2160/4003/56 842/4004/89 841/4005/107 2161/4006/56 2162/4007/164 2163/4008/56 2164/4009/164 1364/2228/56 1363/2227/164 2165/4010/56 2166/4011/164 2167/4012/56 2168/4013/164 
f 2152/3995/214 1436/2339/226 1434/2336/232 1411/2294/211 2169/4014/304 2170/4015/305 2171/4016/50 2172/4017/306 1366/2230/217 1365/2229/216 2173/4018/307 2174/4019/308 2175/4020/309 
f 1410/2293/56 854/4021/113 842/4004/89 2160/4003/56 2176/4022/164 2177/4023/221 2178/4024/310 1368/2232/56 1367/2231/164 2179/4025/56 2180/4026/311 2181/4027/225 2182/4028/164 
f 1419/2309/57 1440/2343/57 1438/2341/57 2151/3994/214 2183/4029/215 2184/4030/214 2185/4031/215 2186/4032/214 1370/2234/219 1369/2233/218 2187/4033/215 2188/4034/214 2189/4035/215 
f 2161/4006/56 841/4005/107 844/4036/110 1420/2310/57 2190/4037/312 2191/4038/221 2192/4039/313 1372/2236/221 1371/2235/220 2193/4040/314 2194/4041/311 2195/4042/315 2196/4043/311 
f 2197/4044/214 1385/2249/226 1452/2367/226 2198/4045/222 2199/4046/217 2200/4047/306 2201/4048/316 2202/4049/222 1374/2238/217 1373/2237/222 2203/4050/317 2204/4051/318 2205/4052/319 
f 2206/4053/56 848/4054/107 847/4055/107 2207/4056/56 2208/4057/164 2209/4058/56 2210/4059/164 1376/2240/56 1375/2239/164 2211/4060/56 2212/4061/164 2213/4062/56 2214/4063/164 
f 817/4064/55 416/2250/55 1385/2249/226 2197/4044/214 2215/4065/317 2216/4066/320 2217/4067/212 2218/4068/211 1378/2242/126 1377/2241/223 2219/4069/212 2220/4070/321 2221/4071/322 
f 2207/4056/56 847/4055/107 850/4072/112 818/4073/54 2222/4074/164 2223/4075/323 2224/4076/324 1380/2244/56 1379/2243/164 2225/4077/56 2226/4078/9 2227/4079/325 2228/4080/164 
f 2198/4045/222 1452/2367/226 1450/2364/57 1428/2320/211 2229/4081/114 2230/4082/320 2231/4083/212 2232/4084/211 1382/2246/126 1381/2245/224 2233/4085/212 2234/4086/321 2235/4087/50 
f 1427/2319/56 856/4088/89 848/4054/107 2206/4053/56 2236/4089/164 2237/4090/314 2238/4091/164 1384/2248/225 1383/2247/9 2239/4092/56 2240/4093/102 2241/4094/56 2242/4095/102 
f 1397/2276/25 1051/4096/111 851/3916/67 1398/2277/1 
f 1399/2278/1 427/515/16 1045/4097/45 1396/2275/19 
f 1401/2280/54 1052/4098/112 1051/4099/111 1397/2281/25 
f 1396/2282/19 1045/2505/45 1523/2504/54 1400/2279/55 
f 1403/2284/57 852/3986/107 1052/4100/112 1401/2285/54 
f 1400/2286/55 1523/2502/54 1521/2500/247 1402/2283/57 
f 1405/2288/60 853/3931/109 1053/4101/93 1406/2289/6 
f 1407/2290/2 1046/4102/141 431/522/64 1404/2287/64 
f 1409/2292/183 1054/4103/142 854/4021/113 1410/2293/56 
f 1411/2294/211 1434/2336/232 1432/2335/66 1408/2291/66 
f 1406/2296/6 1053/4104/93 1054/4105/142 1409/2297/183 
f 1408/2298/66 1432/2333/66 1046/2330/141 1407/2295/2 
f 1414/2302/25 1055/4106/111 843/3862/109 1415/2303/21 
f 1416/2304/21 48/48/16 1049/4107/45 1413/2301/19 
f 1418/2306/54 1056/4108/143 1055/4109/111 1414/2307/25 
f 1413/2308/19 1049/2348/45 1442/2347/54 1417/2305/55 
f 1420/2310/57 844/4036/110 1056/4110/143 1418/2311/54 
f 1417/2312/55 1442/2345/54 1440/2343/57 1419/2309/57 
f 1422/2314/60 855/3946/67 1057/4111/93 1423/2315/6 
f 1424/2316/2 1050/4112/141 440/539/64 1421/2313/64 
f 1426/2318/183 1058/4113/144 856/4088/89 1427/2319/56 
f 1428/2320/211 1450/2364/57 1448/2363/183 1425/2317/66 
f 1423/2322/6 1057/4114/93 1058/4115/144 1426/2323/183 
f 1425/2324/66 1448/2361/183 1050/2358/141 1424/2321/2 
f 2243/4116/326 2244/4117/327 796/1501/16 795/1500/64 
f 1998/3826/60 833/3825/67 788/1493/67 787/1492/92 2245/4118/328 2246/4119/329 2247/4120/330 2248/4121/329 2244/4117/327 2243/4116/326 2249/4122/61 2250/4123/60 2251/4124/61 
f 2121/3962/211 1516/2495/247 1515/2494/246 1695/3006/264 2252/4125/331 2253/4126/332 2254/4127/333 2255/4128/334 2256/4129/212 2257/4130/211 2258/4131/322 2259/4132/335 2260/4133/212 
f 2257/4130/211 2256/4129/212 1217/1955/164 1216/1954/56 
f 2000/3828/60 1999/3827/61 2013/3841/16 2012/3840/64 
f 2002/3830/60 2001/3829/61 2011/3839/16 2010/3838/64 
f 2007/3835/16 2006/3834/64 1997/3823/60 2005/3833/61 
f 2009/3837/16 2008/3836/64 2004/3832/60 2003/3831/61 
f 2079/3918/60 2078/3917/298 2091/3930/16 2090/3929/64 
f 2081/3920/60 2080/3919/298 2089/3928/16 2088/3927/299 
f 2085/3924/16 1399/2278/1 1398/2277/1 2084/3923/61 
f 2087/3926/16 2086/3925/64 2083/3922/101 2082/3921/61 
f 2123/3964/211 2122/3963/212 2136/3978/164 2135/3977/56 
f 2125/3966/211 2124/3965/212 2134/3976/164 2133/3975/56 
f 2130/3972/164 2129/3971/56 2120/3961/211 2128/3969/212 
f 2132/3974/164 2131/3973/56 2127/3968/211 2126/3967/212 
f 2138/3980/223 2137/3979/212 2150/3993/102 2149/3992/56 
f 2140/3982/211 2139/3981/301 2148/3991/102 2147/3990/56 
f 2144/3987/164 1403/2284/57 1402/2283/57 2143/3985/212 
f 2146/3989/164 2145/3988/213 2142/3984/303 2141/3983/302 
f 2246/4119/329 2245/4118/328 800/1505/95 799/1504/64 
f 2248/4121/329 2247/4120/330 798/1503/16 797/1502/64 
f 792/1497/16 791/1496/64 1998/3826/60 2251/4124/61 
f 794/1499/16 793/1498/64 2250/4123/60 2249/4122/61 
f 2253/4126/332 2252/4125/331 1221/1959/179 1220/1958/178 
f 2255/4128/334 2254/4127/333 1219/1957/179 1218/1956/178 
f 1213/1951/164 1212/1950/56 2121/3962/211 2260/4133/212 
f 1215/1953/164 1214/1952/56 2259/4132/335 2258/4131/322 
s 1
f 791/4134/64 2013/4135/16 2122/4136/212 2121/4137/211 
s 2
f 2013/4138/16 1999/4139/61 2136/4140/164 2122/4141/212 
s 1
f 1999/4142/61 1998/4143/60 1212/4144/56 2136/4145/164 
s 2
f 1998/4146/60 791/4147/64 2121/4148/211 1212/4149/56 
s 1
f 2001/4150/61 2000/4151/60 2135/4152/56 2134/4153/164 
s 2
f 2000/4154/60 2012/4155/64 2123/4156/211 2135/4157/56 
s 1
f 2012/4158/64 2011/4159/16 2124/4160/212 2123/4161/211 
s 2
f 2011/4162/16 2001/4163/61 2134/4164/164 2124/4165/212 
s 1
f 783/4166/61 2002/4167/60 2133/4168/56 1187/4169/164 
s 2
f 2002/4170/60 2010/4171/64 2125/4172/211 2133/4173/56 
s 1
f 2010/4174/64 784/4175/16 1186/4176/50 2125/4177/211 
s 2
f 784/4178/16 783/4179/61 1187/4180/164 1186/4181/50 
s 1
f 2005/4182/61 2004/4183/60 2131/4184/56 2130/4185/164 
s 2
f 2004/4186/60 2008/4187/64 2127/4188/211 2131/4189/56 
s 1
f 2008/4190/64 2007/4191/16 2128/4192/212 2127/4193/211 
s 2
f 2007/4194/16 2005/4195/61 2130/4196/164 2128/4197/212 
s 1
f 2003/4198/61 782/4199/60 1188/4200/56 2132/4201/164 
s 2
f 782/4202/60 785/4203/64 1185/4204/108 1188/4205/56 
s 1
f 785/4206/64 2009/4207/16 2126/4208/212 1185/4209/108 
s 2
f 2009/4210/16 2003/4211/61 2132/4212/164 2126/4213/212 
s 1
f 2078/4214/298 1997/4215/60 2129/4216/56 2150/4217/102 
s 2
f 1997/4218/60 2006/4219/64 2120/4220/211 2129/4221/56 
s 1
f 2006/4222/64 2091/4223/16 2137/4224/212 2120/4225/211 
s 2
f 2091/4226/16 2078/4227/298 2150/4228/102 2137/4229/212 
s 1
f 2090/4230/64 2089/4231/16 2139/4232/301 2138/4233/223 
s 2
f 2089/4234/16 2080/4235/298 2148/4236/102 2139/4237/301 
s 1
f 2080/4238/298 2079/4239/60 2149/4240/56 2148/4241/102 
s 2
f 2079/4242/60 2090/4243/64 2138/4244/223 2149/4245/56 
s 1
f 2088/4246/299 823/4247/102 1358/4248/212 2140/4249/211 
s 2
f 823/4250/102 822/4251/61 1359/4252/164 1358/4253/212 
s 1
f 822/4254/61 2081/4255/60 2147/4256/56 1359/4257/164 
s 2
f 2081/4258/60 2088/4259/299 2140/4260/211 2147/4261/56 
s 1
f 2086/4262/64 2085/4263/16 2143/4264/212 2142/4265/303 
s 2
f 2085/4266/16 2084/4267/61 2144/4268/164 2143/4269/212 
s 1
f 2084/4270/61 2083/4271/101 2145/4272/213 2144/4273/164 
s 2
f 2083/4274/101 2086/4275/64 2142/4276/303 2145/4277/213 
s 1
f 2082/4278/61 821/4279/101 1360/4280/213 2146/4281/164 
s 2
f 821/4282/101 824/4283/64 1357/4284/211 1360/4285/213 
s 1
f 824/4286/64 2087/4287/16 2141/4288/302 1357/4289/211 
s 2
f 2087/4290/16 2082/4291/61 2146/4292/164 2141/4293/302 
s 1
f 2245/4294/328 787/4295/92 1222/3010/180 1221/4296/179 
s 8
f 787/4297/92 786/4298/91 1695/4299/264 1222/3003/180 
s 1
f 786/4300/91 800/4301/95 2252/4302/331 1695/4303/264 
s 8
f 800/4304/95 2245/4305/328 1221/4306/179 2252/4307/331 
s 1
f 799/4308/64 798/4309/16 2254/4310/333 2253/4311/332 
s 2
f 798/4312/16 2247/4313/330 1219/4314/179 2254/4315/333 
s 1
f 2247/4316/330 2246/4317/329 1220/4318/178 1219/4319/179 
s 2
f 2246/4320/329 799/4321/64 2253/4322/332 1220/4323/178 
s 1
f 2244/4324/327 2248/4325/329 1218/4326/178 1217/4327/164 
s 2
f 2248/4328/329 797/4329/64 2255/4330/334 1218/4331/178 
s 1
f 797/4332/64 796/4333/16 2256/4334/212 2255/4335/334 
s 2
f 796/4336/16 2244/4337/327 1217/4338/164 2256/4339/212 
s 1
f 793/4340/64 792/4341/16 2260/4342/212 2259/4343/335 
s 2
f 792/4344/16 2251/4345/61 1213/4346/164 2260/4347/212 
s 1
f 2251/4348/61 2250/4349/60 1214/4350/56 1213/4351/164 
s 2
f 2250/4352/60 793/4353/64 2259/4354/335 1214/4355/56 
s 1
f 2249/4356/61 2243/4357/326 1216/4358/56 1215/4359/164 
s 2
f 2243/4360/326 795/4361/64 2257/4362/211 1216/4363/56 
s 1
f 795/4364/64 794/4365/16 2258/4366/322 2257/4367/211 
s 2
f 794/4368/16 2249/4369/61 1215/4370/164 2258/4371/322 
s off
f 2017/3847/60 2016/3846/61 2031/3861/96 2030/3860/97 
f 2019/3849/60 2018/3848/61 2029/3859/96 2028/3858/97 
f 2025/3855/96 2024/3854/97 2014/3842/60 2022/3852/61 
f 2027/3857/96 2026/3856/97 2021/3851/60 2020/3850/61 
f 2033/3864/60 2032/3863/294 2045/3876/96 2044/3875/97 
f 2035/3866/53 2034/3865/61 2043/3874/96 2042/3873/297 
f 2039/3870/99 1416/2304/21 1415/2303/21 2038/3869/294 
f 2041/3872/99 2040/3871/97 2037/3868/296 2036/3867/295 
f 2093/3933/53 2092/3932/61 2105/3945/16 2104/3944/64 
f 2095/3935/53 2094/3934/61 2103/3943/16 2102/3942/100 
f 2099/3939/99 2023/3853/97 2015/3845/60 2098/3938/300 
f 2101/3941/99 2100/3940/97 2097/3937/60 2096/3936/294 
f 2154/3997/214 2153/3996/215 2168/4013/164 2167/4012/56 
f 2156/3999/214 2155/3998/215 2166/4011/164 2165/4010/56 
f 2162/4007/164 2161/4006/56 2151/3994/214 2159/4002/215 
f 2164/4009/164 2163/4008/56 2158/4001/214 2157/4000/215 
f 2170/4015/305 2169/4014/304 2182/4028/164 2181/4027/225 
f 2172/4017/306 2171/4016/50 2180/4026/311 2179/4025/56 
f 2176/4022/164 2160/4003/56 2152/3995/214 2175/4020/309 
f 2178/4024/310 2177/4023/221 2174/4019/308 2173/4018/307 
f 2184/4030/214 2183/4029/215 2196/4043/311 2195/4042/315 
f 2186/4032/214 2185/4031/215 2194/4041/311 2193/4040/314 
f 2190/4037/312 1420/2310/57 1419/2309/57 2189/4035/215 
f 2192/4039/313 2191/4038/221 2188/4034/214 2187/4033/215 
s 1
f 2023/4372/97 2031/4373/96 2153/4374/215 2152/4375/214 
s 2
f 2031/4376/96 2016/4377/61 2168/4378/164 2153/4379/215 
s 1
f 2016/4380/61 2015/4381/60 2160/4382/56 2168/4383/164 
s 2
f 2015/4384/60 2023/4385/97 2152/4386/214 2160/4387/56 
s 1
f 2018/4388/61 2017/4389/60 2167/4390/56 2166/4391/164 
s 2
f 2017/4392/60 2030/4393/97 2154/4394/214 2167/4395/56 
s 1
f 2030/4396/97 2029/4397/96 2155/4398/215 2154/4399/214 
s 2
f 2029/4400/96 2018/4401/61 2166/4402/164 2155/4403/215 
s 1
f 802/4404/61 2019/4405/60 2165/4406/56 1363/4407/164 
s 2
f 2019/4408/60 2028/4409/97 2156/4410/214 2165/4411/56 
s 1
f 2028/4412/97 803/4413/96 1362/4414/215 2156/4415/214 
s 2
f 803/4416/96 802/4417/61 1363/4418/164 1362/4419/215 
s 1
f 2022/4420/61 2021/4421/60 2163/4422/56 2162/4423/164 
s 2
f 2021/4424/60 2026/4425/97 2158/4426/214 2163/4427/56 
s 1
f 2026/4428/97 2025/4429/96 2159/4430/215 2158/4431/214 
s 2
f 2025/4432/96 2022/4433/61 2162/4434/164 2159/4435/215 
s 1
f 2020/4436/61 801/4437/60 1364/4438/56 2164/4439/164 
s 2
f 801/4440/60 804/4441/97 1361/4442/214 1364/4443/56 
s 1
f 804/4444/97 2027/4445/96 2157/4446/215 1361/4447/214 
s 2
f 2027/4448/96 2020/4449/61 2164/4450/164 2157/4451/215 
s 1
f 2024/4452/97 2045/4453/96 2183/4454/215 2151/4455/214 
s 2
f 2045/4456/96 2032/4457/294 2196/4458/311 2183/4459/215 
s 1
f 2032/4460/294 2014/4461/60 2161/4462/56 2196/4463/311 
s 2
f 2014/4464/60 2024/4465/97 2151/4466/214 2161/4467/56 
s 1
f 2044/4468/97 2043/4469/96 2185/4470/215 2184/4471/214 
s 2
f 2043/4472/96 2034/4473/61 2194/4474/311 2185/4475/215 
s 1
f 2034/4476/61 2033/4477/60 2195/4478/315 2194/4479/311 
s 2
f 2033/4480/60 2044/4481/97 2184/4482/214 2195/4483/315 
s 1
f 2042/4484/297 807/4485/98 1370/4486/219 2186/4487/214 
s 2
f 807/4488/98 806/4489/61 1371/4490/220 1370/4491/219 
s 1
f 806/4492/61 2035/4493/53 2193/4494/314 1371/4495/220 
s 2
f 2035/4496/53 2042/4497/297 2186/4498/214 2193/4499/314 
s 1
f 2038/4500/294 2037/4501/296 2191/4502/221 2190/4503/312 
s 2
f 2037/4504/296 2040/4505/97 2188/4506/214 2191/4507/221 
s 1
f 2040/4508/97 2039/4509/99 2189/4510/215 2188/4511/214 
s 2
f 2039/4512/99 2038/4513/294 2190/4514/312 2189/4515/215 
s 1
f 2036/4516/295 805/4517/53 1372/4518/221 2192/4519/313 
s 2
f 805/4520/53 808/4521/97 1369/4522/218 1372/4523/221 
s 1
f 808/4524/97 2041/4525/99 2187/4526/215 1369/4527/218 
s 2
f 2041/4528/99 2036/4529/295 2192/4530/313 2187/4531/215 
s 1
f 2092/4532/61 1405/4533/60 1410/4534/56 2182/4535/164 
s 2
f 1405/4536/60 1404/4537/64 1411/4538/211 1410/4539/56 
s 1
f 1404/4540/64 2105/4541/16 2169/4542/304 1411/4543/211 
s 2
f 2105/4544/16 2092/4545/61 2182/4546/164 2169/4547/304 
s 1
f 2094/4548/61 2093/4549/53 2181/4550/225 2180/4551/311 
s 2
f 2093/4552/53 2104/4553/64 2170/4554/305 2181/4555/225 
s 1
f 2104/4556/64 2103/4557/16 2171/4558/50 2170/4559/305 
s 2
f 2103/4560/16 2094/4561/61 2180/4562/311 2171/4563/50 
s 1
f 826/4564/61 2095/4565/53 2179/4566/56 1367/4567/164 
s 2
f 2095/4568/53 2102/4569/100 2172/4570/306 2179/4571/56 
s 1
f 2102/4572/100 827/4573/103 1366/4574/217 2172/4575/306 
s 2
f 827/4576/103 826/4577/61 1367/4578/164 1366/4579/217 
s 1
f 2100/4580/97 2099/4581/99 2175/4582/309 2174/4583/308 
s 2
f 2099/4584/99 2098/4585/300 2176/4586/164 2175/4587/309 
s 1
f 2098/4588/300 2097/4589/60 2177/4590/221 2176/4591/164 
s 2
f 2097/4592/60 2100/4593/97 2174/4594/308 2177/4595/221 
s 1
f 2096/4596/294 825/4597/60 1368/4598/56 2178/4599/310 
s 2
f 825/4600/60 828/4601/104 1365/4602/216 1368/4603/56 
s 1
f 828/4604/104 2101/4605/99 2173/4606/307 1365/4607/216 
s 2
f 2101/4608/99 2096/4609/294 2178/4610/310 2173/4611/307 
s off
f 2049/3882/60 2048/3881/61 2063/3896/99 2062/3895/100 
f 2051/3884/60 2050/3883/61 2061/3894/99 2060/3893/100 
f 2057/3890/96 2056/3889/97 2046/3877/60 2054/3887/61 
f 2059/3892/99 2058/3891/97 2053/3886/60 2052/3885/61 
f 2065/3900/60 2064/3899/61 2077/3913/96 2076/3912/64 
f 2067/3902/60 2066/3901/61 2075/3911/16 2074/3910/64 
f 2071/3907/16 820/3906/19 819/3897/25 2070/3905/61 
f 2073/3909/16 2072/3908/64 2069/3904/60 2068/3903/61 
f 2107/3948/60 2106/3947/61 2119/3960/16 2118/3959/64 
f 2109/3950/101 2108/3949/61 2117/3958/16 2116/3957/64 
f 2113/3954/16 2055/3888/100 2047/3880/60 2112/3953/61 
f 2115/3956/16 2114/3955/64 2111/3952/60 2110/3951/61 
f 2200/4047/306 2199/4046/217 2214/4063/164 2213/4062/56 
f 2202/4049/222 2201/4048/316 2212/4061/164 2211/4060/56 
f 2208/4057/164 2207/4056/56 2197/4044/214 2205/4052/319 
f 2210/4059/164 2209/4058/56 2204/4051/318 2203/4050/317 
f 2216/4066/320 2215/4065/317 2228/4080/164 2227/4079/325 
f 2218/4068/211 2217/4067/212 2226/4078/9 2225/4077/56 
f 2222/4074/164 818/4073/54 817/4064/55 2221/4071/322 
f 2224/4076/324 2223/4075/323 2220/4070/321 2219/4069/212 
f 2230/4082/320 2229/4081/114 2242/4095/102 2241/4094/56 
f 2232/4084/211 2231/4083/212 2240/4093/102 2239/4092/56 
f 2236/4089/164 2206/4053/56 2198/4045/222 2235/4087/50 
f 2238/4091/164 2237/4090/314 2234/4086/321 2233/4085/212 
s 1
f 2055/4612/100 2063/4613/99 2199/4614/217 2198/4615/222 
s 2
f 2063/4616/99 2048/4617/61 2214/4618/164 2199/4619/217 
s 1
f 2048/4620/61 2047/4621/60 2206/4622/56 2214/4623/164 
s 2
f 2047/4624/60 2055/4625/100 2198/4626/222 2206/4627/56 
s 1
f 2050/4628/61 2049/4629/60 2213/4630/56 2212/4631/164 
s 2
f 2049/4632/60 2062/4633/100 2200/4634/306 2213/4635/56 
s 1
f 2062/4636/100 2061/4637/99 2201/4638/316 2200/4639/306 
s 2
f 2061/4640/99 2050/4641/61 2212/4642/164 2201/4643/316 
s 1
f 810/4644/61 2051/4645/60 2211/4646/56 1375/4647/164 
s 2
f 2051/4648/60 2060/4649/100 2202/4650/222 2211/4651/56 
s 1
f 2060/4652/100 811/4653/99 1374/4654/217 2202/4655/222 
s 2
f 811/4656/99 810/4657/61 1375/4658/164 1374/4659/217 
s 1
f 2054/4660/61 2053/4661/60 2209/4662/56 2208/4663/164 
s 2
f 2053/4664/60 2058/4665/97 2204/4666/318 2209/4667/56 
s 1
f 2058/4668/97 2057/4669/96 2205/4670/319 2204/4671/318 
s 2
f 2057/4672/96 2054/4673/61 2208/4674/164 2205/4675/319 
s 1
f 2052/4676/61 809/4677/60 1376/4678/56 2210/4679/164 
s 2
f 809/4680/60 812/4681/100 1373/4682/222 1376/4683/56 
s 1
f 812/4684/100 2059/4685/99 2203/4686/317 1373/4687/222 
s 2
f 2059/4688/99 2052/4689/61 2210/4690/164 2203/4691/317 
s 1
f 2056/4692/97 2077/4693/96 2215/4694/317 2197/4695/214 
s 2
f 2077/4696/96 2064/4697/61 2228/4698/164 2215/4699/317 
s 1
f 2064/4700/61 2046/4701/60 2207/4702/56 2228/4703/164 
s 2
f 2046/4704/60 2056/4705/97 2197/4706/214 2207/4707/56 
s 1
f 2066/4708/61 2065/4709/60 2227/4710/325 2226/4711/9 
s 2
f 2065/4712/60 2076/4713/64 2216/4714/320 2227/4715/325 
s 1
f 2076/4716/64 2075/4717/16 2217/4718/212 2216/4719/320 
s 2
f 2075/4720/16 2066/4721/61 2226/4722/9 2217/4723/212 
s 1
f 814/4724/61 2067/4725/60 2225/4726/56 1379/4727/164 
s 2
f 2067/4728/60 2074/4729/64 2218/4730/211 2225/4731/56 
s 1
f 2074/4732/64 815/4733/16 1378/4734/126 2218/4735/211 
s 2
f 815/4736/16 814/4737/61 1379/4738/164 1378/4739/126 
s 1
f 2070/4740/61 2069/4741/60 2223/4742/323 2222/4743/164 
s 2
f 2069/4744/60 2072/4745/64 2220/4746/321 2223/4747/323 
s 1
f 2072/4748/64 2071/4749/16 2221/4750/322 2220/4751/321 
s 2
f 2071/4752/16 2070/4753/61 2222/4754/164 2221/4755/322 
s 1
f 2068/4756/61 813/4757/60 1380/4758/56 2224/4759/324 
s 2
f 813/4760/60 816/4761/64 1377/4762/223 1380/4763/56 
s 1
f 816/4764/64 2073/4765/16 2219/4766/212 1377/4767/223 
s 2
f 2073/4768/16 2068/4769/61 2224/4770/324 2219/4771/212 
s 1
f 1421/4772/64 2119/4773/16 2229/4774/114 1428/4775/211 
s 2
f 2119/4776/16 2106/4777/61 2242/4778/102 2229/4779/114 
s 1
f 2106/4780/61 1422/4781/60 1427/4782/56 2242/4783/102 
s 2
f 1422/4784/60 1421/4785/64 1428/4786/211 1427/4787/56 
s 1
f 2108/4788/61 2107/4789/60 2241/4790/56 2240/4791/102 
s 2
f 2107/4792/60 2118/4793/64 2230/4794/320 2241/4795/56 
s 1
f 2118/4796/64 2117/4797/16 2231/4798/212 2230/4799/320 
s 2
f 2117/4800/16 2108/4801/61 2240/4802/102 2231/4803/212 
s 1
f 830/4804/61 2109/4805/101 2239/4806/56 1383/4807/9 
s 2
f 2109/4808/101 2116/4809/64 2232/4810/211 2239/4811/56 
s 1
f 2116/4812/64 831/4813/105 1382/4814/126 2232/4815/211 
s 2
f 831/4816/105 830/4817/61 1383/4818/9 1382/4819/126 
s 1
f 2112/4820/61 2111/4821/60 2237/4822/314 2236/4823/164 
s 2
f 2111/4824/60 2114/4825/64 2234/4826/321 2237/4827/314 
s 1
f 2114/4828/64 2113/4829/16 2235/4830/50 2234/4831/321 
s 2
f 2113/4832/16 2112/4833/61 2236/4834/164 2235/4835/50 
s 1
f 2110/4836/61 829/4837/60 1384/4838/225 2238/4839/164 
s 2
f 829/4840/60 832/4841/106 1381/4842/224 1384/4843/225 
s 1
f 832/4844/106 2115/4845/16 2233/4846/212 1381/4847/224 
s 2
f 2115/4848/16 2110/4849/61 2238/4850/164 2233/4851/212 
s off
f 1184/1916/105 1183/1915/87 2261/4852/87 1973/3730/274 
f 1762/3217/30 1042/3216/87 1976/4853/87 2262/4854/76 
f 1763/3218/141 1762/3217/30 2262/4854/76 2263/4855/76 
f 1183/3219/87 1763/3218/141 2263/4855/76 2261/4856/87 
# 1860 polygons

#
# object obj_02
#

v  16.1493 17.2000 -15.4096
v  16.1493 17.2000 -14.2596
v  16.1493 14.0800 -14.2596
v  16.1493 14.0800 -15.4096
v  16.1493 17.2000 -10.5096
v  16.1493 17.2000 -9.4596
v  16.1493 14.0800 -9.4596
v  16.1493 14.0800 -10.5096
v  16.1493 13.7000 -15.4096
v  16.1493 13.7000 -14.2596
v  16.1493 10.5800 -14.2596
v  16.1493 10.5800 -15.4096
v  16.1493 13.7000 -10.5096
v  16.1493 13.7000 -9.4596
v  16.1493 10.5800 -9.4596
v  16.1493 10.5800 -10.5096
v  16.1493 10.2000 -15.4096
v  16.1493 10.2000 -14.2596
v  16.1493 7.0800 -14.2596
v  16.1493 7.0800 -15.4096
v  16.1493 10.2000 -10.5096
v  16.1493 10.2000 -9.4596
v  16.1493 7.0800 -9.4596
v  16.1493 7.0800 -10.5096
v  16.1493 6.7000 -15.4096
v  16.1493 6.7000 -14.2596
v  16.1493 3.5800 -14.2596
v  16.1493 3.5800 -15.4096
v  16.1493 6.7000 -10.5096
v  16.1493 6.7000 -9.4596
v  16.1493 3.5800 -9.4596
v  16.1493 3.5800 -10.5096
v  16.1493 3.2000 -15.4096
v  16.1493 3.2000 -14.2596
v  16.1493 0.0500 -14.2596
v  16.1493 0.0500 -15.4096
v  16.1493 3.2000 -10.5096
v  16.1493 3.2000 -9.4596
v  16.1493 0.0500 -9.4596
v  16.1493 0.0500 -10.5096
v  16.1493 17.2000 -14.1596
v  16.1493 17.2000 -13.0096
v  16.1493 14.0800 -13.0096
v  16.1493 14.0800 -14.1596
v  16.1493 17.2000 -9.3596
v  16.1493 17.2000 -8.3096
v  16.1493 14.0800 -8.3095
v  16.1493 14.0800 -9.3596
v  16.1493 14.0800 -10.6096
v  16.1493 14.0800 -11.6596
v  16.1493 17.2000 -11.6596
v  16.1493 17.2000 -10.6096
v  16.1493 13.7000 -14.1596
v  16.1493 13.7000 -13.0096
v  16.1493 10.5800 -13.0096
v  16.1493 10.5800 -14.1596
v  16.1493 13.7000 -9.3596
v  16.1493 13.7000 -8.3096
v  16.1493 10.5800 -8.3096
v  16.1493 10.5800 -9.3596
v  16.1493 10.5800 -10.6096
v  16.1493 10.5800 -11.6596
v  16.1493 13.7000 -11.6596
v  16.1493 13.7000 -10.6096
v  16.1493 10.2000 -14.1596
v  16.1493 10.2000 -13.0096
v  16.1493 7.0800 -13.0096
v  16.1493 7.0800 -14.1596
v  16.1493 10.2000 -9.3596
v  16.1493 10.2000 -8.3096
v  16.1493 7.0800 -8.3096
v  16.1493 7.0800 -9.3596
v  16.1493 7.0800 -10.6096
v  16.1493 7.0800 -11.6596
v  16.1493 10.2000 -11.6596
v  16.1493 10.2000 -10.6096
v  16.1493 6.7000 -14.1596
v  16.1493 6.7000 -13.0096
v  16.1493 3.5800 -13.0096
v  16.1493 3.5800 -14.1596
v  16.1493 6.7000 -9.3596
v  16.1493 6.7000 -8.3096
v  16.1493 3.5800 -8.3096
v  16.1493 3.5800 -9.3596
v  16.1493 3.5800 -10.6096
v  16.1493 3.5800 -11.6596
v  16.1493 6.7000 -11.6596
v  16.1493 6.7000 -10.6096
v  16.1493 3.2000 -14.1596
v  16.1493 3.2000 -13.0096
v  16.1493 0.0500 -13.0096
v  16.1493 0.0500 -14.1596
v  16.1493 3.2000 -9.3596
v  16.1493 3.2000 -8.3096
v  16.1493 0.0500 -8.3096
v  16.1493 0.0500 -9.3596
v  16.1493 0.0500 -10.6096
v  16.1493 0.0500 -11.6596
v  16.1493 3.2000 -11.6596
v  16.1493 3.2000 -10.6096
v  11.1493 23.7000 -5.3262
v  11.1493 23.7000 -4.0929
v  11.1493 21.0500 -4.0929
v  11.1493 21.0500 -5.3262
v  11.1493 23.7000 13.6738
v  11.1493 23.7000 14.9071
v  11.1493 21.0500 14.9071
v  11.1493 21.0500 13.6738
v  11.1493 20.9500 -5.3262
v  11.1493 20.9500 -4.0929
v  11.1493 20.8000 -4.0929
v  11.1493 20.8000 -5.3262
v  11.1493 20.9500 13.6738
v  11.1493 20.9500 14.9071
v  11.1493 20.8000 14.9071
v  11.1493 20.8000 13.6738
v  11.1493 20.7000 -7.0596
v  11.1493 20.7000 -6.7596
v  11.1493 17.5500 -6.7595
v  11.1493 17.5500 -7.0595
v  11.1493 20.7000 -5.3262
v  11.1493 20.7000 -4.0929
v  11.1493 17.5500 -4.0928
v  11.1493 17.5500 -5.3262
v  11.1493 20.7000 -2.6596
v  11.1492 20.7000 -2.3597
v  11.1493 17.5500 -2.3596
v  11.1493 17.5500 -2.6595
v  11.1492 20.7000 11.9405
v  11.1492 20.7000 12.2405
v  11.1493 17.5500 12.2406
v  11.1491 17.5500 11.9406
v  11.1493 20.7000 13.6738
v  11.1493 20.7000 14.9071
v  11.1493 17.5500 14.9072
v  11.1493 17.5500 13.6739
v  11.1493 20.7000 16.3405
v  11.1493 20.7000 16.6403
v  11.1493 17.5500 16.6404
v  11.1493 17.5500 16.3405
v  11.1493 17.2000 -5.3263
v  11.1493 17.2000 -4.0929
v  11.1493 14.0500 -4.0928
v  11.1493 14.0500 -5.3262
v  11.1493 17.2000 13.6738
v  11.1493 17.2000 14.9071
v  11.1493 14.0500 14.9072
v  11.1493 14.0500 13.6739
v  11.1493 13.9500 -5.3262
v  11.1493 13.9500 -4.0928
v  11.1493 13.8000 -4.0929
v  11.1493 13.8000 -5.3262
v  11.1493 13.9500 13.6739
v  11.1493 13.9500 14.9072
v  11.1493 13.8000 14.9072
v  11.1493 13.8000 13.6738
v  11.1493 13.7000 -5.3262
v  11.1493 13.7000 -4.0929
v  11.1493 10.5500 -4.0929
v  11.1493 10.5500 -5.3262
v  11.1493 13.7000 13.6738
v  11.1493 13.7000 14.9072
v  11.1493 10.5500 14.9071
v  11.1493 10.5500 13.6738
v  11.1493 10.4500 -5.3262
v  11.1493 10.4500 -4.0929
v  11.1493 10.3000 -4.0929
v  11.1493 10.3000 -5.3262
v  11.1493 10.4500 13.6738
v  11.1493 10.4500 14.9071
v  11.1493 10.3000 14.9072
v  11.1493 10.3000 13.6738
v  11.1493 10.2000 -5.3262
v  11.1493 10.2000 -4.0929
v  11.1493 7.0500 -4.0929
v  11.1493 7.0500 -5.3263
v  11.1493 10.2000 13.6738
v  11.1493 10.2000 14.9072
v  11.1493 7.0500 14.9071
v  11.1493 7.0500 13.6738
v  11.1493 6.9500 -5.3262
v  11.1493 6.9500 -4.0929
v  11.1493 6.8000 -4.0929
v  11.1493 6.8000 -5.3262
v  11.1493 6.9500 13.6738
v  11.1493 6.9500 14.9071
v  11.1493 6.8000 14.9072
v  11.1493 6.8000 13.6738
v  11.1493 6.7000 -5.3262
v  11.1493 6.7000 -4.0928
v  11.1493 3.5500 -4.0929
v  11.1493 3.5500 -5.3262
v  11.1493 6.7000 13.6739
v  11.1493 6.7000 14.9072
v  11.1493 3.5500 14.9071
v  11.1493 3.5500 13.6738
v  11.1493 3.4500 -5.3262
v  11.1493 3.4500 -4.0929
v  11.1493 3.3000 -4.0929
v  11.1493 3.3000 -5.3262
v  11.1493 3.4500 13.6738
v  11.1493 3.4500 14.9071
v  11.1493 3.3000 14.9071
v  11.1493 3.3000 13.6738
v  11.1493 3.2000 -5.3262
v  11.1493 3.2000 -4.0929
v  11.1493 0.0500 -4.0929
v  11.1493 0.0500 -5.3263
v  11.1493 3.2000 13.6738
v  11.1493 3.2000 14.9071
v  11.1492 0.0500 14.9071
v  11.1492 0.0500 13.6738
v  11.1491 17.5500 0.7071
v  11.1492 17.5500 -0.7263
v  11.1492 20.7000 -0.7263
v  11.1491 20.7000 0.7071
v  11.1491 20.7000 4.0071
v  11.1491 20.7000 5.5738
v  11.1490 17.5500 5.5738
v  11.1490 17.5500 4.0071
v  11.1491 17.5500 10.3072
v  11.1490 17.5500 8.8738
v  11.1491 20.7000 8.8738
v  11.1491 20.7000 10.3072
v  11.1491 17.5500 19.7071
v  11.1492 17.5500 18.2738
v  11.1492 20.7000 18.2737
v  11.1492 20.7000 19.7071
v  11.1491 20.7000 22.9071
v  11.1491 20.7000 24.3738
v  11.1490 17.5500 24.3738
v  11.1490 17.5500 22.9071
v  5.0581 17.5500 25.9405
v  6.1963 17.5500 25.9405
v  6.1963 20.7000 25.9404
v  5.0582 20.7000 25.9404
v  11.1493 17.3000 -4.0929
v  11.1493 17.3000 -5.3262
v  11.1493 17.4500 -5.3262
v  11.1493 17.4500 -4.0929
v  11.1493 17.3000 14.9071
v  11.1493 17.3000 13.6738
v  11.1493 17.4500 13.6739
v  11.1493 17.4500 14.9072
v  11.1493 17.4500 -19.7261
v  11.1493 17.4500 -18.2928
v  11.1493 14.0499 -18.2921
v  11.1493 14.0499 -19.7255
v  11.1493 13.6999 -19.7255
v  11.1493 13.6999 -18.2921
v  11.1493 10.5499 -18.2921
v  11.1493 10.5499 -19.7255
v  11.1493 10.2000 -19.7255
v  11.1493 10.2000 -18.2921
v  11.1493 7.0499 -18.2922
v  11.1493 7.0499 -19.7255
v  11.1493 6.6999 -19.7255
v  11.1493 6.6999 -18.2921
v  11.1493 3.5499 -18.2921
v  11.1493 3.5499 -19.7255
v  11.1493 3.1999 -19.7255
v  11.1493 3.1999 -18.2921
v  11.1492 0.0500 -18.2929
v  11.1492 0.0500 -19.7262
v  11.1493 17.5500 -18.2928
v  11.1493 17.5500 -19.7261
v  11.1493 20.7000 -19.7262
v  11.1493 20.7000 -18.2929
v  11.1493 20.7000 -14.9929
v  11.1493 20.7000 -13.4262
v  11.1493 17.5500 -13.4261
v  11.1493 17.5500 -14.9928
v  11.1493 20.7000 -10.1262
v  11.1493 20.7000 -8.6929
v  11.1493 17.5500 -8.6928
v  11.1493 17.5500 -10.1261
v  11.1493 23.7000 -3.9929
v  11.1493 23.7000 -2.7595
v  11.1493 21.0500 -2.7596
v  11.1493 21.0500 -3.9929
v  11.1493 21.0500 -5.4262
v  11.1493 21.0500 -6.6596
v  11.1493 23.7000 -6.6595
v  11.1493 23.7000 -5.4262
v  11.1493 23.7000 15.0071
v  11.1493 23.7000 16.2404
v  11.1493 21.0500 16.2405
v  11.1493 21.0500 15.0071
v  11.1493 21.0500 13.5738
v  11.1493 21.0500 12.3405
v  11.1493 23.7000 12.3404
v  11.1493 23.7000 13.5738
v  11.1493 20.9500 -3.9929
v  11.1493 20.9500 -2.7596
v  11.1493 20.8000 -2.7596
v  11.1493 20.8000 -3.9929
v  11.1493 20.8000 -5.4262
v  11.1493 20.8000 -6.6596
v  11.1493 20.9500 -6.6596
v  11.1493 20.9500 -5.4262
v  11.1493 20.9500 15.0071
v  11.1493 20.9500 16.2405
v  11.1493 20.8000 16.2405
v  11.1493 20.8000 15.0071
v  11.1493 20.8000 13.5738
v  11.1493 20.8000 12.3405
v  11.1493 20.9500 12.3405
v  11.1493 20.9500 13.5738
v  11.1493 20.7000 -3.9929
v  11.1493 20.7000 -2.7596
v  11.1493 17.5500 -2.7595
v  11.1493 17.5500 -3.9928
v  11.1493 17.5500 -5.4262
v  11.1493 17.5500 -6.6595
v  11.1493 20.7000 -6.6596
v  11.1493 20.7000 -5.4262
v  11.1493 20.7000 15.0071
v  11.1493 20.7000 16.2405
v  11.1493 17.5500 16.2405
v  11.1493 17.5500 15.0072
v  11.1493 17.5500 13.5739
v  11.1493 17.5500 12.3406
v  11.1493 20.7000 12.3405
v  11.1493 20.7000 13.5738
v  11.1493 17.2000 -3.9929
v  11.1493 17.2000 -2.7596
v  11.1493 14.0500 -2.7595
v  11.1493 14.0500 -3.9928
v  11.1493 14.0500 -5.4262
v  11.1493 14.0500 -6.6595
v  11.1493 17.2000 -6.6596
v  11.1493 17.2000 -5.4263
v  11.1493 17.2000 15.0071
v  11.1493 17.2000 16.2404
v  11.1493 14.0500 16.2405
v  11.1493 14.0500 15.0072
v  11.1493 14.0500 13.5739
v  11.1493 14.0500 12.3405
v  11.1493 17.2000 12.3404
v  11.1493 17.2000 13.5738
v  11.1493 13.9500 -3.9928
v  11.1493 13.9500 -2.7595
v  11.1493 13.8000 -2.7595
v  11.1493 13.8000 -3.9929
v  11.1493 13.8000 -5.4262
v  11.1493 13.8000 -6.6595
v  11.1493 13.9500 -6.6595
v  11.1493 13.9500 -5.4262
v  11.1493 13.9500 15.0072
v  11.1493 13.9500 16.2405
v  11.1493 13.8000 16.2405
v  11.1493 13.8000 15.0072
v  11.1493 13.8000 13.5738
v  11.1493 13.8000 12.3405
v  11.1493 13.9500 12.3405
v  11.1493 13.9500 13.5739
v  11.1493 13.7000 -3.9929
v  11.1493 13.7000 -2.7595
v  11.1493 10.5500 -2.7596
v  11.1493 10.5500 -3.9929
v  11.1493 10.5500 -5.4262
v  11.1493 10.5500 -6.6596
v  11.1493 13.7000 -6.6595
v  11.1493 13.7000 -5.4262
v  11.1493 13.7000 15.0072
v  11.1493 13.7000 16.2405
v  11.1493 10.5500 16.2405
v  11.1493 10.5500 15.0071
v  11.1493 10.5500 13.5738
v  11.1493 10.5500 12.3405
v  11.1493 13.7000 12.3405
v  11.1493 13.7000 13.5738
v  11.1493 10.4500 -3.9929
v  11.1493 10.4500 -2.7596
v  11.1493 10.3000 -2.7595
v  11.1493 10.3000 -3.9929
v  11.1493 10.3000 -5.4262
v  11.1493 10.3000 -6.6595
v  11.1493 10.4500 -6.6596
v  11.1493 10.4500 -5.4262
v  11.1493 10.4500 15.0071
v  11.1493 10.4500 16.2405
v  11.1493 10.3000 16.2405
v  11.1493 10.3000 15.0072
v  11.1493 10.3000 13.5738
v  11.1493 10.3000 12.3405
v  11.1493 10.4500 12.3405
v  11.1493 10.4500 13.5738
v  11.1493 10.2000 -3.9929
v  11.1493 10.2000 -2.7595
v  11.1493 7.0500 -2.7596
v  11.1493 7.0500 -3.9929
v  11.1493 7.0500 -5.4263
v  11.1493 7.0500 -6.6596
v  11.1493 10.2000 -6.6595
v  11.1493 10.2000 -5.4262
v  11.1493 10.2000 15.0072
v  11.1493 10.2000 16.2405
v  11.1493 7.0500 16.2404
v  11.1493 7.0500 15.0071
v  11.1493 7.0500 13.5738
v  11.1493 7.0500 12.3404
v  11.1493 10.2000 12.3405
v  11.1493 10.2000 13.5738
v  11.1493 6.9500 -3.9929
v  11.1493 6.9500 -2.7596
v  11.1493 6.8000 -2.7595
v  11.1493 6.8000 -3.9929
v  11.1493 6.8000 -5.4262
v  11.1493 6.8000 -6.6595
v  11.1493 6.9500 -6.6596
v  11.1493 6.9500 -5.4262
v  11.1493 6.9500 15.0071
v  11.1493 6.9500 16.2405
v  11.1493 6.8000 16.2405
v  11.1493 6.8000 15.0072
v  11.1493 6.8000 13.5738
v  11.1493 6.8000 12.3405
v  11.1493 6.9500 12.3405
v  11.1493 6.9500 13.5738
v  11.1493 6.7000 -3.9928
v  11.1493 6.7000 -2.7595
v  11.1493 3.5500 -2.7596
v  11.1493 3.5500 -3.9929
v  11.1493 3.5500 -5.4262
v  11.1493 3.5500 -6.6596
v  11.1493 6.7000 -6.6595
v  11.1493 6.7000 -5.4262
v  11.1493 6.7000 15.0072
v  11.1493 6.7000 16.2405
v  11.1493 3.5500 16.2405
v  11.1493 3.5500 15.0071
v  11.1493 3.5500 13.5738
v  11.1493 3.5500 12.3405
v  11.1493 6.7000 12.3405
v  11.1493 6.7000 13.5739
v  11.1493 3.4500 -3.9929
v  11.1493 3.4500 -2.7596
v  11.1493 3.3000 -2.7596
v  11.1493 3.3000 -3.9929
v  11.1493 3.3000 -5.4262
v  11.1493 3.3000 -6.6596
v  11.1493 3.4500 -6.6596
v  11.1493 3.4500 -5.4262
v  11.1493 3.4500 15.0071
v  11.1493 3.4500 16.2405
v  11.1493 3.3000 16.2405
v  11.1493 3.3000 15.0071
v  11.1493 3.3000 13.5738
v  11.1493 3.3000 12.3405
v  11.1493 3.4500 12.3405
v  11.1493 3.4500 13.5738
v  11.1493 3.2000 -3.9929
v  11.1493 3.2000 -2.7596
v  11.1493 0.0500 -2.7596
v  11.1493 0.0500 -3.9929
v  11.1493 0.0500 -5.4263
v  11.1493 0.0500 -6.6596
v  11.1493 3.2000 -6.6596
v  11.1493 3.2000 -5.4262
v  11.1493 3.2000 15.0071
v  11.1493 3.2000 16.2405
v  11.1492 0.0500 16.2404
v  11.1492 0.0500 15.0071
v  11.1492 0.0500 13.5738
v  11.1492 0.0500 12.3404
v  11.1493 3.2000 12.3405
v  11.1493 3.2000 13.5738
v  11.1492 17.5500 -0.8263
v  11.1493 17.5500 -2.2596
v  11.1492 20.7000 -2.2597
v  11.1492 20.7000 -0.8263
v  11.1491 20.7000 0.8071
v  11.1491 20.7000 2.2404
v  11.1490 17.5500 2.2405
v  11.1491 17.5500 0.8071
v  11.1491 20.7000 5.6738
v  11.1491 20.7000 7.2404
v  11.1490 17.5500 7.2405
v  11.1490 17.5500 5.6738
v  11.1490 17.5500 3.9071
v  11.1490 17.5500 2.3405
v  11.1491 20.7000 2.3404
v  11.1491 20.7000 3.9071
v  11.1490 17.5500 8.7738
v  11.1490 17.5500 7.3405
v  11.1491 20.7000 7.3404
v  11.1491 20.7000 8.7738
v  11.1491 20.7000 10.4072
v  11.1491 20.7000 11.8405
v  11.1491 17.5500 11.8406
v  11.1491 17.5500 10.4072
v  11.1492 17.5500 18.1738
v  11.1493 17.5500 16.7404
v  11.1493 20.7000 16.7403
v  11.1492 20.7000 18.1737
v  11.1492 20.7000 19.8071
v  11.1491 20.7000 21.2404
v  11.1490 17.5500 21.2405
v  11.1491 17.5500 19.8071
v  11.1491 20.7000 24.4738
v  11.1491 20.7000 25.9404
v  11.1490 17.5500 25.9405
v  11.1490 17.5500 24.4738
v  11.1490 17.5500 22.8071
v  11.1490 17.5500 21.3405
v  11.1491 20.7000 21.3404
v  11.1491 20.7000 22.8071
v  11.1493 17.3000 -5.4262
v  11.1493 17.3000 -6.6596
v  11.1493 17.4500 -6.6595
v  11.1493 17.4500 -5.4262
v  11.1493 17.4500 -3.9929
v  11.1493 17.4500 -2.7595
v  11.1493 17.3000 -2.7596
v  11.1493 17.3000 -3.9929
v  11.1493 17.3000 13.5738
v  11.1493 17.3000 12.3405
v  11.1493 17.4500 12.3405
v  11.1493 17.4500 13.5739
v  11.1493 17.4500 15.0072
v  11.1493 17.4500 16.2405
v  11.1493 17.3000 16.2405
v  11.1493 17.3000 15.0071
v  11.1493 17.4500 -18.1928
v  11.1493 17.4500 -16.7594
v  11.1493 14.0499 -16.7588
v  11.1493 14.0499 -18.1921
v  11.1493 14.0499 -19.8255
v  11.1493 14.0499 -21.2588
v  11.1493 17.4500 -21.2594
v  11.1493 17.4500 -19.8261
v  11.1493 13.6999 -18.1921
v  11.1493 13.6999 -16.7588
v  11.1493 10.5499 -16.7588
v  11.1493 10.5499 -18.1921
v  11.1493 10.5499 -19.8255
v  11.1493 10.5499 -21.2588
v  11.1493 13.6999 -21.2588
v  11.1493 13.6999 -19.8255
v  11.1493 10.2000 -18.1921
v  11.1493 10.2000 -16.7588
v  11.1493 7.0499 -16.7588
v  11.1493 7.0499 -18.1922
v  11.1493 7.0499 -19.8255
v  11.1493 7.0499 -21.2588
v  11.1493 10.2000 -21.2588
v  11.1493 10.2000 -19.8255
v  11.1493 6.6999 -18.1921
v  11.1493 6.6999 -16.7588
v  11.1493 3.5499 -16.7588
v  11.1493 3.5499 -18.1921
v  11.1493 3.5499 -19.8255
v  11.1493 3.5499 -21.2588
v  11.1493 6.6999 -21.2588
v  11.1493 6.6999 -19.8255
v  11.1493 3.1999 -18.1921
v  11.1493 3.1999 -16.7588
v  11.1492 0.0500 -16.7596
v  11.1492 0.0500 -18.1929
v  11.1492 0.0500 -19.8262
v  11.1492 0.0500 -21.2596
v  11.1493 3.1999 -21.2588
v  11.1493 3.1999 -19.8255
v  11.1493 17.5500 -19.8261
v  11.1493 17.5500 -21.2594
v  11.1493 20.7000 -21.2595
v  11.1493 20.7000 -19.8262
v  11.1493 20.7000 -18.1929
v  11.1493 20.7000 -16.7595
v  11.1493 17.5500 -16.7594
v  11.1493 17.5500 -18.1928
v  11.1493 20.7000 -13.3262
v  11.1493 20.7000 -11.7595
v  11.1493 17.5500 -11.7594
v  11.1493 17.5500 -13.3261
v  11.1493 17.5500 -15.0928
v  11.1493 17.5500 -16.6594
v  11.1493 20.7000 -16.6595
v  11.1493 20.7000 -15.0929
v  11.1493 20.7000 -8.5929
v  11.1493 20.7000 -7.1596
v  11.1493 17.5500 -7.1595
v  11.1493 17.5500 -8.5928
v  11.1493 17.5500 -10.2261
v  11.1493 17.5500 -11.6594
v  11.1493 20.7000 -11.6595
v  11.1493 20.7000 -10.2262
v  8.7726 17.5500 25.9405
v  9.9108 17.5500 25.9405
v  9.9109 20.7000 25.9404
v  8.7727 20.7000 25.9404
v  6.2963 17.5500 25.9405
v  7.4345 17.5500 25.9405
v  7.4345 20.7000 25.9404
v  6.2963 20.7000 25.9404
v  4.9582 20.7000 25.9404
v  3.8200 20.7000 25.9404
v  3.8199 17.5500 25.9404
v  4.9581 17.5500 25.9405
v  10.0108 17.5500 25.9405
v  11.1291 17.5500 25.9405
v  11.1292 20.7000 25.9404
v  10.0109 20.7000 25.9404
v  8.6727 20.7000 25.9404
v  7.5345 20.7000 25.9404
v  7.5345 17.5500 25.9405
v  8.6726 17.5500 25.9405
v  14.4493 0.0500 19.8071
v  14.4493 0.0500 18.4737
v  14.4493 3.2000 18.4737
v  14.4493 3.2000 19.8071
v  14.4492 3.5500 19.8072
v  14.4492 3.5500 18.4738
v  14.4492 6.7000 18.4738
v  14.4492 6.7000 19.8072
v  14.4492 7.0500 19.8073
v  14.4492 7.0500 18.4739
v  14.4492 10.2000 18.4739
v  14.4492 10.2000 19.8073
v  14.4492 10.5500 19.8074
v  14.4492 10.5500 18.4740
v  14.4492 13.7000 18.4740
v  14.4492 13.7000 19.8074
v  14.4492 14.0500 19.8075
v  14.4492 14.0500 18.4741
v  14.4492 17.2000 18.4741
v  14.4492 17.2000 19.8075
v  14.4493 0.0500 0.8068
v  14.4493 0.0500 -0.5266
v  14.4493 3.2000 -0.5266
v  14.4493 3.2000 0.8068
v  14.4493 3.5500 0.8069
v  14.4493 3.5500 -0.5265
v  14.4493 6.7000 -0.5265
v  14.4493 6.7000 0.8069
v  14.4493 7.0500 0.8070
v  14.4493 7.0500 -0.5264
v  14.4493 10.2000 -0.5264
v  14.4493 10.2000 0.8070
v  14.4493 10.5500 0.8071
v  14.4493 10.5500 -0.5263
v  14.4493 13.7000 -0.5263
v  14.4493 13.7000 0.8071
v  14.4493 14.0500 0.8072
v  14.4493 14.0500 -0.5262
v  14.4493 17.2000 -0.5262
v  14.4493 17.2000 0.8072
v  14.4493 0.0500 18.3737
v  14.4493 0.0500 17.0404
v  14.4493 3.2000 17.0404
v  14.4493 3.2000 18.3737
v  14.4493 3.2000 19.9071
v  14.4493 3.2000 21.2404
v  14.4493 0.0500 21.2404
v  14.4493 0.0500 19.9071
v  14.4492 3.5500 18.3738
v  14.4492 3.5500 17.0405
v  14.4492 6.7000 17.0405
v  14.4492 6.7000 18.3738
v  14.4492 6.7000 19.9072
v  14.4492 6.7000 21.2405
v  14.4492 3.5500 21.2405
v  14.4492 3.5500 19.9072
v  14.4492 7.0500 18.3739
v  14.4492 7.0500 17.0406
v  14.4492 10.2000 17.0406
v  14.4492 10.2000 18.3739
v  14.4492 10.2000 19.9073
v  14.4492 10.2000 21.2406
v  14.4492 7.0500 21.2406
v  14.4492 7.0500 19.9073
v  14.4492 10.5500 18.3740
v  14.4492 10.5500 17.0407
v  14.4492 13.7000 17.0407
v  14.4492 13.7000 18.3740
v  14.4492 13.7000 19.9074
v  14.4492 13.7000 21.2407
v  14.4492 10.5500 21.2407
v  14.4492 10.5500 19.9074
v  14.4492 14.0500 18.3741
v  14.4492 14.0500 17.0408
v  14.4492 17.2000 17.0408
v  14.4492 17.2000 18.3741
v  14.4492 17.2000 19.9075
v  14.4492 17.2000 21.2408
v  14.4492 14.0500 21.2408
v  14.4492 14.0500 19.9075
v  14.4493 0.0500 -0.6266
v  14.4493 0.0500 -1.9599
v  14.4493 3.2000 -1.9599
v  14.4493 3.2000 -0.6266
v  14.4493 3.2000 0.9068
v  14.4493 3.2000 2.2401
v  14.4493 0.0500 2.2401
v  14.4493 0.0500 0.9068
v  14.4493 3.5500 -0.6265
v  14.4493 3.5500 -1.9598
v  14.4493 6.7000 -1.9598
v  14.4493 6.7000 -0.6265
v  14.4493 6.7000 0.9069
v  14.4493 6.7000 2.2402
v  14.4493 3.5500 2.2402
v  14.4493 3.5500 0.9069
v  14.4493 7.0500 -0.6264
v  14.4493 7.0500 -1.9598
v  14.4493 10.2000 -1.9598
v  14.4493 10.2000 -0.6264
v  14.4493 10.2000 0.9070
v  14.4493 10.2000 2.2403
v  14.4493 7.0500 2.2403
v  14.4493 7.0500 0.9070
v  14.4493 10.5500 -0.6263
v  14.4493 10.5500 -1.9597
v  14.4493 13.7000 -1.9597
v  14.4493 13.7000 -0.6263
v  14.4493 13.7000 0.9071
v  14.4493 13.7000 2.2404
v  14.4493 10.5500 2.2404
v  14.4493 10.5500 0.9071
v  14.4493 14.0500 -0.6262
v  14.4493 14.0500 -1.9596
v  14.4493 17.2000 -1.9596
v  14.4493 17.2000 -0.6262
v  14.4493 17.2000 0.9072
v  14.4493 17.2000 2.2405
v  14.4493 14.0500 2.2405
v  14.4493 14.0500 0.9072
v  16.1493 17.2000 3.5904
v  16.1493 17.2000 4.7404
v  16.1493 14.0800 4.7404
v  16.1493 14.0800 3.5904
v  16.1493 17.2000 8.4904
v  16.1493 17.2000 9.5404
v  16.1493 14.0800 9.5404
v  16.1493 14.0800 8.4904
v  16.1493 17.2000 22.5904
v  16.1493 17.2000 23.7404
v  16.1493 14.0800 23.7404
v  16.1493 14.0800 22.5904
v  16.1493 17.2000 27.5904
v  16.1493 17.2000 28.7404
v  16.1493 14.0800 28.7404
v  16.1493 14.0800 27.5904
v  16.1493 13.7000 3.5904
v  16.1493 13.7000 4.7404
v  16.1493 10.5800 4.7404
v  16.1493 10.5800 3.5904
v  16.1493 13.7000 8.4904
v  16.1493 13.7000 9.5404
v  16.1493 10.5800 9.5404
v  16.1493 10.5800 8.4904
v  16.1493 13.7000 22.5904
v  16.1493 13.7000 23.7404
v  16.1493 10.5800 23.7404
v  16.1493 10.5800 22.5904
v  16.1493 13.7000 27.5904
v  16.1493 13.7000 28.7404
v  16.1493 10.5800 28.7404
v  16.1493 10.5800 27.5904
v  16.1493 10.2000 3.5904
v  16.1493 10.2000 4.7404
v  16.1493 7.0800 4.7404
v  16.1493 7.0800 3.5904
v  16.1493 10.2000 8.4904
v  16.1493 10.2000 9.5404
v  16.1493 7.0800 9.5404
v  16.1493 7.0800 8.4904
v  16.1493 10.2000 22.5904
v  16.1493 10.2000 23.7404
v  16.1493 7.0800 23.7404
v  16.1493 7.0800 22.5904
v  16.1493 10.2000 27.5904
v  16.1493 10.2000 28.7404
v  16.1493 7.0800 28.7404
v  16.1493 7.0800 27.5904
v  16.1493 6.7000 3.5904
v  16.1493 6.7000 4.7404
v  16.1493 3.5800 4.7404
v  16.1493 3.5800 3.5904
v  16.1493 6.7000 8.4904
v  16.1493 6.7000 9.5404
v  16.1493 3.5800 9.5404
v  16.1493 3.5800 8.4904
v  16.1493 6.7000 22.5904
v  16.1493 6.7000 23.7404
v  16.1493 3.5800 23.7404
v  16.1493 3.5800 22.5904
v  16.1493 6.7000 27.5904
v  16.1493 6.7000 28.7404
v  16.1493 3.5800 28.7404
v  16.1493 3.5800 27.5904
v  16.1493 3.2000 3.5904
v  16.1493 3.2000 4.7404
v  16.1493 0.0500 4.7404
v  16.1493 0.0500 3.5904
v  16.1493 3.2000 8.4904
v  16.1493 3.2000 9.5404
v  16.1493 0.0500 9.5404
v  16.1493 0.0500 8.4904
v  16.1493 3.2000 22.5904
v  16.1493 3.2000 23.7404
v  16.1493 0.0500 23.7404
v  16.1493 0.0500 22.5904
v  16.1493 3.2000 27.5904
v  16.1493 3.2000 28.7404
v  16.1493 0.0500 28.7404
v  16.1493 0.0500 27.5904
v  16.1493 17.2000 4.8404
v  16.1493 17.2000 5.9904
v  16.1493 14.0800 5.9904
v  16.1493 14.0800 4.8404
v  16.1493 17.2000 9.6404
v  16.1493 17.2000 10.6904
v  16.1493 14.0800 10.6904
v  16.1493 14.0800 9.6404
v  16.1493 14.0800 8.3904
v  16.1493 14.0800 7.3404
v  16.1493 17.2000 7.3404
v  16.1493 17.2000 8.3904
v  16.1493 17.2000 23.8404
v  16.1493 17.2000 24.9904
v  16.1493 14.0800 24.9904
v  16.1493 14.0800 23.8404
v  16.1493 17.2000 28.8404
v  16.1493 17.2000 29.9904
v  16.1493 14.0800 29.9904
v  16.1493 14.0800 28.8404
v  16.1493 14.0800 27.4904
v  16.1493 14.0800 26.3404
v  16.1493 17.2000 26.3404
v  16.1493 17.2000 27.4904
v  16.1493 13.7000 4.8404
v  16.1493 13.7000 5.9904
v  16.1493 10.5800 5.9904
v  16.1493 10.5800 4.8404
v  16.1493 13.7000 9.6404
v  16.1493 13.7000 10.6904
v  16.1493 10.5800 10.6904
v  16.1493 10.5800 9.6404
v  16.1493 10.5800 8.3904
v  16.1493 10.5800 7.3404
v  16.1493 13.7000 7.3404
v  16.1493 13.7000 8.3904
v  16.1493 13.7000 23.8404
v  16.1493 13.7000 24.9904
v  16.1493 10.5800 24.9904
v  16.1493 10.5800 23.8404
v  16.1493 13.7000 28.8404
v  16.1493 13.7000 29.9904
v  16.1493 10.5800 29.9904
v  16.1493 10.5800 28.8404
v  16.1493 10.5800 27.4904
v  16.1493 10.5800 26.3404
v  16.1493 13.7000 26.3404
v  16.1493 13.7000 27.4904
v  16.1493 10.2000 4.8404
v  16.1493 10.2000 5.9904
v  16.1493 7.0800 5.9904
v  16.1493 7.0800 4.8404
v  16.1493 10.2000 9.6404
v  16.1493 10.2000 10.6904
v  16.1493 7.0800 10.6904
v  16.1493 7.0800 9.6404
v  16.1493 7.0800 8.3904
v  16.1493 7.0800 7.3404
v  16.1493 10.2000 7.3404
v  16.1493 10.2000 8.3904
v  16.1493 10.2000 23.8404
v  16.1493 10.2000 24.9904
v  16.1493 7.0800 24.9904
v  16.1493 7.0800 23.8404
v  16.1493 10.2000 28.8404
v  16.1493 10.2000 29.9904
v  16.1493 7.0800 29.9904
v  16.1493 7.0800 28.8404
v  16.1493 7.0800 27.4904
v  16.1493 7.0800 26.3404
v  16.1493 10.2000 26.3404
v  16.1493 10.2000 27.4904
v  16.1493 6.7000 4.8404
v  16.1493 6.7000 5.9904
v  16.1493 3.5800 5.9904
v  16.1493 3.5800 4.8404
v  16.1493 6.7000 9.6404
v  16.1493 6.7000 10.6904
v  16.1493 3.5800 10.6904
v  16.1493 3.5800 9.6404
v  16.1493 3.5800 8.3904
v  16.1493 3.5800 7.3404
v  16.1493 6.7000 7.3404
v  16.1493 6.7000 8.3904
v  16.1493 6.7000 23.8404
v  16.1493 6.7000 24.9904
v  16.1493 3.5800 24.9904
v  16.1493 3.5800 23.8404
v  16.1493 6.7000 28.8404
v  16.1493 6.7000 29.9904
v  16.1493 3.5800 29.9904
v  16.1493 3.5800 28.8404
v  16.1493 3.5800 27.4904
v  16.1493 3.5800 26.3404
v  16.1493 6.7000 26.3404
v  16.1493 6.7000 27.4904
v  16.1493 3.2000 4.8404
v  16.1493 3.2000 5.9904
v  16.1493 0.0500 5.9904
v  16.1493 0.0500 4.8404
v  16.1493 3.2000 9.6404
v  16.1493 3.2000 10.6904
v  16.1493 0.0500 10.6904
v  16.1493 0.0500 9.6404
v  16.1493 0.0500 8.3904
v  16.1493 0.0500 7.3404
v  16.1493 3.2000 7.3404
v  16.1493 3.2000 8.3904
v  16.1493 3.2000 23.8404
v  16.1493 3.2000 24.9904
v  16.1493 0.0500 24.9904
v  16.1493 0.0500 23.8404
v  16.1493 3.2000 28.8404
v  16.1493 3.2000 29.9904
v  16.1493 0.0500 29.9904
v  16.1493 0.0500 28.8404
v  16.1493 0.0500 27.4904
v  16.1493 0.0500 26.3404
v  16.1493 3.2000 26.3404
v  16.1493 3.2000 27.4904
v  12.3826 17.2000 17.0404
v  13.1159 17.2000 17.0404
v  13.1160 14.0800 17.0405
v  12.3826 14.0800 17.0405
v  12.3826 13.7000 17.0405
v  13.1159 13.7000 17.0405
v  13.1160 10.5800 17.0404
v  12.3826 10.5800 17.0404
v  12.3826 10.2000 17.0405
v  13.1159 10.2000 17.0405
v  13.1159 7.0800 17.0404
v  12.3826 7.0800 17.0404
v  12.3826 6.7000 17.0405
v  13.1160 6.7000 17.0405
v  13.1160 3.5800 17.0404
v  12.3826 3.5800 17.0404
v  12.3826 3.2000 17.0404
v  13.1159 3.2000 17.0404
v  13.1159 0.0500 17.0404
v  12.3826 0.0500 17.0404
v  13.1160 14.0800 -1.9595
v  12.3826 14.0800 -1.9595
v  12.3826 17.2000 -1.9596
v  13.1159 17.2000 -1.9596
v  13.1160 10.5800 -1.9596
v  12.3826 10.5800 -1.9596
v  12.3826 13.7000 -1.9595
v  13.1159 13.7000 -1.9595
v  13.1159 7.0800 -1.9596
v  12.3826 7.0800 -1.9596
v  12.3826 10.2000 -1.9595
v  13.1159 10.2000 -1.9595
v  13.1160 3.5800 -1.9596
v  12.3826 3.5800 -1.9596
v  12.3826 6.7000 -1.9595
v  13.1160 6.7000 -1.9595
v  13.1159 0.0500 -1.9596
v  12.3826 0.0500 -1.9596
v  12.3826 3.2000 -1.9596
v  13.1159 3.2000 -1.9596
v  1.8493 3.5800 28.7904
v  1.8493 3.5800 29.8154
v  1.8493 6.7000 29.8154
v  1.8493 6.7000 28.7904
v  1.8493 7.0800 28.7904
v  1.8493 7.0800 29.8154
v  1.8493 10.2000 29.8154
v  1.8493 10.2000 28.7904
v  1.8493 10.5800 28.7904
v  1.8493 10.5800 29.8154
v  1.8493 13.7000 29.8154
v  1.8493 13.7000 28.7904
v  1.8493 14.0800 28.7904
v  1.8493 14.0800 29.8154
v  1.8493 17.2000 29.8154
v  1.8493 17.2000 28.7904
v  1.8493 0.0500 28.7904
v  1.8493 0.0500 29.8154
v  1.8493 3.2000 29.8154
v  1.8493 3.2000 28.7904
v  1.8493 3.5800 29.9154
v  1.8493 3.5800 30.9404
v  1.8493 6.7000 30.9404
v  1.8493 6.7000 29.9154
v  1.8493 7.0800 29.9154
v  1.8493 7.0800 30.9404
v  1.8493 10.2000 30.9404
v  1.8493 10.2000 29.9154
v  1.8493 10.5800 29.9154
v  1.8493 10.5800 30.9404
v  1.8493 13.7000 30.9404
v  1.8493 13.7000 29.9154
v  1.8493 14.0800 29.9154
v  1.8493 14.0800 30.9404
v  1.8493 17.2000 30.9404
v  1.8493 17.2000 29.9154
v  1.8493 0.0500 29.9154
v  1.8493 0.0500 30.9404
v  1.8493 3.2000 30.9404
v  1.8493 3.2000 29.9154
v  1.8493 3.5800 18.8404
v  1.8493 3.5800 19.8404
v  1.8493 6.7000 19.8404
v  1.8493 6.7000 18.8404
v  1.8493 7.0800 18.8404
v  1.8493 7.0800 19.8404
v  1.8493 10.2000 19.8404
v  1.8493 10.2000 18.8404
v  1.8493 10.5800 18.8404
v  1.8493 10.5800 19.8404
v  1.8493 13.7000 19.8404
v  1.8493 13.7000 18.8404
v  1.8493 14.0800 18.8404
v  1.8493 14.0800 19.8404
v  1.8493 17.2000 19.8404
v  1.8493 17.2000 18.8404
v  1.8493 0.0500 18.8404
v  1.8493 0.0500 19.8404
v  1.8493 3.2000 19.8404
v  1.8493 3.2000 18.8404
v  1.8493 3.5800 19.9404
v  1.8493 3.5800 20.9404
v  1.8493 6.7000 20.9404
v  1.8493 6.7000 19.9404
v  1.8493 7.0800 19.9404
v  1.8493 7.0800 20.9404
v  1.8493 10.2000 20.9404
v  1.8493 10.2000 19.9404
v  1.8493 10.5800 19.9404
v  1.8493 10.5800 20.9404
v  1.8493 13.7000 20.9404
v  1.8493 13.7000 19.9404
v  1.8493 14.0800 19.9404
v  1.8493 14.0800 20.9404
v  1.8493 17.2000 20.9404
v  1.8493 17.2000 19.9404
v  1.8493 0.0500 19.9404
v  1.8493 0.0500 20.9404
v  1.8493 3.2000 20.9404
v  1.8493 3.2000 19.9404
v  3.5493 0.0500 -10.1262
v  3.5493 0.0500 -8.6929
v  3.5493 3.2000 -8.6929
v  3.5493 3.2000 -10.1262
v  3.5493 3.5500 -10.1262
v  3.5493 3.5500 -8.6929
v  3.5493 6.7000 -8.6929
v  3.5493 6.7000 -10.1262
v  3.5493 3.5500 8.8738
v  3.5493 3.5500 10.3071
v  3.5493 6.7000 10.3071
v  3.5493 6.7000 8.8738
v  3.5493 7.0500 -10.1262
v  3.5493 7.0500 -8.6929
v  3.5493 10.2000 -8.6929
v  3.5493 10.2000 -10.1262
v  3.5493 7.0500 8.8738
v  3.5493 7.0500 10.3071
v  3.5493 10.2000 10.3071
v  3.5493 10.2000 8.8738
v  3.5493 10.5500 -10.1262
v  3.5493 10.5500 -8.6929
v  3.5493 13.7000 -8.6929
v  3.5493 13.7000 -10.1262
v  3.5493 10.5500 8.8738
v  3.5493 10.5500 10.3071
v  3.5493 13.7000 10.3071
v  3.5493 13.7000 8.8738
v  3.5493 14.0500 -10.1262
v  3.5493 14.0500 -8.6929
v  3.5493 17.2000 -8.6929
v  3.5493 17.2000 -10.1262
v  3.5493 14.0500 8.8738
v  3.5493 14.0500 10.3071
v  3.5493 17.2000 10.3071
v  3.5493 17.2000 8.8738
v  3.5493 17.5500 -10.1262
v  3.5493 17.5500 -8.6929
v  3.5493 20.7000 -8.6929
v  3.5493 20.7000 -10.1262
v  3.5493 17.5500 8.8738
v  3.5493 17.5500 10.3071
v  3.5493 20.7000 10.3071
v  3.5493 20.7000 8.8738
v  3.5493 0.0500 8.8738
v  3.5493 0.0500 10.3071
v  3.5493 3.2000 10.3071
v  3.5493 3.2000 8.8738
v  3.5493 3.5800 22.8738
v  3.5493 3.5800 24.3071
v  3.5493 6.7000 24.3071
v  3.5493 6.7000 22.8738
v  3.5493 7.0800 22.8738
v  3.5493 7.0800 24.3071
v  3.5493 10.2000 24.3071
v  3.5493 10.2000 22.8738
v  3.5493 10.5800 22.8738
v  3.5493 10.5800 24.3071
v  3.5493 13.7000 24.3071
v  3.5493 13.7000 22.8738
v  3.5493 14.0800 22.8738
v  3.5493 14.0800 24.3071
v  3.5493 17.2000 24.3071
v  3.5493 17.2000 22.8738
v  3.5493 0.0500 22.8738
v  3.5493 0.0500 24.3071
v  3.5493 3.2000 24.3071
v  3.5493 3.2000 22.8738
v  3.5493 0.0500 -8.5929
v  3.5493 0.0500 -7.1596
v  3.5493 3.2000 -7.1596
v  3.5493 3.2000 -8.5929
v  3.5493 3.2000 -10.2262
v  3.5493 3.2000 -11.6596
v  3.5493 0.0500 -11.6596
v  3.5493 0.0500 -10.2262
v  3.5493 3.5500 -8.5929
v  3.5493 3.5500 -7.1596
v  3.5493 6.7000 -7.1596
v  3.5493 6.7000 -8.5929
v  3.5493 6.7000 -10.2262
v  3.5493 6.7000 -11.6596
v  3.5493 3.5500 -11.6596
v  3.5493 3.5500 -10.2262
v  3.5493 3.5500 10.4071
v  3.5493 3.5500 11.8404
v  3.5493 6.7000 11.8404
v  3.5493 6.7000 10.4071
v  3.5493 6.7000 8.7738
v  3.5493 6.7000 7.3404
v  3.5493 3.5500 7.3404
v  3.5493 3.5500 8.7738
v  3.5493 7.0500 -8.5929
v  3.5493 7.0500 -7.1596
v  3.5493 10.2000 -7.1596
v  3.5493 10.2000 -8.5929
v  3.5493 10.2000 -10.2262
v  3.5493 10.2000 -11.6596
v  3.5493 7.0500 -11.6596
v  3.5493 7.0500 -10.2262
v  3.5493 7.0500 10.4071
v  3.5493 7.0500 11.8404
v  3.5493 10.2000 11.8404
v  3.5493 10.2000 10.4071
v  3.5493 10.2000 8.7738
v  3.5493 10.2000 7.3404
v  3.5493 7.0500 7.3404
v  3.5493 7.0500 8.7738
v  3.5493 10.5500 -8.5929
v  3.5493 10.5500 -7.1596
v  3.5493 13.7000 -7.1596
v  3.5493 13.7000 -8.5929
v  3.5493 13.7000 -10.2262
v  3.5493 13.7000 -11.6596
v  3.5493 10.5500 -11.6596
v  3.5493 10.5500 -10.2262
v  3.5493 10.5500 10.4071
v  3.5493 10.5500 11.8404
v  3.5493 13.7000 11.8404
v  3.5493 13.7000 10.4071
v  3.5493 13.7000 8.7738
v  3.5493 13.7000 7.3404
v  3.5493 10.5500 7.3404
v  3.5493 10.5500 8.7738
v  3.5493 14.0500 -8.5929
v  3.5493 14.0500 -7.1596
v  3.5493 17.2000 -7.1596
v  3.5493 17.2000 -8.5929
v  3.5493 17.2000 -10.2262
v  3.5493 17.2000 -11.6596
v  3.5493 14.0500 -11.6596
v  3.5493 14.0500 -10.2262
v  3.5493 14.0500 10.4071
v  3.5493 14.0500 11.8404
v  3.5493 17.2000 11.8404
v  3.5493 17.2000 10.4071
v  3.5493 17.2000 8.7738
v  3.5493 17.2000 7.3404
v  3.5493 14.0500 7.3404
v  3.5493 14.0500 8.7738
v  3.5493 17.5500 -8.5929
v  3.5493 17.5500 -7.1596
v  3.5493 20.7000 -7.1596
v  3.5493 20.7000 -8.5929
v  3.5493 20.7000 -10.2262
v  3.5493 20.7000 -11.6596
v  3.5493 17.5500 -11.6596
v  3.5493 17.5500 -10.2262
v  3.5493 17.5500 10.4071
v  3.5493 17.5500 11.8404
v  3.5493 20.7000 11.8404
v  3.5493 20.7000 10.4071
v  3.5493 20.7000 8.7738
v  3.5493 20.7000 7.3404
v  3.5493 17.5500 7.3404
v  3.5493 17.5500 8.7738
v  3.5493 0.0500 10.4071
v  3.5493 0.0500 11.8404
v  3.5493 3.2000 11.8404
v  3.5493 3.2000 10.4071
v  3.5493 3.2000 8.7738
v  3.5493 3.2000 7.3404
v  3.5493 0.0500 7.3404
v  3.5493 0.0500 8.7738
v  3.5493 3.5800 24.4071
v  3.5493 3.5800 25.8404
v  3.5493 6.7000 25.8404
v  3.5493 6.7000 24.4071
v  3.5493 6.7000 22.7738
v  3.5493 6.7000 21.3404
v  3.5493 3.5800 21.3404
v  3.5493 3.5800 22.7738
v  3.5493 7.0800 24.4071
v  3.5493 7.0800 25.8404
v  3.5493 10.2000 25.8404
v  3.5493 10.2000 24.4071
v  3.5493 10.2000 22.7738
v  3.5493 10.2000 21.3404
v  3.5493 7.0800 21.3404
v  3.5493 7.0800 22.7738
v  3.5493 10.5800 24.4071
v  3.5493 10.5800 25.8404
v  3.5493 13.7000 25.8404
v  3.5493 13.7000 24.4071
v  3.5493 13.7000 22.7738
v  3.5493 13.7000 21.3404
v  3.5493 10.5800 21.3404
v  3.5493 10.5800 22.7738
v  3.5493 14.0800 24.4071
v  3.5493 14.0800 25.8404
v  3.5493 17.2000 25.8404
v  3.5493 17.2000 24.4071
v  3.5493 17.2000 22.7738
v  3.5493 17.2000 21.3404
v  3.5493 14.0800 21.3404
v  3.5493 14.0800 22.7738
v  3.5493 0.0500 24.4071
v  3.5493 0.0500 25.8404
v  3.5493 3.2000 25.8404
v  3.5493 3.2000 24.4071
v  3.5493 3.2000 22.7738
v  3.5493 3.2000 21.3404
v  3.5493 0.0500 21.3404
v  3.5493 0.0500 22.7738
v  1.8493 0.0500 -16.6596
v  1.8493 0.0500 -15.5096
v  1.8493 3.2000 -15.5096
v  1.8493 3.2000 -16.6596
v  1.8493 3.5800 -16.6596
v  1.8493 3.5800 -15.5096
v  1.8493 6.7000 -15.5096
v  1.8493 6.7000 -16.6596
v  1.8493 3.5800 2.3404
v  1.8493 3.5800 3.4904
v  1.8493 6.7000 3.4904
v  1.8493 6.7000 2.3404
v  1.8493 7.0800 -16.6596
v  1.8493 7.0800 -15.5096
v  1.8493 10.2000 -15.5096
v  1.8493 10.2000 -16.6596
v  1.8493 7.0800 2.3404
v  1.8493 7.0800 3.4904
v  1.8493 10.2000 3.4904
v  1.8493 10.2000 2.3404
v  1.8493 10.5800 -16.6596
v  1.8493 10.5800 -15.5096
v  1.8493 13.7000 -15.5096
v  1.8493 13.7000 -16.6596
v  1.8493 10.5800 2.3404
v  1.8493 10.5800 3.4904
v  1.8493 13.7000 3.4904
v  1.8493 13.7000 2.3404
v  1.8493 14.0800 -16.6596
v  1.8493 14.0800 -15.5096
v  1.8493 17.2000 -15.5096
v  1.8493 17.2000 -16.6596
v  1.8493 14.0800 2.3404
v  1.8493 14.0800 3.4904
v  1.8493 17.2000 3.4904
v  1.8493 17.2000 2.3404
v  1.8493 17.5800 -16.6596
v  1.8493 17.5800 -15.5096
v  1.8493 20.7000 -15.5096
v  1.8493 20.7000 -16.6596
v  1.8493 17.5800 2.3404
v  1.8493 17.5800 3.4904
v  1.8493 20.7000 3.4904
v  1.8493 20.7000 2.3404
v  1.8493 3.2000 2.3404
v  1.8493 0.0500 2.3404
v  1.8493 0.0500 3.4904
v  1.8493 3.2000 3.4904
v  1.8493 3.5800 -21.2596
v  1.8493 3.5800 -20.2096
v  1.8493 6.7000 -20.2096
v  1.8493 6.7000 -21.2596
v  1.8493 7.0800 -21.2596
v  1.8493 7.0800 -20.2096
v  1.8493 10.2000 -20.2096
v  1.8493 10.2000 -21.2596
v  1.8493 10.5800 -21.2596
v  1.8493 10.5800 -20.2096
v  1.8493 13.7000 -20.2096
v  1.8493 13.7000 -21.2596
v  1.8493 14.0800 -21.2596
v  1.8493 14.0800 -20.2096
v  1.8493 17.2000 -20.2096
v  1.8493 17.2000 -21.2596
v  1.8493 17.5800 -21.2596
v  1.8493 17.5800 -20.2096
v  1.8493 20.7000 -20.2096
v  1.8493 20.7000 -21.2596
v  1.8493 0.0500 -21.2596
v  1.8493 0.0500 -20.2096
v  1.8493 3.2000 -20.2096
v  1.8493 3.2000 -21.2596
v  1.8493 3.5800 -2.2596
v  1.8493 3.5800 -1.2096
v  1.8493 6.7000 -1.2096
v  1.8493 6.7000 -2.2596
v  1.8493 7.0800 -2.2596
v  1.8493 7.0800 -1.2096
v  1.8493 10.2000 -1.2096
v  1.8493 10.2000 -2.2596
v  1.8493 10.5800 -2.2596
v  1.8493 10.5800 -1.2096
v  1.8493 13.7000 -1.2096
v  1.8493 13.7000 -2.2596
v  1.8493 14.0800 -2.2596
v  1.8493 14.0800 -1.2096
v  1.8493 17.2000 -1.2096
v  1.8493 17.2000 -2.2596
v  1.8493 17.5800 -2.2596
v  1.8493 17.5800 -1.2096
v  1.8493 20.7000 -1.2096
v  1.8493 20.7000 -2.2596
v  1.8493 0.0500 -2.2596
v  1.8493 0.0500 -1.2096
v  1.8493 3.2000 -1.2096
v  1.8493 3.2000 -2.2596
v  1.8493 0.0500 -15.4096
v  1.8493 0.0500 -14.2596
v  1.8493 3.2000 -14.2596
v  1.8493 3.2000 -15.4096
v  1.8493 3.5800 -15.4096
v  1.8493 3.5800 -14.2596
v  1.8493 6.7000 -14.2596
v  1.8493 6.7000 -15.4096
v  1.8493 3.5800 3.5904
v  1.8493 3.5800 4.7404
v  1.8493 6.7000 4.7404
v  1.8493 6.7000 3.5904
v  1.8493 7.0800 -15.4096
v  1.8493 7.0800 -14.2596
v  1.8493 10.2000 -14.2596
v  1.8493 10.2000 -15.4096
v  1.8493 7.0800 3.5904
v  1.8493 7.0800 4.7404
v  1.8493 10.2000 4.7404
v  1.8493 10.2000 3.5904
v  1.8493 10.5800 -15.4096
v  1.8493 10.5800 -14.2596
v  1.8493 13.7000 -14.2596
v  1.8493 13.7000 -15.4096
v  1.8493 10.5800 3.5904
v  1.8493 10.5800 4.7404
v  1.8493 13.7000 4.7404
v  1.8493 13.7000 3.5904
v  1.8493 14.0800 -15.4096
v  1.8493 14.0800 -14.2596
v  1.8493 17.2000 -14.2596
v  1.8493 17.2000 -15.4096
v  1.8493 14.0800 3.5904
v  1.8493 14.0800 4.7404
v  1.8493 17.2000 4.7404
v  1.8493 17.2000 3.5904
v  1.8493 17.5800 -15.4096
v  1.8493 17.5800 -14.2596
v  1.8493 20.7000 -14.2596
v  1.8493 20.7000 -15.4096
v  1.8493 17.5800 3.5904
v  1.8493 17.5800 4.7404
v  1.8493 20.7000 4.7404
v  1.8493 20.7000 3.5904
v  1.8493 0.0500 3.5904
v  1.8493 0.0500 4.7404
v  1.8493 3.2000 4.7404
v  1.8493 3.2000 3.5904
v  1.8493 3.5800 -20.1096
v  1.8493 3.5800 -19.0596
v  1.8493 6.7000 -19.0596
v  1.8493 6.7000 -20.1096
v  1.8493 7.0800 -20.1096
v  1.8493 7.0800 -19.0596
v  1.8493 10.2000 -19.0596
v  1.8493 10.2000 -20.1096
v  1.8493 10.5800 -20.1096
v  1.8493 10.5800 -19.0596
v  1.8493 13.7000 -19.0596
v  1.8493 13.7000 -20.1096
v  1.8493 14.0800 -20.1096
v  1.8493 14.0800 -19.0596
v  1.8493 17.2000 -19.0596
v  1.8493 17.2000 -20.1096
v  1.8493 17.5800 -20.1096
v  1.8493 17.5800 -19.0596
v  1.8493 20.7000 -19.0596
v  1.8493 20.7000 -20.1096
v  1.8493 0.0500 -20.1096
v  1.8493 0.0500 -19.0596
v  1.8493 3.2000 -19.0596
v  1.8493 3.2000 -20.1096
v  1.8493 3.5800 -1.1096
v  1.8493 3.5800 -0.0596
v  1.8493 6.7000 -0.0596
v  1.8493 6.7000 -1.1096
v  1.8493 7.0800 -1.1096
v  1.8493 7.0800 -0.0596
v  1.8493 10.2000 -0.0596
v  1.8493 10.2000 -1.1096
v  1.8493 10.5800 -1.1096
v  1.8493 10.5800 -0.0596
v  1.8493 13.7000 -0.0596
v  1.8493 13.7000 -1.1096
v  1.8493 14.0800 -1.1096
v  1.8493 14.0800 -0.0596
v  1.8493 17.2000 -0.0596
v  1.8493 17.2000 -1.1096
v  1.8493 17.5800 -1.1096
v  1.8493 17.5800 -0.0596
v  1.8493 20.7000 -0.0596
v  1.8493 20.7000 -1.1096
v  1.8493 0.0500 -1.1096
v  1.8493 0.0500 -0.0596
v  1.8493 3.2000 -0.0596
v  1.8493 3.2000 -1.1096
v  3.8493 3.3000 -5.3262
v  3.8493 3.3000 -4.0929
v  3.8493 3.4500 -4.0929
v  3.8493 3.4500 -5.3262
v  3.8493 3.3000 13.6738
v  3.8493 3.3000 14.9071
v  3.8493 3.4500 14.9071
v  3.8493 3.4500 13.6738
v  3.8493 3.5500 -5.3262
v  3.8493 3.5500 -4.0929
v  3.8493 6.7000 -4.0929
v  3.8493 6.7000 -5.3262
v  3.8493 3.5500 13.6738
v  3.8493 3.5500 14.9071
v  3.8493 6.7000 14.9071
v  3.8493 6.7000 13.6738
v  3.8493 7.0500 -5.3262
v  3.8493 7.0500 -4.0929
v  3.8493 10.2000 -4.0929
v  3.8493 10.2000 -5.3262
v  3.8493 7.0500 13.6738
v  3.8493 7.0500 14.9071
v  3.8493 10.2000 14.9071
v  3.8493 10.2000 13.6738
v  3.8493 10.5500 -5.3262
v  3.8493 10.5500 -4.0929
v  3.8493 13.7000 -4.0929
v  3.8493 13.7000 -5.3262
v  3.8493 10.5500 13.6738
v  3.8493 10.5500 14.9071
v  3.8493 13.7000 14.9071
v  3.8493 13.7000 13.6738
v  3.8493 14.0500 -5.3262
v  3.8493 14.0500 -4.0929
v  3.8493 17.2000 -4.0929
v  3.8493 17.2000 -5.3262
v  3.8493 14.0500 13.6738
v  3.8493 14.0500 14.9071
v  3.8493 17.2000 14.9071
v  3.8493 17.2000 13.6738
v  3.8493 17.5500 -5.3262
v  3.8493 17.5500 -4.0929
v  3.8493 20.9000 -4.0929
v  3.8493 20.9000 -5.3262
v  3.8493 17.5500 13.6738
v  3.8493 17.5500 14.9071
v  3.8493 20.9000 14.9071
v  3.8493 20.9000 13.6738
v  3.8493 0.0500 -5.3262
v  3.8493 0.0500 -4.0929
v  3.8493 3.2000 -4.0929
v  3.8493 3.2000 -5.3262
v  3.8493 0.0500 13.6738
v  3.8493 0.0500 14.9071
v  3.8493 3.2000 14.9071
v  3.8493 3.2000 13.6738
v  3.8493 6.9500 -4.0929
v  3.8493 6.9500 -5.3262
v  3.8493 6.8000 -5.3262
v  3.8493 6.8000 -4.0929
v  3.8493 6.9500 14.9071
v  3.8493 6.9500 13.6738
v  3.8493 6.8000 13.6738
v  3.8493 6.8000 14.9071
v  3.8493 10.4500 -4.0929
v  3.8493 10.4500 -5.3262
v  3.8493 10.3000 -5.3262
v  3.8493 10.3000 -4.0929
v  3.8493 10.4500 14.9071
v  3.8493 10.4500 13.6738
v  3.8493 10.3000 13.6738
v  3.8493 10.3000 14.9071
v  3.8493 13.9500 -4.0929
v  3.8493 13.9500 -5.3262
v  3.8493 13.8000 -5.3262
v  3.8493 13.8000 -4.0929
v  3.8493 13.9500 14.9071
v  3.8493 13.9500 13.6738
v  3.8493 13.8000 13.6738
v  3.8493 13.8000 14.9071
v  3.8493 17.4500 -4.0929
v  3.8493 17.4500 -5.3262
v  3.8493 17.3000 -5.3262
v  3.8493 17.3000 -4.0929
v  3.8493 17.4500 14.9071
v  3.8493 17.4500 13.6738
v  3.8493 17.3000 13.6738
v  3.8493 17.3000 14.9071
v  3.8493 21.1500 -4.0929
v  3.8493 21.1500 -5.3262
v  3.8493 21.0000 -5.3262
v  3.8493 21.0000 -4.0929
v  3.8493 21.1500 14.9071
v  3.8493 21.1500 13.6738
v  3.8493 21.0000 13.6738
v  3.8493 21.0000 14.9071
v  3.8493 21.2500 -5.3262
v  3.8493 21.2500 -4.0929
v  3.8493 23.7000 -4.0929
v  3.8493 23.7000 -5.3262
v  3.8493 21.2500 13.6738
v  3.8493 21.2500 14.9071
v  3.8493 23.7000 14.9071
v  3.8493 23.7000 13.6738
v  3.8493 3.3000 -3.9929
v  3.8493 3.3000 -2.7596
v  3.8493 3.4500 -2.7596
v  3.8493 3.4500 -3.9929
v  3.8493 3.4500 -5.4262
v  3.8493 3.4500 -6.6596
v  3.8493 3.3000 -6.6596
v  3.8493 3.3000 -5.4262
v  3.8493 3.3000 15.0071
v  3.8493 3.3000 16.2404
v  3.8493 3.4500 16.2404
v  3.8493 3.4500 15.0071
v  3.8493 3.4500 13.5738
v  3.8493 3.4500 12.3404
v  3.8493 3.3000 12.3404
v  3.8493 3.3000 13.5738
v  3.8493 3.5500 -3.9929
v  3.8493 3.5500 -2.7596
v  3.8493 6.7000 -2.7596
v  3.8493 6.7000 -3.9929
v  3.8493 6.7000 -5.4262
v  3.8493 6.7000 -6.6596
v  3.8493 3.5500 -6.6596
v  3.8493 3.5500 -5.4262
v  3.8493 3.5500 15.0071
v  3.8493 3.5500 16.2404
v  3.8493 6.7000 16.2404
v  3.8493 6.7000 15.0071
v  3.8493 6.7000 13.5738
v  3.8493 6.7000 12.3404
v  3.8493 3.5500 12.3404
v  3.8493 3.5500 13.5738
v  3.8493 7.0500 -3.9929
v  3.8493 7.0500 -2.7596
v  3.8493 10.2000 -2.7596
v  3.8493 10.2000 -3.9929
v  3.8493 10.2000 -5.4262
v  3.8493 10.2000 -6.6596
v  3.8493 7.0500 -6.6596
v  3.8493 7.0500 -5.4262
v  3.8493 7.0500 15.0071
v  3.8493 7.0500 16.2404
v  3.8493 10.2000 16.2404
v  3.8493 10.2000 15.0071
v  3.8493 10.2000 13.5738
v  3.8493 10.2000 12.3404
v  3.8493 7.0500 12.3404
v  3.8493 7.0500 13.5738
v  3.8493 10.5500 -3.9929
v  3.8493 10.5500 -2.7596
v  3.8493 13.7000 -2.7596
v  3.8493 13.7000 -3.9929
v  3.8493 13.7000 -5.4262
v  3.8493 13.7000 -6.6596
v  3.8493 10.5500 -6.6596
v  3.8493 10.5500 -5.4262
v  3.8493 10.5500 15.0071
v  3.8493 10.5500 16.2404
v  3.8493 13.7000 16.2404
v  3.8493 13.7000 15.0071
v  3.8493 13.7000 13.5738
v  3.8493 13.7000 12.3404
v  3.8493 10.5500 12.3404
v  3.8493 10.5500 13.5738
v  3.8493 14.0500 -3.9929
v  3.8493 14.0500 -2.7596
v  3.8493 17.2000 -2.7596
v  3.8493 17.2000 -3.9929
v  3.8493 17.2000 -5.4262
v  3.8493 17.2000 -6.6596
v  3.8493 14.0500 -6.6596
v  3.8493 14.0500 -5.4262
v  3.8493 14.0500 15.0071
v  3.8493 14.0500 16.2404
v  3.8493 17.2000 16.2404
v  3.8493 17.2000 15.0071
v  3.8493 17.2000 13.5738
v  3.8493 17.2000 12.3404
v  3.8493 14.0500 12.3404
v  3.8493 14.0500 13.5738
v  3.8493 17.5500 -3.9929
v  3.8493 17.5500 -2.7596
v  3.8493 20.9000 -2.7596
v  3.8493 20.9000 -3.9929
v  3.8493 20.9000 -5.4262
v  3.8493 20.9000 -6.6596
v  3.8493 17.5500 -6.6596
v  3.8493 17.5500 -5.4262
v  3.8493 17.5500 15.0071
v  3.8493 17.5500 16.2404
v  3.8493 20.9000 16.2404
v  3.8493 20.9000 15.0071
v  3.8493 20.9000 13.5738
v  3.8493 20.9000 12.3404
v  3.8493 17.5500 12.3404
v  3.8493 17.5500 13.5738
v  3.8493 0.0500 -3.9929
v  3.8493 0.0500 -2.7596
v  3.8493 3.2000 -2.7596
v  3.8493 3.2000 -3.9929
v  3.8493 3.2000 -5.4262
v  3.8493 3.2000 -6.6596
v  3.8493 0.0500 -6.6596
v  3.8493 0.0500 -5.4262
v  3.8493 0.0500 15.0071
v  3.8493 0.0500 16.2404
v  3.8493 3.2000 16.2404
v  3.8493 3.2000 15.0071
v  3.8493 3.2000 13.5738
v  3.8493 3.2000 12.3404
v  3.8493 0.0500 12.3404
v  3.8493 0.0500 13.5738
v  3.8493 6.9500 -5.4262
v  3.8493 6.9500 -6.6596
v  3.8493 6.8000 -6.6596
v  3.8493 6.8000 -5.4262
v  3.8493 6.8000 -3.9929
v  3.8493 6.8000 -2.7596
v  3.8493 6.9500 -2.7596
v  3.8493 6.9500 -3.9929
v  3.8493 6.9500 13.5738
v  3.8493 6.9500 12.3404
v  3.8493 6.8000 12.3404
v  3.8493 6.8000 13.5738
v  3.8493 6.8000 15.0071
v  3.8493 6.8000 16.2404
v  3.8493 6.9500 16.2404
v  3.8493 6.9500 15.0071
v  3.8493 10.4500 -5.4262
v  3.8493 10.4500 -6.6596
v  3.8493 10.3000 -6.6596
v  3.8493 10.3000 -5.4262
v  3.8493 10.3000 -3.9929
v  3.8493 10.3000 -2.7596
v  3.8493 10.4500 -2.7596
v  3.8493 10.4500 -3.9929
v  3.8493 10.4500 13.5738
v  3.8493 10.4500 12.3404
v  3.8493 10.3000 12.3404
v  3.8493 10.3000 13.5738
v  3.8493 10.3000 15.0071
v  3.8493 10.3000 16.2404
v  3.8493 10.4500 16.2404
v  3.8493 10.4500 15.0071
v  3.8493 13.9500 -5.4262
v  3.8493 13.9500 -6.6596
v  3.8493 13.8000 -6.6596
v  3.8493 13.8000 -5.4262
v  3.8493 13.8000 -3.9929
v  3.8493 13.8000 -2.7596
v  3.8493 13.9500 -2.7596
v  3.8493 13.9500 -3.9929
v  3.8493 13.9500 13.5738
v  3.8493 13.9500 12.3404
v  3.8493 13.8000 12.3404
v  3.8493 13.8000 13.5738
v  3.8493 13.8000 15.0071
v  3.8493 13.8000 16.2404
v  3.8493 13.9500 16.2404
v  3.8493 13.9500 15.0071
v  3.8493 17.4500 -5.4262
v  3.8493 17.4500 -6.6596
v  3.8493 17.3000 -6.6596
v  3.8493 17.3000 -5.4262
v  3.8493 17.3000 -3.9929
v  3.8493 17.3000 -2.7596
v  3.8493 17.4500 -2.7596
v  3.8493 17.4500 -3.9929
v  3.8493 17.4500 13.5738
v  3.8493 17.4500 12.3404
v  3.8493 17.3000 12.3404
v  3.8493 17.3000 13.5738
v  3.8493 17.3000 15.0071
v  3.8493 17.3000 16.2404
v  3.8493 17.4500 16.2404
v  3.8493 17.4500 15.0071
v  3.8493 21.1500 -5.4262
v  3.8493 21.1500 -6.6596
v  3.8493 21.0000 -6.6596
v  3.8493 21.0000 -5.4262
v  3.8493 21.0000 -3.9929
v  3.8493 21.0000 -2.7596
v  3.8493 21.1500 -2.7596
v  3.8493 21.1500 -3.9929
v  3.8493 21.1500 13.5738
v  3.8493 21.1500 12.3404
v  3.8493 21.0000 12.3404
v  3.8493 21.0000 13.5738
v  3.8493 21.0000 15.0071
v  3.8493 21.0000 16.2404
v  3.8493 21.1500 16.2404
v  3.8493 21.1500 15.0071
v  3.8493 21.2500 -3.9929
v  3.8493 21.2500 -2.7596
v  3.8493 23.7000 -2.7596
v  3.8493 23.7000 -3.9929
v  3.8493 23.7000 -5.4262
v  3.8493 23.7000 -6.6596
v  3.8493 21.2500 -6.6596
v  3.8493 21.2500 -5.4262
v  3.8493 21.2500 15.0071
v  3.8493 21.2500 16.2404
v  3.8493 23.7000 16.2404
v  3.8493 23.7000 15.0071
v  3.8493 23.7000 13.5738
v  3.8493 23.7000 12.3404
v  3.8493 21.2500 12.3404
v  3.8493 21.2500 13.5738
v  7.6993 21.2500 12.2404
v  6.5493 21.2500 12.2404
v  6.5493 23.7000 12.2404
v  7.6993 23.7000 12.2404
v  7.6993 21.2500 -6.7596
v  6.5493 21.2500 -6.7596
v  6.5493 23.7000 -6.7596
v  7.6993 23.7000 -6.7596
v  6.4490 14.0800 -21.3595
v  5.7990 14.0800 -21.3595
v  5.7990 17.2000 -21.3596
v  6.4490 17.2000 -21.3596
v  6.4490 10.5800 -21.3596
v  5.7990 10.5800 -21.3596
v  5.7990 13.7000 -21.3595
v  6.4490 13.7000 -21.3595
v  6.4490 7.0800 -21.3596
v  5.7990 7.0800 -21.3596
v  5.7990 10.2000 -21.3595
v  6.4490 10.2000 -21.3595
v  6.4490 3.5800 -21.3596
v  5.7990 3.5800 -21.3596
v  5.7990 6.7000 -21.3595
v  6.4490 6.7000 -21.3595
v  6.4490 0.0500 -21.3596
v  5.7990 0.0500 -21.3596
v  5.7990 3.2000 -21.3596
v  6.4490 3.2000 -21.3596
v  6.4490 17.5800 -21.3595
v  5.7990 17.5800 -21.3595
v  5.7992 20.7000 -21.3596
v  6.4493 20.7000 -21.3596
v  5.6990 14.0800 -21.3595
v  5.0490 14.0800 -21.3595
v  5.0490 17.2000 -21.3596
v  5.6990 17.2000 -21.3596
v  5.6990 10.5800 -21.3596
v  5.0490 10.5800 -21.3596
v  5.0490 13.7000 -21.3595
v  5.6990 13.7000 -21.3595
v  5.6990 7.0800 -21.3596
v  5.0490 7.0800 -21.3596
v  5.0490 10.2000 -21.3595
v  5.6990 10.2000 -21.3595
v  5.6990 3.5800 -21.3596
v  5.0490 3.5800 -21.3596
v  5.0490 6.7000 -21.3595
v  5.6990 6.7000 -21.3595
v  5.6990 0.0500 -21.3596
v  5.0490 0.0500 -21.3596
v  5.0490 3.2000 -21.3596
v  5.6990 3.2000 -21.3596
v  5.6990 17.5800 -21.3595
v  5.0490 17.5800 -21.3595
v  5.0491 20.7000 -21.3596
v  5.6992 20.7000 -21.3596
v  3.8492 20.7000 22.9738
v  3.8492 20.7000 21.6404
v  3.8491 17.5500 21.6404
v  3.8491 17.5500 22.9738
v  3.8493 20.7000 18.6738
v  3.8493 20.7000 17.3405
v  3.8491 17.5500 17.3404
v  3.8491 17.5500 18.6738
v  3.8492 20.7000 20.1071
v  3.8493 20.7000 18.7738
v  3.8491 17.5500 18.7738
v  3.8491 17.5500 20.1071
v  3.8492 20.7000 21.5404
v  3.8492 20.7000 20.2071
v  3.8491 17.5500 20.2071
v  3.8491 17.5500 21.5404
v  3.8490 17.5500 24.5071
v  3.8490 17.5500 25.8404
v  3.8491 20.7000 25.8404
v  3.8492 20.7000 24.5071
v  3.8491 17.5500 23.0738
v  3.8490 17.5500 24.4071
v  3.8492 20.7000 24.4071
v  3.8492 20.7000 23.0738
v  9.8824 0.0500 30.9404
v  10.6157 0.0500 30.9404
v  10.6157 3.2000 30.9404
v  9.8824 3.2000 30.9404
v  9.8824 7.0800 30.9404
v  10.6157 7.0800 30.9404
v  10.6157 10.2000 30.9404
v  9.8824 10.2000 30.9404
v  9.8824 14.0800 30.9404
v  10.6157 14.0800 30.9404
v  10.6157 17.2000 30.9404
v  9.8824 17.2000 30.9404
v  9.8824 10.5800 30.9404
v  10.6157 10.5800 30.9404
v  10.6157 13.7000 30.9404
v  9.8824 13.7000 30.9404
v  9.8824 3.5800 30.9404
v  10.6157 3.5800 30.9404
v  10.6157 6.7000 30.9404
v  9.8824 6.7000 30.9404
v  10.7157 0.0500 30.9404
v  11.4490 0.0500 30.9404
v  11.4490 3.2000 30.9404
v  10.7157 3.2000 30.9404
v  10.7157 7.0800 30.9404
v  11.4490 7.0800 30.9404
v  11.4490 10.2000 30.9404
v  10.7157 10.2000 30.9404
v  10.7157 14.0800 30.9404
v  11.4490 14.0800 30.9404
v  11.4490 17.2000 30.9404
v  10.7157 17.2000 30.9404
v  10.7157 10.5800 30.9404
v  11.4490 10.5800 30.9404
v  11.4490 13.7000 30.9404
v  10.7157 13.7000 30.9404
v  10.7157 3.5800 30.9404
v  11.4490 3.5800 30.9404
v  11.4490 6.7000 30.9404
v  10.7157 6.7000 30.9404
v  7.6882 3.2000 30.9404
v  7.0402 3.2000 30.9404
v  7.0376 0.0500 30.9404
v  7.6882 0.0500 30.9404
v  7.6882 10.2000 30.9404
v  7.0382 10.2000 30.9404
v  7.0382 7.0800 30.9404
v  7.6882 7.0800 30.9404
v  7.6882 17.2000 30.9404
v  7.0382 17.2000 30.9404
v  7.0382 14.0800 30.9404
v  7.6882 14.0800 30.9404
v  7.6882 13.7000 30.9404
v  7.0382 13.7000 30.9404
v  7.0382 10.5800 30.9404
v  7.6882 10.5800 30.9404
v  7.6882 6.7000 30.9404
v  7.0382 6.7000 30.9404
v  7.0382 3.5800 30.9404
v  7.6882 3.5800 30.9404
v  3.3826 3.5800 30.9404
v  4.0326 3.5800 30.9404
v  4.0326 6.7000 30.9404
v  3.3826 6.7000 30.9404
v  3.3826 7.0800 30.9404
v  4.0326 7.0800 30.9404
v  4.0326 10.2000 30.9404
v  3.3826 10.2000 30.9404
v  3.3826 10.5800 30.9404
v  4.0326 10.5800 30.9404
v  4.0326 13.7000 30.9404
v  3.3826 13.7000 30.9404
v  3.3826 14.0800 30.9404
v  4.0326 14.0800 30.9404
v  4.0326 17.2000 30.9404
v  3.3826 17.2000 30.9404
v  3.3826 0.0500 30.9404
v  4.0326 0.0500 30.9404
v  4.0326 3.2000 30.9404
v  3.3826 3.2000 30.9404
v  6.9401 3.2000 30.9404
v  6.2882 3.2000 30.9404
v  6.2882 0.0500 30.9404
v  6.9376 0.0500 30.9404
v  6.9382 10.2000 30.9404
v  6.2882 10.2000 30.9404
v  6.2882 7.0800 30.9404
v  6.9382 7.0800 30.9404
v  6.9382 17.2000 30.9404
v  6.2882 17.2000 30.9404
v  6.2882 14.0800 30.9404
v  6.9382 14.0800 30.9404
v  6.9382 13.7000 30.9404
v  6.2882 13.7000 30.9404
v  6.2882 10.5800 30.9404
v  6.9382 10.5800 30.9404
v  6.9382 6.7000 30.9404
v  6.2882 6.7000 30.9404
v  6.2882 3.5800 30.9404
v  6.9382 3.5800 30.9404
v  4.1326 3.5800 30.9404
v  4.7826 3.5800 30.9404
v  4.7826 6.7000 30.9404
v  4.1326 6.7000 30.9404
v  4.1326 7.0800 30.9404
v  4.7826 7.0800 30.9404
v  4.7826 10.2000 30.9404
v  4.1326 10.2000 30.9404
v  4.1326 10.5800 30.9404
v  4.7826 10.5800 30.9404
v  4.7826 13.7000 30.9404
v  4.1326 13.7000 30.9404
v  4.1326 14.0800 30.9404
v  4.7826 14.0800 30.9404
v  4.7826 17.2000 30.9404
v  4.1326 17.2000 30.9404
v  4.1326 0.0500 30.9404
v  4.7826 0.0500 30.9404
v  4.7826 3.2000 30.9404
v  4.1326 3.2000 30.9404
# 1956 vertices

vn 1.0000 0.0000 -0.0000
vn 1.0000 0.0000 0.0000
vn 1.0000 -0.0000 -0.0000
vn 1.0000 -0.0000 0.0000
vn 1.0000 0.0000 0.0002
vn 1.0000 -0.0000 -0.0003
vn 1.0000 0.0000 -0.0003
vn 1.0000 0.0000 -0.0005
vn 1.0000 -0.0000 -0.0005
vn 1.0000 -0.0001 -0.0000
vn 1.0000 0.0001 -0.0000
vn 1.0000 -0.0000 0.0001
vn 1.0000 0.0000 0.0001
vn -0.0000 0.0000 1.0000
vn -0.0000 -0.0000 -1.0000
vn -0.0000 0.0000 -1.0000
vn -1.0000 0.0000 -0.0000
vn -1.0000 0.0000 0.0000
vn -1.0000 -0.0000 0.0000
vn 0.0000 -0.0000 -1.0000
vn 0.0000 0.0000 -1.0000
vn 0.0000 0.0000 1.0000
vn 0.0000 -0.0000 1.0000
vn -0.0000 -0.0000 1.0000
# 24 vertex normals

vt 0.6667 0.5833 0.0000
vt 0.6667 0.5000 0.0000
vt 0.6458 0.2917 0.0000
vt 0.6250 0.2500 0.0000
vt 0.6667 0.4167 0.0000
vt 0.6042 0.2083 0.0000
vt 0.6667 0.3333 0.0000
vt 0.5000 1.0000 0.0000
vt 0.5000 0.1667 0.0000
vt 0.5000 0.0000 0.0000
vt 0.6667 0.5556 0.0000
vt 0.6667 0.4444 0.0000
vt 0.6111 1.0000 0.0000
vt 0.6389 1.0000 0.0000
vt 0.6667 1.0000 0.0000
vt 0.6667 0.7778 0.0000
vt 0.6667 0.7222 0.0000
vt 0.6667 0.6667 0.0000
vt 0.5833 1.0000 0.0000
vt 0.6667 0.8333 0.0000
vt 0.3333 1.0000 0.0000
vt 0.6667 0.0000 0.0000
vt 0.3333 0.0000 0.0000
vt 1.0000 1.0000 0.0000
vt 1.0000 0.0000 0.0000
vt 0.0000 0.0000 0.0000
vt 0.0000 1.0000 0.0000
vt 0.6458 1.0000 0.0000
vt 0.6250 1.0000 0.0000
vt 0.6042 1.0000 0.0000
vt 0.0000 0.5000 0.0000
vt 0.7222 0.0000 0.0000
vt 0.7778 0.0000 0.0000
vt 0.7778 0.5000 0.0000
vt 0.7222 0.5000 0.0000
vt 0.0000 0.2778 0.0000
vt 0.0000 0.2222 0.0000
vt 0.8333 0.0000 0.0000
vt 0.8333 0.5000 0.0000
vt 0.0000 0.1667 0.0000
vt 0.0000 0.3333 0.0000
vt 0.4167 0.0000 0.0000
vt 0.4167 0.5000 0.0000
vt 0.3333 0.5000 0.0000
vt 0.0000 0.6667 0.0000
vt 0.0000 0.5833 0.0000
vt 0.0000 0.8333 0.0000
vt 0.0000 0.7917 0.0000
vt 0.1667 0.0000 0.0000
vt 0.2083 0.0000 0.0000
vt 0.2083 0.5000 0.0000
vt 0.1667 0.5000 0.0000
vt 0.5000 0.5000 0.0000
vt 0.0000 0.7500 0.0000
vt 0.2500 0.0000 0.0000
vt 0.2500 0.5000 0.0000
vt 0.7778 1.0000 0.0000
vt 0.5556 1.0000 0.0000
vt 0.2222 0.3333 0.0000
vt 0.1111 0.6667 0.0000
vt 0.4167 1.0000 0.0000
vt 0.4167 0.1667 0.0000
vt 0.3333 0.1667 0.0000
vt 0.5521 1.0000 0.0000
vt 0.5547 1.0000 0.0000
vt 0.5573 1.0000 0.0000
vt 0.3333 0.6667 0.0000
vt 0.2500 1.0000 0.0000
vt 0.0833 0.1667 0.0000
vt 0.0833 1.0000 0.0000
vt 0.1667 0.3333 0.0000
vt 0.1667 1.0000 0.0000
vt 0.4167 0.8333 0.0000
vt 0.5555 0.5000 0.0000
vt 0.6111 0.5000 0.0000
vt 0.5555 1.0000 0.0000
vt 0.6666 0.5000 0.0000
vt 0.6666 1.0000 0.0000
vt 0.4444 0.5000 0.0000
vt 0.3772 0.5000 0.0000
vt 0.3889 0.5000 0.0000
vt 0.4444 1.0000 0.0000
vt 0.3772 1.0000 0.0000
vt -0.0416 1.1249 0.0000
vt 0.0625 0.8124 0.0000
vt 0.0625 0.0624 0.0000
vt -0.0416 0.1249 0.0000
vt -0.0416 1.0000 0.0000
vt 0.0625 1.0000 0.0000
vt 0.1727 0.1250 0.0000
vt 0.2164 -0.0000 0.0000
vt 0.8333 1.0000 0.0000
vt 0.2500 0.9167 0.0000
vt 0.0000 -0.1249 0.0000
vt 0.0000 0.1876 0.0000
vt 0.0417 0.2709 0.0000
vt 0.0000 0.2085 0.0000
vt 0.3099 0.5000 0.0000
vt 0.3099 1.0000 0.0000
vt 0.1290 0.2500 0.0000
vt 0.1667 0.8333 0.0000
vt 0.0833 0.3333 0.0000
# 102 texture coords

o obj_02
g obj_02
usemtl wire_115115115
s off
f 2264/4857/336 2265/4858/336 2266/4858/336 2267/4857/336 
f 2268/4859/337 2269/4860/337 2270/4860/337 2271/4859/337 
f 2272/4857/336 2273/4858/336 2274/4858/336 2275/4857/336 
f 2276/4859/337 2277/4860/337 2278/4860/337 2279/4859/337 
f 2280/4857/338 2281/4858/338 2282/4858/338 2283/4857/338 
f 2284/4859/339 2285/4860/339 2286/4860/339 2287/4859/339 
f 2288/4857/338 2289/4858/338 2290/4858/338 2291/4857/338 
f 2292/4859/339 2293/4860/339 2294/4860/338 2295/4859/338 
f 2296/4857/338 2297/4858/338 2298/4858/338 2299/4857/338 
f 2300/4859/339 2301/4860/339 2302/4860/339 2303/4859/339 
f 2304/4858/336 2305/4861/336 2306/4861/336 2307/4858/336 
f 2308/4860/336 2309/4862/336 2310/4862/337 2311/4860/337 
f 2312/4859/337 2313/4863/337 2314/4863/336 2315/4859/336 
f 2316/4858/336 2317/4861/336 2318/4861/336 2319/4858/336 
f 2320/4860/337 2321/4862/337 2322/4862/337 2323/4860/337 
f 2324/4859/337 2325/4863/337 2326/4863/336 2327/4859/336 
f 2328/4858/338 2329/4861/338 2330/4861/338 2331/4858/338 
f 2332/4860/339 2333/4862/339 2334/4862/339 2335/4860/339 
f 2336/4859/339 2337/4863/339 2338/4863/339 2339/4859/339 
f 2340/4858/338 2341/4861/338 2342/4861/338 2343/4858/338 
f 2344/4860/339 2345/4862/339 2346/4862/338 2347/4860/338 
f 2348/4859/338 2349/4863/338 2350/4863/339 2351/4859/339 
f 2352/4858/338 2353/4861/338 2354/4861/338 2355/4858/338 
f 2356/4860/339 2357/4862/339 2358/4862/339 2359/4860/339 
f 2360/4859/339 2361/4863/339 2362/4863/339 2363/4859/339 
f 2364/4864/336 2365/4864/336 2366/4864/336 2367/4864/336 
f 2368/4864/338 2369/4864/338 2370/4864/338 2371/4864/338 
f 2372/4864/336 2373/4864/336 2374/4864/337 2375/4864/337 
f 2376/4864/336 2377/4864/336 2378/4864/336 2379/4864/336 
f 2380/4865/337 2381/4866/337 2382/4866/337 2383/4865/337 
f 2384/4864/337 2385/4864/337 2386/4864/337 2387/4864/337 
f 2388/4864/340 2389/4864/340 2390/4864/336 2391/4864/336 
f 2392/4864/341 2393/4864/342 2394/4864/343 2395/4864/344 
f 2396/4864/336 2397/4864/336 2398/4864/336 2399/4864/336 
f 2400/4864/336 2401/4864/336 2402/4864/336 2403/4864/336 
f 2404/4864/336 2405/4864/336 2406/4864/336 2407/4864/336 
f 2408/4864/336 2409/4864/336 2410/4864/336 2411/4864/336 
f 2412/4864/345 2413/4864/345 2414/4864/345 2415/4864/345 
f 2416/4864/345 2417/4864/345 2418/4864/345 2419/4864/345 
f 2420/4864/336 2421/4864/336 2422/4864/336 2423/4864/336 
f 2424/4864/336 2425/4864/336 2426/4864/336 2427/4864/336 
f 2428/4864/345 2429/4864/345 2430/4864/345 2431/4864/345 
f 2432/4864/345 2433/4864/345 2434/4864/345 2435/4864/345 
f 2436/4864/338 2437/4864/338 2438/4864/338 2439/4864/338 
f 2440/4864/338 2441/4864/338 2442/4864/338 2443/4864/338 
f 2444/4864/346 2445/4864/346 2446/4864/346 2447/4864/346 
f 2448/4864/346 2449/4864/346 2450/4864/346 2451/4864/346 
f 2452/4864/338 2453/4864/338 2454/4864/338 2455/4864/338 
f 2456/4864/338 2457/4864/338 2458/4864/338 2459/4864/338 
f 2460/4864/345 2461/4864/345 2462/4864/345 2463/4864/345 
f 2464/4864/345 2465/4864/345 2466/4864/345 2467/4864/345 
f 2468/4864/338 2469/4864/338 2470/4864/338 2471/4864/338 
f 2472/4864/338 2473/4864/338 2474/4864/338 2475/4864/338 
f 2476/4864/347 2477/4864/348 2478/4864/337 2479/4864/339 
f 2480/4864/339 2481/4864/339 2482/4864/339 2483/4864/339 
f 2484/4864/338 2485/4864/338 2486/4864/338 2487/4864/338 
f 2488/4864/347 2489/4864/347 2490/4864/339 2491/4864/339 
f 2492/4864/339 2493/4864/339 2494/4864/339 2495/4864/339 
f 2496/4864/349 2497/4864/349 2498/4864/349 2499/4864/349 
s 1
f 2500/4867/338 2501/4868/338 2502/4869/338 2503/4870/338 
s 2
f 2504/4871/338 2505/4871/338 2506/4871/338 2507/4871/338 
s off
f 2508/4872/336 2509/4873/336 2510/4873/336 2511/4872/336 
f 2512/4872/336 2513/4873/336 2514/4873/336 2515/4872/336 
f 2516/4872/338 2517/4873/338 2518/4873/338 2519/4872/338 
f 2520/4872/338 2521/4873/338 2522/4873/338 2523/4872/338 
f 2524/4872/338 2525/4873/338 2526/4873/338 2527/4872/338 
f 2528/4873/336 2529/4872/336 2530/4872/336 2531/4873/336 
f 2532/4874/336 2533/4874/336 2534/4874/336 2535/4874/336 
f 2536/4874/337 2537/4874/337 2538/4874/337 2539/4874/337 
f 2540/4864/336 2541/4864/336 2542/4864/336 2543/4864/336 
f 2544/4864/336 2545/4864/336 2546/4864/336 2547/4864/336 
f 2548/4864/338 2549/4864/338 2550/4864/338 2551/4864/338 
f 2552/4864/338 2553/4864/338 2554/4864/338 2555/4864/338 
f 2556/4864/336 2557/4864/336 2558/4864/336 2559/4864/336 
f 2560/4864/336 2561/4864/336 2562/4864/336 2563/4864/336 
f 2564/4864/336 2565/4864/336 2566/4864/336 2567/4864/336 
f 2568/4864/336 2569/4864/336 2570/4864/336 2571/4864/336 
f 2572/4864/336 2573/4864/336 2574/4864/336 2575/4864/336 
f 2576/4864/336 2577/4864/336 2578/4864/336 2579/4864/336 
f 2580/4864/336 2581/4864/336 2582/4864/336 2583/4864/336 
f 2584/4864/336 2585/4864/336 2586/4864/336 2587/4864/336 
f 2588/4864/336 2589/4864/336 2590/4864/336 2591/4864/336 
f 2592/4864/336 2593/4864/336 2594/4864/336 2595/4864/336 
f 2596/4864/336 2597/4864/336 2598/4864/336 2599/4864/336 
f 2600/4864/336 2601/4864/336 2602/4864/336 2603/4864/336 
f 2604/4864/345 2605/4864/345 2606/4864/345 2607/4864/345 
f 2608/4864/345 2609/4864/345 2610/4864/345 2611/4864/345 
f 2612/4864/345 2613/4864/345 2614/4864/345 2615/4864/345 
f 2616/4864/345 2617/4864/345 2618/4864/345 2619/4864/345 
f 2620/4864/336 2621/4864/336 2622/4864/336 2623/4864/336 
f 2624/4864/336 2625/4864/336 2626/4864/336 2627/4864/336 
f 2628/4864/336 2629/4864/336 2630/4864/336 2631/4864/336 
f 2632/4864/336 2633/4864/336 2634/4864/336 2635/4864/336 
f 2636/4864/345 2637/4864/345 2638/4864/345 2639/4864/345 
f 2640/4864/345 2641/4864/345 2642/4864/345 2643/4864/345 
f 2644/4864/345 2645/4864/345 2646/4864/345 2647/4864/345 
f 2648/4864/345 2649/4864/345 2650/4864/345 2651/4864/345 
f 2652/4864/338 2653/4864/338 2654/4864/338 2655/4864/338 
f 2656/4864/338 2657/4864/338 2658/4864/338 2659/4864/338 
f 2660/4864/338 2661/4864/338 2662/4864/338 2663/4864/338 
f 2664/4864/338 2665/4864/338 2666/4864/338 2667/4864/338 
f 2668/4864/346 2669/4864/346 2670/4864/346 2671/4864/346 
f 2672/4864/346 2673/4864/346 2674/4864/346 2675/4864/346 
f 2676/4864/346 2677/4864/346 2678/4864/346 2679/4864/346 
f 2680/4864/346 2681/4864/346 2682/4864/346 2683/4864/346 
f 2684/4864/338 2685/4864/338 2686/4864/338 2687/4864/338 
f 2688/4864/338 2689/4864/338 2690/4864/338 2691/4864/338 
f 2692/4864/338 2693/4864/338 2694/4864/338 2695/4864/338 
f 2696/4864/338 2697/4864/338 2698/4864/338 2699/4864/338 
f 2700/4864/345 2701/4864/345 2702/4864/345 2703/4864/345 
f 2704/4864/345 2705/4864/345 2706/4864/345 2707/4864/345 
f 2708/4864/345 2709/4864/345 2710/4864/345 2711/4864/345 
f 2712/4864/345 2713/4864/345 2714/4864/345 2715/4864/345 
f 2716/4864/338 2717/4864/338 2718/4864/338 2719/4864/338 
f 2720/4864/338 2721/4864/338 2722/4864/338 2723/4864/338 
f 2724/4864/338 2725/4864/338 2726/4864/338 2727/4864/338 
f 2728/4864/338 2729/4864/338 2730/4864/338 2731/4864/338 
f 2732/4864/348 2733/4864/348 2734/4864/337 2735/4864/337 
f 2736/4864/339 2737/4864/339 2738/4864/347 2739/4864/347 
f 2740/4864/339 2741/4864/339 2742/4864/339 2743/4864/339 
f 2744/4864/339 2745/4864/339 2746/4864/339 2747/4864/339 
f 2748/4864/338 2749/4864/338 2750/4864/338 2751/4864/338 
f 2752/4864/338 2753/4864/338 2754/4864/338 2755/4864/338 
f 2756/4864/347 2757/4864/348 2758/4864/337 2759/4864/339 
f 2760/4864/339 2761/4864/339 2762/4864/347 2763/4864/347 
f 2764/4864/339 2765/4864/339 2766/4864/339 2767/4864/339 
f 2768/4864/339 2769/4864/339 2770/4864/339 2771/4864/339 
s 1
f 2772/4868/338 2773/4863/338 2774/4875/338 2775/4869/338 
f 2776/4870/338 2777/4871/338 2778/4874/338 2779/4867/338 
s 2
f 2780/4871/338 2781/4871/338 2782/4871/338 2783/4871/338 
f 2784/4871/338 2785/4871/338 2786/4871/338 2787/4871/338 
s off
f 2788/4873/336 2789/4874/336 2790/4874/336 2791/4873/336 
f 2792/4872/336 2793/4876/336 2794/4876/336 2795/4872/336 
f 2796/4873/336 2797/4874/336 2798/4874/336 2799/4873/336 
f 2800/4872/336 2801/4876/336 2802/4876/336 2803/4872/336 
f 2804/4873/338 2805/4874/338 2806/4874/338 2807/4873/338 
f 2808/4872/338 2809/4876/338 2810/4876/338 2811/4872/338 
f 2812/4873/338 2813/4874/338 2814/4874/338 2815/4873/338 
f 2816/4872/338 2817/4876/338 2818/4876/338 2819/4872/338 
f 2820/4873/338 2821/4874/338 2822/4874/338 2823/4873/338 
f 2824/4872/338 2825/4876/338 2826/4876/338 2827/4872/338 
f 2828/4872/336 2829/4876/336 2830/4876/336 2831/4872/336 
f 2832/4873/336 2833/4874/336 2834/4874/336 2835/4873/336 
f 2836/4874/336 2837/4874/336 2838/4874/336 2839/4874/336 
f 2840/4874/336 2841/4874/336 2842/4874/336 2843/4874/336 
f 2844/4874/337 2845/4874/337 2846/4874/337 2847/4874/337 
f 2848/4874/337 2849/4874/337 2850/4874/337 2851/4874/337 
f 2852/4864/349 2853/4864/349 2854/4864/349 2855/4864/349 
f 2856/4864/349 2857/4864/349 2858/4864/349 2859/4864/349 
f 2860/4864/349 2861/4864/349 2862/4864/349 2863/4864/349 
f 2864/4864/349 2865/4864/349 2866/4864/349 2867/4864/349 
f 2868/4864/349 2869/4864/349 2870/4864/349 2871/4864/349 
s 16
f 2872/4877/336 2873/4871/336 2874/4878/336 2875/4879/336 
f 2876/4877/336 2877/4871/336 2878/4878/336 2879/4879/336 
f 2880/4877/336 2881/4871/336 2882/4878/336 2883/4879/336 
f 2884/4877/336 2885/4871/336 2886/4878/336 2887/4879/336 
f 2888/4877/336 2889/4871/336 2890/4878/336 2891/4879/336 
f 2892/4877/336 2893/4871/336 2894/4878/336 2895/4879/336 
f 2896/4877/336 2897/4871/336 2898/4878/336 2899/4879/336 
f 2900/4877/336 2901/4871/336 2902/4878/336 2903/4879/336 
f 2904/4877/336 2905/4871/336 2906/4878/336 2907/4879/336 
f 2908/4877/336 2909/4871/336 2910/4878/336 2911/4879/336 
f 2912/4871/336 2913/4880/336 2914/4881/336 2915/4878/336 
f 2916/4879/336 2917/4882/336 2918/4883/336 2919/4877/336 
f 2920/4871/336 2921/4880/336 2922/4881/336 2923/4878/336 
f 2924/4879/336 2925/4882/336 2926/4883/336 2927/4877/336 
f 2928/4871/336 2929/4880/336 2930/4881/336 2931/4878/336 
f 2932/4879/336 2933/4882/336 2934/4883/336 2935/4877/336 
f 2936/4871/336 2937/4880/336 2938/4881/336 2939/4878/336 
f 2940/4879/336 2941/4882/336 2942/4883/336 2943/4877/336 
f 2944/4871/336 2945/4880/336 2946/4881/336 2947/4878/336 
f 2948/4879/336 2949/4882/336 2950/4883/336 2951/4877/336 
f 2952/4871/336 2953/4880/336 2954/4881/336 2955/4878/336 
f 2956/4879/336 2957/4882/336 2958/4883/336 2959/4877/336 
f 2960/4871/336 2961/4880/336 2962/4881/336 2963/4878/336 
f 2964/4879/336 2965/4882/336 2966/4883/336 2967/4877/336 
f 2968/4871/336 2969/4880/336 2970/4881/336 2971/4878/336 
f 2972/4879/336 2973/4882/336 2974/4883/336 2975/4877/336 
f 2976/4871/336 2977/4880/336 2978/4881/336 2979/4878/336 
f 2980/4879/336 2981/4882/336 2982/4883/336 2983/4877/336 
f 2984/4871/336 2985/4880/336 2986/4881/336 2987/4878/336 
f 2988/4879/336 2989/4882/336 2990/4883/336 2991/4877/336 
s off
f 2992/4871/336 2993/4871/336 2994/4871/336 2995/4871/336 
f 2996/4884/336 2997/4885/336 2998/4885/337 2999/4884/337 
f 3000/4871/336 3001/4871/336 3002/4871/336 3003/4871/336 
f 3004/4871/336 3005/4871/336 3006/4871/336 3007/4871/336 
f 3008/4871/336 3009/4871/336 3010/4871/336 3011/4871/336 
f 3012/4884/336 3013/4885/336 3014/4885/337 3015/4884/337 
f 3016/4871/336 3017/4871/336 3018/4871/336 3019/4871/336 
f 3020/4871/336 3021/4871/336 3022/4871/336 3023/4871/336 
f 3024/4871/338 3025/4871/338 3026/4871/338 3027/4871/338 
f 3028/4884/339 3029/4885/339 3030/4885/339 3031/4884/339 
f 3032/4871/338 3033/4871/338 3034/4871/338 3035/4871/338 
f 3036/4871/338 3037/4871/338 3038/4871/338 3039/4871/338 
f 3040/4871/338 3041/4871/338 3042/4871/338 3043/4871/338 
f 3044/4884/339 3045/4885/339 3046/4885/338 3047/4884/338 
f 3048/4871/338 3049/4871/338 3050/4871/338 3051/4871/338 
f 3052/4871/338 3053/4871/338 3054/4871/338 3055/4871/338 
f 3056/4871/338 3057/4871/338 3058/4871/338 3059/4871/338 
f 3060/4884/339 3061/4885/339 3062/4885/339 3063/4884/339 
f 3064/4871/338 3065/4871/338 3066/4871/339 3067/4871/339 
f 3068/4871/339 3069/4871/339 3070/4871/339 3071/4871/339 
f 3072/4871/336 3073/4871/336 3074/4871/336 3075/4871/336 
f 3076/4885/336 3077/4886/336 3078/4886/337 3079/4885/337 
f 3080/4884/337 3081/4871/337 3082/4871/336 3083/4884/336 
f 3084/4871/336 3085/4871/336 3086/4871/336 3087/4871/336 
f 3088/4871/336 3089/4871/336 3090/4871/336 3091/4871/336 
f 3092/4871/336 3093/4871/336 3094/4871/336 3095/4871/336 
f 3096/4871/336 3097/4871/336 3098/4871/336 3099/4871/336 
f 3100/4885/336 3101/4886/336 3102/4886/337 3103/4885/337 
f 3104/4884/337 3105/4871/337 3106/4871/336 3107/4884/336 
f 3108/4871/336 3109/4871/336 3110/4871/336 3111/4871/336 
f 3112/4871/336 3113/4871/336 3114/4871/336 3115/4871/336 
f 3116/4871/336 3117/4871/336 3118/4871/336 3119/4871/336 
f 3120/4871/338 3121/4871/338 3122/4871/338 3123/4871/338 
f 3124/4885/339 3125/4886/339 3126/4886/339 3127/4885/339 
f 3128/4884/339 3129/4871/339 3130/4871/339 3131/4884/339 
f 3132/4871/338 3133/4871/338 3134/4871/338 3135/4871/338 
f 3136/4871/338 3137/4871/338 3138/4871/338 3139/4871/338 
f 3140/4871/338 3141/4871/338 3142/4871/338 3143/4871/338 
f 3144/4871/338 3145/4871/338 3146/4871/338 3147/4871/338 
f 3148/4885/339 3149/4886/339 3150/4886/338 3151/4885/338 
f 3152/4884/338 3153/4871/338 3154/4871/339 3155/4884/339 
f 3156/4871/338 3157/4871/338 3158/4871/338 3159/4871/338 
f 3160/4871/338 3161/4871/338 3162/4871/338 3163/4871/338 
f 3164/4871/338 3165/4871/338 3166/4871/338 3167/4871/338 
f 3168/4871/338 3169/4871/338 3170/4871/338 3171/4871/338 
f 3172/4885/339 3173/4886/339 3174/4886/339 3175/4885/339 
f 3176/4884/339 3177/4871/339 3178/4871/339 3179/4884/339 
f 3180/4871/338 3181/4871/338 3182/4871/339 3183/4871/339 
f 3184/4871/338 3185/4871/338 3186/4871/339 3187/4871/339 
f 3188/4871/339 3189/4871/339 3190/4871/338 3191/4871/338 
f 3192/4875/350 3193/4875/350 3194/4875/350 3195/4875/350 
f 3196/4875/351 3197/4875/351 3198/4875/351 3199/4875/351 
f 3200/4875/351 3201/4875/351 3202/4875/351 3203/4875/351 
f 3204/4875/351 3205/4875/351 3206/4875/351 3207/4875/351 
f 3208/4875/351 3209/4875/351 3210/4875/351 3211/4875/351 
f 3212/4875/350 3213/4875/350 3214/4875/350 3215/4875/350 
f 3216/4875/351 3217/4875/351 3218/4875/351 3219/4875/351 
f 3220/4875/351 3221/4875/351 3222/4875/351 3223/4875/351 
f 3224/4875/351 3225/4875/351 3226/4875/351 3227/4875/351 
f 3228/4875/351 3229/4875/351 3230/4875/351 3231/4875/351 
s 2
f 3232/4883/352 3233/4883/352 3234/4883/352 3235/4883/352 
f 3236/4883/352 3237/4883/352 3238/4883/352 3239/4883/352 
f 3240/4883/352 3241/4883/352 3242/4883/352 3243/4883/352 
f 3244/4883/352 3245/4883/352 3246/4883/352 3247/4883/352 
f 3248/4882/352 3249/4882/352 3250/4887/352 3251/4887/352 
f 3252/4883/352 3253/4883/352 3254/4883/352 3255/4883/352 
f 3256/4883/352 3257/4883/352 3258/4883/352 3259/4883/352 
f 3260/4883/352 3261/4883/352 3262/4883/352 3263/4883/352 
f 3264/4883/352 3265/4883/352 3266/4883/352 3267/4883/352 
f 3268/4882/352 3269/4882/352 3270/4887/352 3271/4887/352 
f 3272/4883/352 3273/4883/352 3274/4883/352 3275/4883/352 
f 3276/4883/352 3277/4883/352 3278/4883/352 3279/4883/352 
f 3280/4883/352 3281/4883/352 3282/4883/352 3283/4883/352 
f 3284/4883/352 3285/4883/352 3286/4883/352 3287/4883/352 
f 3288/4882/352 3289/4882/352 3290/4887/352 3291/4887/352 
f 3292/4883/352 3293/4883/352 3294/4883/352 3295/4883/352 
f 3296/4883/352 3297/4883/352 3298/4883/352 3299/4883/352 
f 3300/4883/352 3301/4883/352 3302/4883/352 3303/4883/352 
f 3304/4883/352 3305/4883/352 3306/4883/352 3307/4883/352 
f 3308/4882/352 3309/4882/352 3310/4887/352 3311/4887/352 
f 3312/4888/352 3313/4889/352 3314/4890/352 3315/4891/352 
f 3316/4892/352 3317/4893/352 3318/4893/352 3319/4892/352 
f 3320/4883/352 3321/4883/352 3322/4883/352 3323/4883/352 
f 3324/4892/352 3325/4893/352 3326/4893/352 3327/4892/352 
f 3328/4883/352 3329/4883/352 3330/4883/352 3331/4883/352 
f 3332/4892/352 3333/4893/352 3334/4893/352 3335/4892/352 
f 3336/4883/352 3337/4883/352 3338/4883/352 3339/4883/352 
f 3340/4892/352 3341/4893/352 3342/4893/352 3343/4892/352 
f 3344/4883/352 3345/4883/352 3346/4883/352 3347/4883/352 
f 3348/4892/352 3349/4893/352 3350/4893/352 3351/4892/352 
f 3352/4883/352 3353/4883/352 3354/4883/352 3355/4883/352 
f 3356/4882/352 3357/4882/352 3358/4887/352 3359/4887/352 
s 4
f 3360/4883/353 3361/4883/353 3362/4883/353 3363/4883/353 
f 3364/4883/353 3365/4883/353 3366/4883/353 3367/4883/353 
f 3368/4883/353 3369/4883/353 3370/4883/353 3371/4883/353 
f 3372/4883/353 3373/4883/353 3374/4883/353 3375/4883/353 
f 3376/4882/354 3377/4882/354 3378/4887/354 3379/4887/354 
s 2
f 3380/4889/352 3381/4894/352 3382/4895/352 3383/4890/352 
f 3384/4891/352 3385/4858/352 3386/4878/352 3387/4888/352 
f 3388/4893/352 3389/4896/352 3390/4896/352 3391/4893/352 
f 3392/4892/352 3393/4897/352 3394/4897/352 3395/4892/352 
f 3396/4883/352 3397/4883/352 3398/4883/352 3399/4883/352 
f 3400/4883/352 3401/4883/352 3402/4883/352 3403/4883/352 
f 3404/4893/352 3405/4896/352 3406/4896/352 3407/4893/352 
f 3408/4892/352 3409/4897/352 3410/4897/352 3411/4892/352 
f 3412/4883/352 3413/4883/352 3414/4883/352 3415/4883/352 
f 3416/4883/352 3417/4883/352 3418/4883/352 3419/4883/352 
f 3420/4893/352 3421/4896/352 3422/4896/352 3423/4893/352 
f 3424/4892/352 3425/4897/352 3426/4897/352 3427/4892/352 
f 3428/4883/352 3429/4883/352 3430/4883/352 3431/4883/352 
f 3432/4883/352 3433/4883/352 3434/4883/352 3435/4883/352 
f 3436/4893/352 3437/4896/352 3438/4896/352 3439/4893/352 
f 3440/4892/352 3441/4897/352 3442/4897/352 3443/4892/352 
f 3444/4883/352 3445/4883/352 3446/4883/352 3447/4883/352 
f 3448/4883/352 3449/4883/352 3450/4883/352 3451/4883/352 
f 3452/4893/352 3453/4896/352 3454/4896/352 3455/4893/352 
f 3456/4892/352 3457/4897/352 3458/4897/352 3459/4892/352 
f 3460/4883/352 3461/4883/352 3462/4883/352 3463/4883/352 
f 3464/4883/352 3465/4883/352 3466/4883/352 3467/4883/352 
f 3468/4882/352 3469/4882/352 3470/4887/352 3471/4887/352 
f 3472/4887/352 3473/4887/352 3474/4882/352 3475/4882/352 
s 4
f 3476/4883/353 3477/4883/353 3478/4883/353 3479/4883/353 
f 3480/4883/353 3481/4883/353 3482/4883/353 3483/4883/353 
f 3484/4883/353 3485/4883/353 3486/4883/353 3487/4883/353 
f 3488/4883/353 3489/4883/353 3490/4883/353 3491/4883/353 
f 3492/4883/353 3493/4883/353 3494/4883/353 3495/4883/353 
f 3496/4883/353 3497/4883/353 3498/4883/353 3499/4883/353 
f 3500/4883/353 3501/4883/353 3502/4883/353 3503/4883/353 
f 3504/4883/353 3505/4883/353 3506/4883/353 3507/4883/353 
f 3508/4882/354 3509/4882/354 3510/4887/354 3511/4887/354 
f 3512/4887/354 3513/4887/354 3514/4882/354 3515/4882/354 
f 3516/4879/352 3517/4898/352 3518/4899/352 3519/4900/352 
f 3520/4901/352 3521/4902/352 3522/4902/352 3523/4901/352 
s 2
f 3524/4883/352 3525/4883/352 3526/4883/352 3527/4883/352 
s 4
f 3528/4901/352 3529/4902/352 3530/4902/352 3531/4901/352 
s 2
f 3532/4883/352 3533/4883/352 3534/4883/352 3535/4883/352 
s 4
f 3536/4901/352 3537/4902/352 3538/4902/352 3539/4901/352 
s 2
f 3540/4883/352 3541/4883/352 3542/4883/352 3543/4883/352 
s 4
f 3544/4901/352 3545/4902/352 3546/4902/352 3547/4901/352 
s 2
f 3548/4883/352 3549/4883/352 3550/4883/352 3551/4883/352 
s 4
f 3552/4901/352 3553/4902/352 3554/4902/352 3555/4901/352 
s 2
f 3556/4883/352 3557/4883/352 3558/4883/352 3559/4883/352 
f 3560/4887/352 3561/4882/352 3562/4882/352 3563/4887/352 
s 4
f 3564/4903/352 3565/4904/352 3566/4904/352 3567/4903/352 
f 3568/4903/352 3569/4904/352 3570/4904/352 3571/4903/352 
f 3572/4903/352 3573/4904/352 3574/4904/352 3575/4903/352 
f 3576/4903/352 3577/4904/352 3578/4904/352 3579/4903/352 
f 3580/4903/352 3581/4904/352 3582/4904/352 3583/4903/352 
f 3584/4905/352 3585/4906/352 3586/4907/352 3587/4908/352 
s 2
f 3588/4883/352 3589/4883/352 3590/4883/352 3591/4883/352 
f 3592/4883/352 3593/4883/352 3594/4883/352 3595/4883/352 
f 3596/4883/352 3597/4883/352 3598/4883/352 3599/4883/352 
f 3600/4883/352 3601/4883/352 3602/4883/352 3603/4883/352 
f 3604/4883/352 3605/4883/352 3606/4883/352 3607/4883/352 
f 3608/4882/352 3609/4882/352 3610/4887/352 3611/4887/352 
s 4
f 3612/4898/352 3613/4866/352 3614/4909/352 3615/4899/352 
f 3616/4902/352 3617/4887/352 3618/4887/352 3619/4902/352 
s 2
f 3620/4883/352 3621/4883/352 3622/4883/352 3623/4883/352 
s 4
f 3624/4902/352 3625/4887/352 3626/4887/352 3627/4902/352 
s 2
f 3628/4883/352 3629/4883/352 3630/4883/352 3631/4883/352 
s 4
f 3632/4902/352 3633/4887/352 3634/4887/352 3635/4902/352 
s 2
f 3636/4883/352 3637/4883/352 3638/4883/352 3639/4883/352 
s 4
f 3640/4902/352 3641/4887/352 3642/4887/352 3643/4902/352 
s 2
f 3644/4883/352 3645/4883/352 3646/4883/352 3647/4883/352 
s 4
f 3648/4902/352 3649/4887/352 3650/4887/352 3651/4902/352 
s 2
f 3652/4883/352 3653/4883/352 3654/4883/352 3655/4883/352 
f 3656/4882/352 3657/4882/352 3658/4887/352 3659/4887/352 
s 4
f 3660/4904/352 3661/4910/352 3662/4910/352 3663/4904/352 
f 3664/4904/352 3665/4910/352 3666/4910/352 3667/4904/352 
f 3668/4904/352 3669/4910/352 3670/4910/352 3671/4904/352 
f 3672/4904/352 3673/4910/352 3674/4910/352 3675/4904/352 
f 3676/4904/352 3677/4910/352 3678/4910/352 3679/4904/352 
f 3680/4906/352 3681/4911/352 3682/4912/352 3683/4907/352 
s 2
f 3684/4883/352 3685/4883/352 3686/4883/352 3687/4883/352 
f 3688/4883/352 3689/4883/352 3690/4883/352 3691/4883/352 
f 3692/4883/352 3693/4883/352 3694/4883/352 3695/4883/352 
f 3696/4883/352 3697/4883/352 3698/4883/352 3699/4883/352 
f 3700/4883/352 3701/4883/352 3702/4883/352 3703/4883/352 
f 3704/4882/352 3705/4882/352 3706/4887/352 3707/4887/352 
f 3708/4887/352 3709/4887/352 3710/4883/352 3711/4883/352 
f 3712/4887/352 3713/4887/352 3714/4883/352 3715/4883/352 
f 3716/4913/352 3717/4914/352 3718/4914/352 3719/4913/352 
f 3720/4915/352 3721/4916/352 3722/4916/352 3723/4915/352 
f 3724/4913/352 3725/4914/352 3726/4914/352 3727/4913/352 
f 3728/4915/352 3729/4916/352 3730/4916/352 3731/4915/352 
f 3732/4913/352 3733/4914/352 3734/4914/352 3735/4913/352 
f 3736/4915/352 3737/4916/352 3738/4916/352 3739/4915/352 
f 3740/4913/352 3741/4914/352 3742/4914/352 3743/4913/352 
f 3744/4915/352 3745/4916/352 3746/4916/352 3747/4915/352 
f 3748/4913/352 3749/4914/352 3750/4914/352 3751/4913/352 
f 3752/4915/352 3753/4916/352 3754/4916/352 3755/4915/352 
f 3756/4882/352 3757/4882/352 3758/4887/352 3759/4887/352 
f 3760/4882/352 3761/4882/352 3762/4887/352 3763/4887/352 
f 3764/4914/352 3765/4913/352 3766/4913/352 3767/4914/352 
f 3768/4916/352 3769/4915/352 3770/4915/352 3771/4916/352 
f 3772/4914/352 3773/4913/352 3774/4913/352 3775/4914/352 
f 3776/4916/352 3777/4915/352 3778/4915/352 3779/4916/352 
f 3780/4914/352 3781/4913/352 3782/4913/352 3783/4914/352 
f 3784/4916/352 3785/4915/352 3786/4915/352 3787/4916/352 
f 3788/4914/352 3789/4913/352 3790/4913/352 3791/4914/352 
f 3792/4916/352 3793/4915/352 3794/4915/352 3795/4916/352 
f 3796/4914/352 3797/4913/352 3798/4913/352 3799/4914/352 
f 3800/4916/352 3801/4915/352 3802/4915/352 3803/4916/352 
f 3804/4913/352 3805/4914/352 3806/4914/352 3807/4913/352 
f 3808/4915/352 3809/4916/352 3810/4916/352 3811/4915/352 
f 3812/4887/352 3813/4887/352 3814/4883/352 3815/4883/352 
f 3816/4883/352 3817/4883/352 3818/4887/352 3819/4887/352 
f 3820/4887/352 3821/4887/352 3822/4883/352 3823/4883/352 
f 3824/4883/352 3825/4883/352 3826/4887/352 3827/4887/352 
f 3828/4914/352 3829/4877/352 3830/4877/352 3831/4914/352 
f 3832/4913/352 3833/4880/352 3834/4880/352 3835/4913/352 
f 3836/4916/352 3837/4883/352 3838/4883/352 3839/4916/352 
f 3840/4915/352 3841/4879/352 3842/4879/352 3843/4915/352 
f 3844/4914/352 3845/4877/352 3846/4877/352 3847/4914/352 
f 3848/4913/352 3849/4880/352 3850/4880/352 3851/4913/352 
f 3852/4916/352 3853/4883/352 3854/4883/352 3855/4916/352 
f 3856/4915/352 3857/4879/352 3858/4879/352 3859/4915/352 
f 3860/4914/352 3861/4877/352 3862/4877/352 3863/4914/352 
f 3864/4913/352 3865/4880/352 3866/4880/352 3867/4913/352 
f 3868/4916/352 3869/4883/352 3870/4883/352 3871/4916/352 
f 3872/4915/352 3873/4879/352 3874/4879/352 3875/4915/352 
f 3876/4914/352 3877/4877/352 3878/4877/352 3879/4914/352 
f 3880/4913/352 3881/4880/352 3882/4880/352 3883/4913/352 
f 3884/4916/352 3885/4883/352 3886/4883/352 3887/4916/352 
f 3888/4915/352 3889/4879/352 3890/4879/352 3891/4915/352 
f 3892/4914/352 3893/4877/352 3894/4877/352 3895/4914/352 
f 3896/4913/352 3897/4880/352 3898/4880/352 3899/4913/352 
f 3900/4916/352 3901/4883/352 3902/4883/352 3903/4916/352 
f 3904/4915/352 3905/4879/352 3906/4879/352 3907/4915/352 
f 3908/4882/352 3909/4882/352 3910/4887/352 3911/4887/352 
f 3912/4887/352 3913/4887/352 3914/4882/352 3915/4882/352 
f 3916/4882/353 3917/4882/353 3918/4887/352 3919/4887/352 
f 3920/4887/352 3921/4887/352 3922/4882/352 3923/4882/352 
f 3924/4913/352 3925/4880/352 3926/4880/352 3927/4913/352 
f 3928/4914/352 3929/4877/352 3930/4877/352 3931/4914/352 
f 3932/4915/352 3933/4879/352 3934/4879/352 3935/4915/352 
f 3936/4916/352 3937/4883/352 3938/4883/352 3939/4916/352 
f 3940/4913/352 3941/4880/352 3942/4880/352 3943/4913/352 
f 3944/4914/352 3945/4877/352 3946/4877/352 3947/4914/352 
f 3948/4915/352 3949/4879/352 3950/4879/352 3951/4915/352 
f 3952/4916/352 3953/4883/352 3954/4883/352 3955/4916/352 
f 3956/4913/352 3957/4880/352 3958/4880/352 3959/4913/352 
f 3960/4914/352 3961/4877/352 3962/4877/352 3963/4914/352 
f 3964/4915/352 3965/4879/352 3966/4879/352 3967/4915/352 
f 3968/4916/352 3969/4883/352 3970/4883/352 3971/4916/352 
f 3972/4913/352 3973/4880/352 3974/4880/352 3975/4913/352 
f 3976/4914/352 3977/4877/352 3978/4877/352 3979/4914/352 
f 3980/4915/352 3981/4879/352 3982/4879/352 3983/4915/352 
f 3984/4916/352 3985/4883/352 3986/4883/352 3987/4916/352 
f 3988/4913/352 3989/4880/352 3990/4880/352 3991/4913/352 
f 3992/4914/352 3993/4877/352 3994/4877/352 3995/4914/352 
f 3996/4915/352 3997/4879/352 3998/4879/352 3999/4915/352 
f 4000/4916/352 4001/4883/352 4002/4883/352 4003/4916/352 
f 4004/4914/352 4005/4877/352 4006/4877/352 4007/4914/352 
f 4008/4913/352 4009/4880/352 4010/4880/352 4011/4913/352 
f 4012/4916/352 4013/4883/352 4014/4883/352 4015/4916/352 
f 4016/4915/352 4017/4879/352 4018/4879/352 4019/4915/352 
s off
f 4020/4917/355 4021/4877/355 4022/4877/355 4023/4917/355 
f 4024/4918/356 4025/4919/356 4026/4919/356 4027/4918/356 
f 4028/4871/350 4029/4871/350 4030/4871/350 4031/4871/350 
f 4032/4871/351 4033/4871/351 4034/4871/351 4035/4871/351 
f 4036/4871/351 4037/4871/351 4038/4871/351 4039/4871/351 
f 4040/4871/351 4041/4871/351 4042/4871/351 4043/4871/351 
f 4044/4871/351 4045/4871/351 4046/4871/351 4047/4871/351 
s 1
f 4048/4920/350 4049/4921/350 4050/4875/355 4051/4875/355 
s off
f 4052/4871/350 4053/4871/350 4054/4871/350 4055/4871/350 
f 4056/4871/351 4057/4871/351 4058/4871/351 4059/4871/351 
f 4060/4871/351 4061/4871/351 4062/4871/351 4063/4871/351 
f 4064/4871/351 4065/4871/351 4066/4871/351 4067/4871/351 
f 4068/4871/351 4069/4871/351 4070/4871/351 4071/4871/351 
s 1
f 4072/4921/350 4073/4922/350 4074/4875/355 4075/4875/355 
s 4
f 4076/4923/352 4077/4912/352 4078/4924/352 4079/4877/352 
f 4080/4925/352 4081/4882/352 4082/4883/352 4083/4926/352 
f 4084/4927/352 4085/4925/352 4086/4926/352 4087/4928/352 
f 4088/4912/352 4089/4927/352 4090/4928/352 4091/4924/352 
f 4092/4917/352 4093/4864/352 4094/4864/352 4095/4929/352 
f 4096/4877/352 4097/4917/352 4098/4929/352 4099/4923/352 
s 1
f 4100/4930/357 4101/4931/357 4102/4931/357 4103/4930/357 
f 4104/4932/357 4105/4869/357 4106/4869/357 4107/4932/357 
f 4108/4932/357 4109/4869/357 4110/4869/357 4111/4932/357 
f 4112/4932/358 4113/4869/358 4114/4869/359 4115/4932/359 
f 4116/4932/358 4117/4869/358 4118/4869/358 4119/4932/358 
f 4120/4931/357 4121/4933/357 4122/4933/357 4123/4931/357 
f 4124/4869/357 4125/4934/358 4126/4934/358 4127/4869/357 
f 4128/4869/357 4129/4934/358 4130/4934/358 4131/4869/357 
f 4132/4869/358 4133/4934/358 4134/4934/358 4135/4869/358 
f 4136/4869/358 4137/4934/358 4138/4934/359 4139/4869/359 
s 3
f 4140/4935/357 4141/4936/358 4142/4937/357 4143/4935/357 
f 4144/4938/358 4145/4939/358 4146/4939/358 4147/4938/358 
f 4148/4938/358 4149/4939/358 4150/4939/358 4151/4938/358 
f 4152/4938/359 4153/4939/359 4154/4939/358 4155/4938/358 
f 4156/4938/359 4157/4939/359 4158/4939/358 4159/4938/358 
f 4160/4940/359 4161/4941/359 4162/4942/359 4163/4943/359 
f 4164/4944/359 4165/4945/359 4166/4946/359 4167/4947/359 
f 4168/4883/358 4169/4883/358 4170/4948/359 4171/4880/359 
f 4172/4883/358 4173/4883/358 4174/4949/358 4175/4877/358 
f 4176/4950/359 4177/4951/359 4178/4952/359 4179/4953/359 
f 4180/4936/358 4181/4954/358 4182/4954/358 4183/4937/357 
f 4184/4939/358 4185/4955/358 4186/4955/358 4187/4939/358 
f 4188/4939/358 4189/4955/358 4190/4955/358 4191/4939/358 
f 4192/4939/359 4193/4955/359 4194/4955/358 4195/4939/358 
f 4196/4939/359 4197/4955/359 4198/4955/358 4199/4939/358 
f 4200/4941/359 4201/4908/359 4202/4905/359 4203/4942/359 
f 4204/4945/359 4205/4928/359 4206/4956/358 4207/4946/358 
f 4208/4883/359 4209/4883/359 4210/4871/358 4211/4948/358 
f 4212/4883/359 4213/4883/359 4214/4957/358 4215/4949/358 
f 4216/4951/359 4217/4887/359 4218/4958/359 4219/4952/359 
# 489 polygons

#
# object obj_03
#

v  15.6026 17.5000 -16.1776
v  15.6026 17.5000 -16.4776
v  15.9026 17.5000 -16.4776
v  15.9026 17.5000 -16.1776
v  15.6026 20.7500 -16.1776
v  15.9026 20.7500 -16.1776
v  15.9026 20.7500 -16.4776
v  15.6026 20.7500 -16.4776
v  15.6026 17.5000 -11.7095
v  15.6026 17.5000 -12.0095
v  15.9026 17.5000 -12.0095
v  15.9026 17.5000 -11.7095
v  15.6026 20.7500 -11.7095
v  15.9026 20.7500 -11.7095
v  15.9026 20.7500 -12.0095
v  15.6026 20.7500 -12.0095
v  15.6026 17.5000 -7.2853
v  15.6026 17.5000 -7.5853
v  15.9026 17.5000 -7.5853
v  15.9026 17.5000 -7.2853
v  15.6026 20.7500 -7.2853
v  15.9026 20.7500 -7.2853
v  15.9026 20.7500 -7.5853
v  15.6026 20.7500 -7.5853
v  15.6026 17.5000 -1.8121
v  15.6026 17.5000 -2.1121
v  15.9026 17.5000 -2.1121
v  15.9026 17.5000 -1.8121
v  15.6026 20.7500 -1.8121
v  15.9026 20.7500 -1.8121
v  15.9026 20.7500 -2.1121
v  15.6026 20.7500 -2.1121
v  15.6026 17.5000 2.5905
v  15.6026 17.5000 2.2905
v  15.9026 17.5000 2.2905
v  15.9026 17.5000 2.5905
v  15.6026 20.7500 2.5905
v  15.9026 20.7500 2.5905
v  15.9026 20.7500 2.2905
v  15.6026 20.7500 2.2905
v  15.6026 17.5000 7.2905
v  15.6026 17.5000 6.9905
v  15.9026 17.5000 6.9905
v  15.9026 17.5000 7.2905
v  15.6026 20.7500 7.2905
v  15.9026 20.7500 7.2905
v  15.9026 20.7500 6.9905
v  15.6026 20.7500 6.9905
v  15.6026 17.5000 11.7147
v  15.6026 17.5000 11.4147
v  15.9026 17.5000 11.4147
v  15.9026 17.5000 11.7147
v  15.6026 20.7500 11.7147
v  15.9026 20.7500 11.7147
v  15.9026 20.7500 11.4147
v  15.6026 20.7500 11.4147
v  15.6026 17.5000 17.1879
v  15.6026 17.5000 16.8879
v  15.9026 17.5000 16.8879
v  15.9026 17.5000 17.1879
v  15.6026 20.7500 17.1879
v  15.9026 20.7500 17.1879
v  15.9026 20.7500 16.8879
v  15.6026 20.7500 16.8879
v  15.6026 17.5000 21.5905
v  15.6026 17.5000 21.2905
v  15.9026 17.5000 21.2905
v  15.9026 17.5000 21.5905
v  15.6026 20.7500 21.5905
v  15.9026 20.7500 21.5905
v  15.9026 20.7500 21.2905
v  15.6026 20.7500 21.2905
v  15.6026 17.5000 26.2905
v  15.6026 17.5000 25.9905
v  15.9026 17.5000 25.9905
v  15.9026 17.5000 26.2905
v  15.6026 20.7500 26.2905
v  15.9026 20.7500 26.2905
v  15.9026 20.7500 25.9905
v  15.6026 20.7500 25.9905
v  11.1990 17.5000 31.0746
v  11.1990 17.5000 30.7746
v  11.4990 17.5000 30.7746
v  11.4990 17.5000 31.0746
v  11.1990 20.7500 31.0746
v  11.4990 20.7500 31.0746
v  11.4990 20.7500 30.7746
v  11.1990 20.7500 30.7746
v  15.6026 17.5000 31.0746
v  15.6026 17.5000 30.7746
v  15.9026 17.5000 30.7746
v  15.9026 17.5000 31.0746
v  15.6026 20.7500 31.0746
v  15.9026 20.7500 31.0746
v  15.9026 20.7500 30.7746
v  15.6026 20.7500 30.7746
v  6.4993 17.5000 31.0746
v  6.4993 17.5000 30.7746
v  6.7993 17.5000 30.7746
v  6.7993 17.5000 31.0746
v  6.4993 20.7500 31.0746
v  6.7993 20.7500 31.0746
v  6.7993 20.7500 30.7746
v  6.4993 20.7500 30.7746
v  1.7861 17.5000 31.0746
v  1.7861 17.5000 30.7746
v  2.0861 17.5000 30.7746
v  2.0861 17.5000 31.0746
v  1.7861 20.7500 31.0746
v  2.0861 20.7500 31.0746
v  2.0861 20.7500 30.7746
v  1.7861 20.7500 30.7746
# 112 vertices

vn -0.5774 -0.5774 0.5774
vn -0.5774 -0.5774 -0.5774
vn 0.5774 -0.5774 -0.5774
vn 0.5774 -0.5774 0.5774
vn -0.5774 0.5774 0.5774
vn 0.5774 0.5774 0.5774
vn 0.5774 0.5774 -0.5774
vn -0.5774 0.5774 -0.5774
# 8 vertex normals

vt 0.6500 18.3500 -11.6000
vt 0.6500 18.6500 -11.6000
vt 0.3500 18.6500 -11.6000
vt 0.3500 18.3500 -11.6000
vt 0.3500 18.3500 -8.3500
vt 0.6500 18.3500 -8.3500
vt 0.6500 18.6500 -8.3500
vt 0.3500 18.6500 -8.3500
vt 0.3500 -11.6000 18.3500
vt 0.6500 -11.6000 18.3500
vt 0.6500 -8.3500 18.3500
vt 0.3500 -8.3500 18.3500
vt 18.3500 -11.6000 0.6500
vt 18.6500 -11.6000 0.6500
vt 18.6500 -8.3500 0.6500
vt 18.3500 -8.3500 0.6500
vt 0.3500 -11.6000 18.6500
vt 0.6500 -11.6000 18.6500
vt 0.6500 -8.3500 18.6500
vt 0.3500 -8.3500 18.6500
vt -17.6500 -11.6000 0.3500
vt -17.3500 -11.6000 0.3500
vt -17.3500 -8.3500 0.3500
vt -17.6500 -8.3500 0.3500
vt 0.6500 13.6500 -11.6000
vt 0.6500 13.9500 -11.6000
vt 0.3500 13.9500 -11.6000
vt 0.3500 13.6500 -11.6000
vt 0.3500 13.6500 -8.3500
vt 0.6500 13.6500 -8.3500
vt 0.6500 13.9500 -8.3500
vt 0.3500 13.9500 -8.3500
vt 0.3500 -11.6000 13.6500
vt 0.6500 -11.6000 13.6500
vt 0.6500 -8.3500 13.6500
vt 0.3500 -8.3500 13.6500
vt 13.6500 -11.6000 0.6500
vt 13.9500 -11.6000 0.6500
vt 13.9500 -8.3500 0.6500
vt 13.6500 -8.3500 0.6500
vt 0.3500 -11.6000 13.9500
vt 0.6500 -11.6000 13.9500
vt 0.6500 -8.3500 13.9500
vt 0.3500 -8.3500 13.9500
vt -12.9500 -11.6000 0.3500
vt -12.6500 -11.6000 0.3500
vt -12.6500 -8.3500 0.3500
vt -12.9500 -8.3500 0.3500
vt 0.6500 9.0500 -11.6000
vt 0.6500 9.3500 -11.6000
vt 0.3500 9.3500 -11.6000
vt 0.3500 9.0500 -11.6000
vt 0.3500 9.0500 -8.3500
vt 0.6500 9.0500 -8.3500
vt 0.6500 9.3500 -8.3500
vt 0.3500 9.3500 -8.3500
vt 0.3500 -11.6000 9.0500
vt 0.6500 -11.6000 9.0500
vt 0.6500 -8.3500 9.0500
vt 0.3500 -8.3500 9.0500
vt 9.0500 -11.6000 0.6500
vt 9.3500 -11.6000 0.6500
vt 9.3500 -8.3500 0.6500
vt 9.0500 -8.3500 0.6500
vt 0.3500 -11.6000 9.3500
vt 0.6500 -11.6000 9.3500
vt 0.6500 -8.3500 9.3500
vt 0.3500 -8.3500 9.3500
vt -8.3500 -11.6000 0.3500
vt -8.0500 -11.6000 0.3500
vt -8.0500 -8.3500 0.3500
vt -8.3500 -8.3500 0.3500
vt 0.6500 3.9500 -11.6000
vt 0.6500 4.2500 -11.6000
vt 0.3500 4.2500 -11.6000
vt 0.3500 3.9500 -11.6000
vt 0.3500 3.9500 -8.3500
vt 0.6500 3.9500 -8.3500
vt 0.6500 4.2500 -8.3500
vt 0.3500 4.2500 -8.3500
vt 0.3500 -11.6000 3.9500
vt 0.6500 -11.6000 3.9500
vt 0.6500 -8.3500 3.9500
vt 0.3500 -8.3500 3.9500
vt 3.9500 -11.6000 0.6500
vt 4.2500 -11.6000 0.6500
vt 4.2500 -8.3500 0.6500
vt 3.9500 -8.3500 0.6500
vt 0.3500 -11.6000 4.2500
vt 0.6500 -11.6000 4.2500
vt 0.6500 -8.3500 4.2500
vt 0.3500 -8.3500 4.2500
vt -3.2500 -11.6000 0.3500
vt -2.9500 -11.6000 0.3500
vt -2.9500 -8.3500 0.3500
vt -3.2500 -8.3500 0.3500
vt 0.6500 -0.6500 -11.6000
vt 0.6500 -0.3500 -11.6000
vt 0.3500 -0.3500 -11.6000
vt 0.3500 -0.6500 -11.6000
vt 0.3500 -0.6500 -8.3500
vt 0.6500 -0.6500 -8.3500
vt 0.6500 -0.3500 -8.3500
vt 0.3500 -0.3500 -8.3500
vt 0.3500 -11.6000 -0.6500
vt 0.6500 -11.6000 -0.6500
vt 0.6500 -8.3500 -0.6500
vt 0.3500 -8.3500 -0.6500
vt -0.6500 -11.6000 0.6500
vt -0.3500 -11.6000 0.6500
vt -0.3500 -8.3500 0.6500
vt -0.6500 -8.3500 0.6500
vt 0.3500 -11.6000 -0.3500
vt 0.6500 -11.6000 -0.3500
vt 0.6500 -8.3500 -0.3500
vt 0.3500 -8.3500 -0.3500
vt 1.3500 -11.6000 0.3500
vt 1.6500 -11.6000 0.3500
vt 1.6500 -8.3500 0.3500
vt 1.3500 -8.3500 0.3500
vt 0.6500 -5.3500 -11.6000
vt 0.6500 -5.0500 -11.6000
vt 0.3500 -5.0500 -11.6000
vt 0.3500 -5.3500 -11.6000
vt 0.3500 -5.3500 -8.3500
vt 0.6500 -5.3500 -8.3500
vt 0.6500 -5.0500 -8.3500
vt 0.3500 -5.0500 -8.3500
vt 0.3500 -11.6000 -5.3500
vt 0.6500 -11.6000 -5.3500
vt 0.6500 -8.3500 -5.3500
vt 0.3500 -8.3500 -5.3500
vt -5.3500 -11.6000 0.6500
vt -5.0500 -11.6000 0.6500
vt -5.0500 -8.3500 0.6500
vt -5.3500 -8.3500 0.6500
vt 0.3500 -11.6000 -5.0500
vt 0.6500 -11.6000 -5.0500
vt 0.6500 -8.3500 -5.0500
vt 0.3500 -8.3500 -5.0500
vt 6.0500 -11.6000 0.3500
vt 6.3500 -11.6000 0.3500
vt 6.3500 -8.3500 0.3500
vt 6.0500 -8.3500 0.3500
vt 0.6500 -9.9500 -11.6000
vt 0.6500 -9.6500 -11.6000
vt 0.3500 -9.6500 -11.6000
vt 0.3500 -9.9500 -11.6000
vt 0.3500 -9.9500 -8.3500
vt 0.6500 -9.9500 -8.3500
vt 0.6500 -9.6500 -8.3500
vt 0.3500 -9.6500 -8.3500
vt 0.3500 -11.6000 -9.9500
vt 0.6500 -11.6000 -9.9500
vt 0.6500 -8.3500 -9.9500
vt 0.3500 -8.3500 -9.9500
vt -9.9500 -11.6000 0.6500
vt -9.6500 -11.6000 0.6500
vt -9.6500 -8.3500 0.6500
vt -9.9500 -8.3500 0.6500
vt 0.3500 -11.6000 -9.6500
vt 0.6500 -11.6000 -9.6500
vt 0.6500 -8.3500 -9.6500
vt 0.3500 -8.3500 -9.6500
vt 10.6500 -11.6000 0.3500
vt 10.9500 -11.6000 0.3500
vt 10.9500 -8.3500 0.3500
vt 10.6500 -8.3500 0.3500
vt 0.6500 -15.0500 -11.6000
vt 0.6500 -14.7500 -11.6000
vt 0.3500 -14.7500 -11.6000
vt 0.3500 -15.0500 -11.6000
vt 0.3500 -15.0500 -8.3500
vt 0.6500 -15.0500 -8.3500
vt 0.6500 -14.7500 -8.3500
vt 0.3500 -14.7500 -8.3500
vt 0.3500 -11.6000 -15.0500
vt 0.6500 -11.6000 -15.0500
vt 0.6500 -8.3500 -15.0500
vt 0.3500 -8.3500 -15.0500
vt -15.0500 -11.6000 0.6500
vt -14.7500 -11.6000 0.6500
vt -14.7500 -8.3500 0.6500
vt -15.0500 -8.3500 0.6500
vt 0.3500 -11.6000 -14.7500
vt 0.6500 -11.6000 -14.7500
vt 0.6500 -8.3500 -14.7500
vt 0.3500 -8.3500 -14.7500
vt 15.7500 -11.6000 0.3500
vt 16.0500 -11.6000 0.3500
vt 16.0500 -8.3500 0.3500
vt 15.7500 -8.3500 0.3500
vt 0.6500 -19.6500 -11.6000
vt 0.6500 -19.3500 -11.6000
vt 0.3500 -19.3500 -11.6000
vt 0.3500 -19.6500 -11.6000
vt 0.3500 -19.6500 -8.3500
vt 0.6500 -19.6500 -8.3500
vt 0.6500 -19.3500 -8.3500
vt 0.3500 -19.3500 -8.3500
vt 0.3500 -11.6000 -19.6500
vt 0.6500 -11.6000 -19.6500
vt 0.6500 -8.3500 -19.6500
vt 0.3500 -8.3500 -19.6500
vt -19.6500 -11.6000 0.6500
vt -19.3500 -11.6000 0.6500
vt -19.3500 -8.3500 0.6500
vt -19.6500 -8.3500 0.6500
vt 0.3500 -11.6000 -19.3500
vt 0.6500 -11.6000 -19.3500
vt 0.6500 -8.3500 -19.3500
vt 0.3500 -8.3500 -19.3500
vt 20.3500 -11.6000 0.3500
vt 20.6500 -11.6000 0.3500
vt 20.6500 -8.3500 0.3500
vt 20.3500 -8.3500 0.3500
vt 0.6500 -24.3500 -11.6000
vt 0.6500 -24.0500 -11.6000
vt 0.3500 -24.0500 -11.6000
vt 0.3500 -24.3500 -11.6000
vt 0.3500 -24.3500 -8.3500
vt 0.6500 -24.3500 -8.3500
vt 0.6500 -24.0500 -8.3500
vt 0.3500 -24.0500 -8.3500
vt 0.3500 -11.6000 -24.3500
vt 0.6500 -11.6000 -24.3500
vt 0.6500 -8.3500 -24.3500
vt 0.3500 -8.3500 -24.3500
vt -24.3500 -11.6000 0.6500
vt -24.0500 -11.6000 0.6500
vt -24.0500 -8.3500 0.6500
vt -24.3500 -8.3500 0.6500
vt 0.3500 -11.6000 -24.0500
vt 0.6500 -11.6000 -24.0500
vt 0.6500 -8.3500 -24.0500
vt 0.3500 -8.3500 -24.0500
vt 25.0500 -11.6000 0.3500
vt 25.3500 -11.6000 0.3500
vt 25.3500 -8.3500 0.3500
vt 25.0500 -8.3500 0.3500
vt 0.6500 -29.3500 -11.6000
vt 0.6500 -29.0500 -11.6000
vt 0.3500 -29.0500 -11.6000
vt 0.3500 -29.3500 -11.6000
vt 0.3500 -29.3500 -8.3500
vt 0.6500 -29.3500 -8.3500
vt 0.6500 -29.0500 -8.3500
vt 0.3500 -29.0500 -8.3500
vt 0.3500 -11.6000 -29.3500
vt 0.6500 -11.6000 -29.3500
vt 0.6500 -8.3500 -29.3500
vt 0.3500 -8.3500 -29.3500
vt -29.3500 -11.6000 0.6500
vt -29.0500 -11.6000 0.6500
vt -29.0500 -8.3500 0.6500
vt -29.3500 -8.3500 0.6500
vt 0.3500 -11.6000 -29.0500
vt 0.6500 -11.6000 -29.0500
vt 0.6500 -8.3500 -29.0500
vt 0.3500 -8.3500 -29.0500
vt 30.0500 -11.6000 0.3500
vt 30.3500 -11.6000 0.3500
vt 30.3500 -8.3500 0.3500
vt 30.0500 -8.3500 0.3500
# 264 texture coords

o obj_03
g obj_03
usemtl wire_115115115
s 2
f 4220/4959/360 4221/4960/361 4222/4961/362 4223/4962/363 
s 4
f 4224/4963/364 4225/4964/365 4226/4965/366 4227/4966/367 
s 8
f 4220/4967/360 4223/4968/363 4225/4969/365 4224/4970/364 
s 16
f 4223/4971/363 4222/4972/362 4226/4973/366 4225/4974/365 
s 32
f 4222/4975/362 4221/4976/361 4227/4977/367 4226/4978/366 
s 64
f 4221/4979/361 4220/4980/360 4224/4981/364 4227/4982/367 
s 2
f 4228/4983/360 4229/4984/361 4230/4985/362 4231/4986/363 
s 4
f 4232/4987/364 4233/4988/365 4234/4989/366 4235/4990/367 
s 8
f 4228/4991/360 4231/4992/363 4233/4993/365 4232/4994/364 
s 16
f 4231/4995/363 4230/4996/362 4234/4997/366 4233/4998/365 
s 32
f 4230/4999/362 4229/5000/361 4235/5001/367 4234/5002/366 
s 64
f 4229/5003/361 4228/5004/360 4232/5005/364 4235/5006/367 
s 2
f 4236/5007/360 4237/5008/361 4238/5009/362 4239/5010/363 
s 4
f 4240/5011/364 4241/5012/365 4242/5013/366 4243/5014/367 
s 8
f 4236/5015/360 4239/5016/363 4241/5017/365 4240/5018/364 
s 16
f 4239/5019/363 4238/5020/362 4242/5021/366 4241/5022/365 
s 32
f 4238/5023/362 4237/5024/361 4243/5025/367 4242/5026/366 
s 64
f 4237/5027/361 4236/5028/360 4240/5029/364 4243/5030/367 
s 2
f 4244/5031/360 4245/5032/361 4246/5033/362 4247/5034/363 
s 4
f 4248/5035/364 4249/5036/365 4250/5037/366 4251/5038/367 
s 8
f 4244/5039/360 4247/5040/363 4249/5041/365 4248/5042/364 
s 16
f 4247/5043/363 4246/5044/362 4250/5045/366 4249/5046/365 
s 32
f 4246/5047/362 4245/5048/361 4251/5049/367 4250/5050/366 
s 64
f 4245/5051/361 4244/5052/360 4248/5053/364 4251/5054/367 
s 2
f 4252/5055/360 4253/5056/361 4254/5057/362 4255/5058/363 
s 4
f 4256/5059/364 4257/5060/365 4258/5061/366 4259/5062/367 
s 8
f 4252/5063/360 4255/5064/363 4257/5065/365 4256/5066/364 
s 16
f 4255/5067/363 4254/5068/362 4258/5069/366 4257/5070/365 
s 32
f 4254/5071/362 4253/5072/361 4259/5073/367 4258/5074/366 
s 64
f 4253/5075/361 4252/5076/360 4256/5077/364 4259/5078/367 
s 2
f 4260/5079/360 4261/5080/361 4262/5081/362 4263/5082/363 
s 4
f 4264/5083/364 4265/5084/365 4266/5085/366 4267/5086/367 
s 8
f 4260/5087/360 4263/5088/363 4265/5089/365 4264/5090/364 
s 16
f 4263/5091/363 4262/5092/362 4266/5093/366 4265/5094/365 
s 32
f 4262/5095/362 4261/5096/361 4267/5097/367 4266/5098/366 
s 64
f 4261/5099/361 4260/5100/360 4264/5101/364 4267/5102/367 
s 2
f 4268/5103/360 4269/5104/361 4270/5105/362 4271/5106/363 
s 4
f 4272/5107/364 4273/5108/365 4274/5109/366 4275/5110/367 
s 8
f 4268/5111/360 4271/5112/363 4273/5113/365 4272/5114/364 
s 16
f 4271/5115/363 4270/5116/362 4274/5117/366 4273/5118/365 
s 32
f 4270/5119/362 4269/5120/361 4275/5121/367 4274/5122/366 
s 64
f 4269/5123/361 4268/5124/360 4272/5125/364 4275/5126/367 
s 2
f 4276/5127/360 4277/5128/361 4278/5129/362 4279/5130/363 
s 4
f 4280/5131/364 4281/5132/365 4282/5133/366 4283/5134/367 
s 8
f 4276/5135/360 4279/5136/363 4281/5137/365 4280/5138/364 
s 16
f 4279/5139/363 4278/5140/362 4282/5141/366 4281/5142/365 
s 32
f 4278/5143/362 4277/5144/361 4283/5145/367 4282/5146/366 
s 64
f 4277/5147/361 4276/5148/360 4280/5149/364 4283/5150/367 
s 2
f 4284/5151/360 4285/5152/361 4286/5153/362 4287/5154/363 
s 4
f 4288/5155/364 4289/5156/365 4290/5157/366 4291/5158/367 
s 8
f 4284/5159/360 4287/5160/363 4289/5161/365 4288/5162/364 
s 16
f 4287/5163/363 4286/5164/362 4290/5165/366 4289/5166/365 
s 32
f 4286/5167/362 4285/5168/361 4291/5169/367 4290/5170/366 
s 64
f 4285/5171/361 4284/5172/360 4288/5173/364 4291/5174/367 
s 2
f 4292/5175/360 4293/5176/361 4294/5177/362 4295/5178/363 
s 4
f 4296/5179/364 4297/5180/365 4298/5181/366 4299/5182/367 
s 8
f 4292/5183/360 4295/5184/363 4297/5185/365 4296/5186/364 
s 16
f 4295/5187/363 4294/5188/362 4298/5189/366 4297/5190/365 
s 32
f 4294/5191/362 4293/5192/361 4299/5193/367 4298/5194/366 
s 64
f 4293/5195/361 4292/5196/360 4296/5197/364 4299/5198/367 
s 2
f 4300/5199/360 4301/5200/361 4302/5201/362 4303/5202/363 
s 4
f 4304/5203/364 4305/5204/365 4306/5205/366 4307/5206/367 
s 8
f 4300/5207/360 4303/5208/363 4305/5209/365 4304/5210/364 
s 16
f 4303/5211/363 4302/5212/362 4306/5213/366 4305/5214/365 
s 32
f 4302/5215/362 4301/5216/361 4307/5217/367 4306/5218/366 
s 64
f 4301/5219/361 4300/5220/360 4304/5221/364 4307/5222/367 
s 2
f 4308/5199/360 4309/5200/361 4310/5201/362 4311/5202/363 
s 4
f 4312/5203/364 4313/5204/365 4314/5205/366 4315/5206/367 
s 8
f 4308/5207/360 4311/5208/363 4313/5209/365 4312/5210/364 
s 16
f 4311/5211/363 4310/5212/362 4314/5213/366 4313/5214/365 
s 32
f 4310/5215/362 4309/5216/361 4315/5217/367 4314/5218/366 
s 64
f 4309/5219/361 4308/5220/360 4312/5221/364 4315/5222/367 
s 2
f 4316/5199/360 4317/5200/361 4318/5201/362 4319/5202/363 
s 4
f 4320/5203/364 4321/5204/365 4322/5205/366 4323/5206/367 
s 8
f 4316/5207/360 4319/5208/363 4321/5209/365 4320/5210/364 
s 16
f 4319/5211/363 4318/5212/362 4322/5213/366 4321/5214/365 
s 32
f 4318/5215/362 4317/5216/361 4323/5217/367 4322/5218/366 
s 64
f 4317/5219/361 4316/5220/360 4320/5221/364 4323/5222/367 
s 2
f 4324/5199/360 4325/5200/361 4326/5201/362 4327/5202/363 
s 4
f 4328/5203/364 4329/5204/365 4330/5205/366 4331/5206/367 
s 8
f 4324/5207/360 4327/5208/363 4329/5209/365 4328/5210/364 
s 16
f 4327/5211/363 4326/5212/362 4330/5213/366 4329/5214/365 
s 32
f 4326/5215/362 4325/5216/361 4331/5217/367 4330/5218/366 
s 64
f 4325/5219/361 4324/5220/360 4328/5221/364 4331/5222/367 
# 84 polygons

#
# object obj_04
#

v  14.4993 -0.0000 19.8571
v  14.4993 -0.0000 18.4237
v  14.4993 0.0500 18.4737
v  14.4993 0.0500 19.8071
v  14.4993 3.2500 18.4237
v  14.4993 3.2000 18.4737
v  14.4993 3.2500 19.8571
v  14.4993 3.2000 19.8071
v  14.4992 3.5000 19.8572
v  14.4992 3.5000 18.4238
v  14.4992 3.5500 18.4738
v  14.4992 3.5500 19.8072
v  14.4992 6.7500 18.4238
v  14.4992 6.7000 18.4738
v  14.4992 6.7500 19.8572
v  14.4992 6.7000 19.8072
v  14.4992 7.0000 19.8573
v  14.4992 7.0000 18.4239
v  14.4992 7.0500 18.4739
v  14.4992 7.0500 19.8073
v  14.4992 10.2500 18.4239
v  14.4992 10.2000 18.4739
v  14.4992 10.2500 19.8573
v  14.4992 10.2000 19.8073
v  14.4992 10.5000 19.8574
v  14.4992 10.5000 18.4240
v  14.4992 10.5500 18.4740
v  14.4992 10.5500 19.8074
v  14.4992 13.7500 18.4240
v  14.4992 13.7000 18.4740
v  14.4992 13.7500 19.8574
v  14.4992 13.7000 19.8074
v  14.4992 14.0000 19.8575
v  14.4992 14.0000 18.4241
v  14.4992 14.0500 18.4741
v  14.4992 14.0500 19.8075
v  14.4992 17.2500 18.4241
v  14.4992 17.2000 18.4741
v  14.4992 17.2500 19.8575
v  14.4992 17.2000 19.8075
v  14.4993 -0.0000 0.8568
v  14.4993 -0.0000 -0.5766
v  14.4993 0.0500 -0.5266
v  14.4993 0.0500 0.8068
v  14.4993 3.2500 -0.5766
v  14.4993 3.2000 -0.5266
v  14.4993 3.2500 0.8568
v  14.4993 3.2000 0.8068
v  14.4993 3.5000 0.8569
v  14.4993 3.5000 -0.5765
v  14.4993 3.5500 -0.5265
v  14.4993 3.5500 0.8069
v  14.4993 6.7500 -0.5765
v  14.4993 6.7000 -0.5265
v  14.4993 6.7500 0.8569
v  14.4993 6.7000 0.8069
v  14.4993 7.0000 0.8570
v  14.4993 7.0000 -0.5764
v  14.4993 7.0500 -0.5264
v  14.4993 7.0500 0.8070
v  14.4993 10.2500 -0.5764
v  14.4993 10.2000 -0.5264
v  14.4993 10.2500 0.8570
v  14.4993 10.2000 0.8070
v  14.4993 10.5000 0.8571
v  14.4993 10.5000 -0.5763
v  14.4993 10.5500 -0.5263
v  14.4993 10.5500 0.8071
v  14.4993 13.7500 -0.5763
v  14.4993 13.7000 -0.5263
v  14.4993 13.7500 0.8571
v  14.4993 13.7000 0.8071
v  14.4993 14.0000 0.8572
v  14.4993 14.0000 -0.5762
v  14.4993 14.0500 -0.5262
v  14.4993 14.0500 0.8072
v  14.4993 17.2500 -0.5762
v  14.4993 17.2000 -0.5262
v  14.4993 17.2500 0.8572
v  14.4993 17.2000 0.8072
v  14.4993 -0.0000 16.9904
v  14.4993 0.0500 17.0404
v  14.4993 0.0500 18.3737
v  14.4993 3.2500 16.9904
v  14.4993 3.2000 17.0404
v  14.4993 3.2000 18.3737
v  14.4993 3.2500 21.2904
v  14.4993 3.2000 21.2404
v  14.4993 3.2000 19.9071
v  14.4993 -0.0000 21.2904
v  14.4993 0.0500 21.2404
v  14.4993 0.0500 19.9071
v  14.4992 3.5000 16.9905
v  14.4992 3.5500 17.0405
v  14.4992 3.5500 18.3738
v  14.4992 6.7500 16.9905
v  14.4992 6.7000 17.0405
v  14.4992 6.7000 18.3738
v  14.4992 6.7500 21.2905
v  14.4992 6.7000 21.2405
v  14.4992 6.7000 19.9072
v  14.4992 3.5000 21.2905
v  14.4992 3.5500 21.2405
v  14.4992 3.5500 19.9072
v  14.4992 7.0000 16.9906
v  14.4992 7.0500 17.0406
v  14.4992 7.0500 18.3739
v  14.4992 10.2500 16.9906
v  14.4992 10.2000 17.0406
v  14.4992 10.2000 18.3739
v  14.4992 10.2500 21.2906
v  14.4992 10.2000 21.2406
v  14.4992 10.2000 19.9073
v  14.4992 7.0000 21.2906
v  14.4992 7.0500 21.2406
v  14.4992 7.0500 19.9073
v  14.4992 10.5000 16.9907
v  14.4992 10.5500 17.0407
v  14.4992 10.5500 18.3740
v  14.4992 13.7500 16.9907
v  14.4992 13.7000 17.0407
v  14.4992 13.7000 18.3740
v  14.4992 13.7500 21.2907
v  14.4992 13.7000 21.2407
v  14.4992 13.7000 19.9074
v  14.4992 10.5000 21.2907
v  14.4992 10.5500 21.2407
v  14.4992 10.5500 19.9074
v  14.4992 14.0000 16.9908
v  14.4992 14.0500 17.0408
v  14.4992 14.0500 18.3741
v  14.4992 17.2500 16.9908
v  14.4992 17.2000 17.0408
v  14.4992 17.2000 18.3741
v  14.4992 17.2500 21.2908
v  14.4992 17.2000 21.2408
v  14.4992 17.2000 19.9075
v  14.4992 14.0000 21.2908
v  14.4992 14.0500 21.2408
v  14.4992 14.0500 19.9075
v  14.4993 -0.0000 -2.0099
v  14.4993 0.0500 -1.9599
v  14.4993 0.0500 -0.6266
v  14.4993 3.2500 -2.0099
v  14.4993 3.2000 -1.9599
v  14.4993 3.2000 -0.6266
v  14.4993 3.2500 2.2901
v  14.4993 3.2000 2.2401
v  14.4993 3.2000 0.9068
v  14.4993 -0.0000 2.2901
v  14.4993 0.0500 2.2401
v  14.4993 0.0500 0.9068
v  14.4993 3.5000 -2.0098
v  14.4993 3.5500 -1.9598
v  14.4993 3.5500 -0.6265
v  14.4993 6.7500 -2.0098
v  14.4993 6.7000 -1.9598
v  14.4993 6.7000 -0.6265
v  14.4993 6.7500 2.2902
v  14.4993 6.7000 2.2402
v  14.4993 6.7000 0.9069
v  14.4993 3.5000 2.2902
v  14.4993 3.5500 2.2402
v  14.4993 3.5500 0.9069
v  14.4993 7.0000 -2.0098
v  14.4993 7.0500 -1.9598
v  14.4993 7.0500 -0.6264
v  14.4993 10.2500 -2.0098
v  14.4993 10.2000 -1.9598
v  14.4993 10.2000 -0.6264
v  14.4993 10.2500 2.2903
v  14.4993 10.2000 2.2403
v  14.4993 10.2000 0.9070
v  14.4993 7.0000 2.2903
v  14.4993 7.0500 2.2403
v  14.4993 7.0500 0.9070
v  14.4993 10.5000 -2.0097
v  14.4993 10.5500 -1.9597
v  14.4993 10.5500 -0.6263
v  14.4993 13.7500 -2.0097
v  14.4993 13.7000 -1.9597
v  14.4993 13.7000 -0.6263
v  14.4993 13.7500 2.2904
v  14.4993 13.7000 2.2404
v  14.4993 13.7000 0.9071
v  14.4993 10.5000 2.2904
v  14.4993 10.5500 2.2404
v  14.4993 10.5500 0.9071
v  14.4993 14.0000 -2.0096
v  14.4993 14.0500 -1.9596
v  14.4993 14.0500 -0.6262
v  14.4993 17.2500 -2.0096
v  14.4993 17.2000 -1.9596
v  14.4993 17.2000 -0.6262
v  14.4993 17.2500 2.2905
v  14.4993 17.2000 2.2405
v  14.4993 17.2000 0.9072
v  14.4993 14.0000 2.2905
v  14.4993 14.0500 2.2405
v  14.4993 14.0500 0.9072
v  14.4493 0.0500 18.4737
v  14.4493 0.0500 19.8071
v  14.4493 3.2000 18.4737
v  14.4493 3.2000 19.8071
v  14.4492 3.5500 18.4738
v  14.4492 3.5500 19.8072
v  14.4492 6.7000 18.4738
v  14.4492 6.7000 19.8072
v  14.4492 7.0500 18.4739
v  14.4492 7.0500 19.8073
v  14.4492 10.2000 18.4739
v  14.4492 10.2000 19.8073
v  14.4492 10.5500 18.4740
v  14.4492 10.5500 19.8074
v  14.4492 13.7000 18.4740
v  14.4492 13.7000 19.8074
v  14.4492 14.0500 18.4741
v  14.4492 14.0500 19.8075
v  14.4492 17.2000 18.4741
v  14.4492 17.2000 19.8075
v  14.4493 0.0500 -0.5266
v  14.4493 0.0500 0.8068
v  14.4493 3.2000 -0.5266
v  14.4493 3.2000 0.8068
v  14.4493 3.5500 -0.5265
v  14.4493 3.5500 0.8069
v  14.4493 6.7000 -0.5265
v  14.4493 6.7000 0.8069
v  14.4493 7.0500 -0.5264
v  14.4493 7.0500 0.8070
v  14.4493 10.2000 -0.5264
v  14.4493 10.2000 0.8070
v  14.4493 10.5500 -0.5263
v  14.4493 10.5500 0.8071
v  14.4493 13.7000 -0.5263
v  14.4493 13.7000 0.8071
v  14.4493 14.0500 -0.5262
v  14.4493 14.0500 0.8072
v  14.4493 17.2000 -0.5262
v  14.4493 17.2000 0.8072
v  14.4493 0.0500 17.0404
v  14.4493 0.0500 18.3737
v  14.4493 3.2000 17.0404
v  14.4493 3.2000 18.3737
v  14.4493 3.2000 21.2404
v  14.4493 3.2000 19.9071
v  14.4493 0.0500 21.2404
v  14.4493 0.0500 19.9071
v  14.4492 3.5500 17.0405
v  14.4492 3.5500 18.3738
v  14.4492 6.7000 17.0405
v  14.4492 6.7000 18.3738
v  14.4492 6.7000 21.2405
v  14.4492 6.7000 19.9072
v  14.4492 3.5500 21.2405
v  14.4492 3.5500 19.9072
v  14.4492 7.0500 17.0406
v  14.4492 7.0500 18.3739
v  14.4492 10.2000 17.0406
v  14.4492 10.2000 18.3739
v  14.4492 10.2000 21.2406
v  14.4492 10.2000 19.9073
v  14.4492 7.0500 21.2406
v  14.4492 7.0500 19.9073
v  14.4492 10.5500 17.0407
v  14.4492 10.5500 18.3740
v  14.4492 13.7000 17.0407
v  14.4492 13.7000 18.3740
v  14.4492 13.7000 21.2407
v  14.4492 13.7000 19.9074
v  14.4492 10.5500 21.2407
v  14.4492 10.5500 19.9074
v  14.4492 14.0500 17.0408
v  14.4492 14.0500 18.3741
v  14.4492 17.2000 17.0408
v  14.4492 17.2000 18.3741
v  14.4492 17.2000 21.2408
v  14.4492 17.2000 19.9075
v  14.4492 14.0500 21.2408
v  14.4492 14.0500 19.9075
v  14.4493 0.0500 -1.9599
v  14.4493 0.0500 -0.6266
v  14.4493 3.2000 -1.9599
v  14.4493 3.2000 -0.6266
v  14.4493 3.2000 2.2401
v  14.4493 3.2000 0.9068
v  14.4493 0.0500 2.2401
v  14.4493 0.0500 0.9068
v  14.4493 3.5500 -1.9598
v  14.4493 3.5500 -0.6265
v  14.4493 6.7000 -1.9598
v  14.4493 6.7000 -0.6265
v  14.4493 6.7000 2.2402
v  14.4493 6.7000 0.9069
v  14.4493 3.5500 2.2402
v  14.4493 3.5500 0.9069
v  14.4493 7.0500 -1.9598
v  14.4493 7.0500 -0.6264
v  14.4493 10.2000 -1.9598
v  14.4493 10.2000 -0.6264
v  14.4493 10.2000 2.2403
v  14.4493 10.2000 0.9070
v  14.4493 7.0500 2.2403
v  14.4493 7.0500 0.9070
v  14.4493 10.5500 -1.9597
v  14.4493 10.5500 -0.6263
v  14.4493 13.7000 -1.9597
v  14.4493 13.7000 -0.6263
v  14.4493 13.7000 2.2404
v  14.4493 13.7000 0.9071
v  14.4493 10.5500 2.2404
v  14.4493 10.5500 0.9071
v  14.4493 14.0500 -1.9596
v  14.4493 14.0500 -0.6262
v  14.4493 17.2000 -1.9596
v  14.4493 17.2000 -0.6262
v  14.4493 17.2000 2.2405
v  14.4493 17.2000 0.9072
v  14.4493 14.0500 2.2405
v  14.4493 14.0500 0.9072
v  16.1993 17.2500 3.5404
v  16.1993 17.2500 4.7904
v  16.1993 17.2000 4.7404
v  16.1993 17.2000 3.5904
v  16.1993 14.0300 4.7904
v  16.1993 14.0800 4.7404
v  16.1993 14.0300 3.5404
v  16.1993 14.0800 3.5904
v  16.1993 17.2500 8.4404
v  16.1993 17.2500 9.5904
v  16.1993 17.2000 9.5404
v  16.1993 17.2000 8.4904
v  16.1993 14.0000 9.5904
v  16.1993 14.0500 9.5404
v  16.1993 14.0000 8.4404
v  16.1993 14.0500 8.4904
v  16.1993 17.2500 22.5404
v  16.1993 17.2500 23.7904
v  16.1993 17.2000 23.7404
v  16.1993 17.2000 22.5904
v  16.1993 14.0300 23.7904
v  16.1993 14.0800 23.7404
v  16.1993 14.0300 22.5404
v  16.1993 14.0800 22.5904
v  16.1993 17.2500 27.5404
v  16.1993 17.2500 28.7904
v  16.1993 17.2000 28.7404
v  16.1993 17.2000 27.5904
v  16.1993 14.0000 28.7904
v  16.1993 14.0500 28.7404
v  16.1993 14.0000 27.5404
v  16.1993 14.0500 27.5904
v  16.1993 13.7500 3.5404
v  16.1993 13.7500 4.7904
v  16.1993 13.7000 4.7404
v  16.1993 13.7000 3.5904
v  16.1993 10.5300 4.7904
v  16.1993 10.5800 4.7404
v  16.1993 10.5300 3.5404
v  16.1993 10.5800 3.5904
v  16.1993 13.7500 8.4404
v  16.1993 13.7500 9.5904
v  16.1993 13.7000 9.5404
v  16.1993 13.7000 8.4904
v  16.1993 10.5000 9.5904
v  16.1993 10.5500 9.5404
v  16.1993 10.5000 8.4404
v  16.1993 10.5500 8.4904
v  16.1993 13.7500 22.5404
v  16.1993 13.7500 23.7904
v  16.1993 13.7000 23.7404
v  16.1993 13.7000 22.5904
v  16.1993 10.5300 23.7904
v  16.1993 10.5800 23.7404
v  16.1993 10.5300 22.5404
v  16.1993 10.5800 22.5904
v  16.1993 13.7500 27.5404
v  16.1993 13.7500 28.7904
v  16.1993 13.7000 28.7404
v  16.1993 13.7000 27.5904
v  16.1993 10.5000 28.7904
v  16.1993 10.5500 28.7404
v  16.1993 10.5000 27.5404
v  16.1993 10.5500 27.5904
v  16.1993 10.2500 3.5404
v  16.1993 10.2500 4.7904
v  16.1993 10.2000 4.7404
v  16.1993 10.2000 3.5904
v  16.1993 7.0300 4.7904
v  16.1993 7.0800 4.7404
v  16.1993 7.0300 3.5404
v  16.1993 7.0800 3.5904
v  16.1993 10.2500 8.4404
v  16.1993 10.2500 9.5904
v  16.1993 10.2000 9.5404
v  16.1993 10.2000 8.4904
v  16.1993 7.0000 9.5904
v  16.1993 7.0500 9.5404
v  16.1993 7.0000 8.4404
v  16.1993 7.0500 8.4904
v  16.1993 10.2500 22.5404
v  16.1993 10.2500 23.7904
v  16.1993 10.2000 23.7404
v  16.1993 10.2000 22.5904
v  16.1993 7.0300 23.7904
v  16.1993 7.0800 23.7404
v  16.1993 7.0300 22.5404
v  16.1993 7.0800 22.5904
v  16.1993 10.2500 27.5404
v  16.1993 10.2500 28.7904
v  16.1993 10.2000 28.7404
v  16.1993 10.2000 27.5904
v  16.1993 7.0000 28.7904
v  16.1993 7.0500 28.7404
v  16.1993 7.0000 27.5404
v  16.1993 7.0500 27.5904
v  16.1993 6.7500 3.5404
v  16.1993 6.7500 4.7904
v  16.1993 6.7000 4.7404
v  16.1993 6.7000 3.5904
v  16.1993 3.5300 4.7904
v  16.1993 3.5800 4.7404
v  16.1993 3.5300 3.5404
v  16.1993 3.5800 3.5904
v  16.1993 6.7500 8.4404
v  16.1993 6.7500 9.5904
v  16.1993 6.7000 9.5404
v  16.1993 6.7000 8.4904
v  16.1993 3.5000 9.5904
v  16.1993 3.5500 9.5404
v  16.1993 3.5000 8.4404
v  16.1993 3.5500 8.4904
v  16.1993 6.7500 22.5404
v  16.1993 6.7500 23.7904
v  16.1993 6.7000 23.7404
v  16.1993 6.7000 22.5904
v  16.1993 3.5300 23.7904
v  16.1993 3.5800 23.7404
v  16.1993 3.5300 22.5404
v  16.1993 3.5800 22.5904
v  16.1993 6.7500 27.5404
v  16.1993 6.7500 28.7904
v  16.1993 6.7000 28.7404
v  16.1993 6.7000 27.5904
v  16.1993 3.5000 28.7904
v  16.1993 3.5500 28.7404
v  16.1993 3.5000 27.5404
v  16.1993 3.5500 27.5904
v  16.1993 3.2500 3.5404
v  16.1993 3.2500 4.7904
v  16.1993 3.2000 4.7404
v  16.1993 3.2000 3.5904
v  16.1993 -0.0000 4.7904
v  16.1993 0.0500 4.7404
v  16.1993 -0.0000 3.5404
v  16.1993 0.0500 3.5904
v  16.1993 3.2500 8.4404
v  16.1993 3.2500 9.5904
v  16.1993 3.2000 9.5404
v  16.1993 3.2000 8.4904
v  16.1993 -0.0000 9.5904
v  16.1993 0.0500 9.5404
v  16.1993 -0.0000 8.4404
v  16.1993 0.0500 8.4904
v  16.1993 3.2500 22.5404
v  16.1993 3.2500 23.7904
v  16.1993 3.2000 23.7404
v  16.1993 3.2000 22.5904
v  16.1993 -0.0000 23.7904
v  16.1993 0.0500 23.7404
v  16.1993 -0.0000 22.5404
v  16.1993 0.0500 22.5904
v  16.1993 3.2500 27.5404
v  16.1993 3.2500 28.7904
v  16.1993 3.2000 28.7404
v  16.1993 3.2000 27.5904
v  16.1993 -0.0000 28.7904
v  16.1993 0.0500 28.7404
v  16.1993 -0.0000 27.5404
v  16.1993 0.0500 27.5904
v  16.1993 17.2500 6.0404
v  16.1993 17.2000 5.9904
v  16.1993 17.2000 4.8404
v  16.1993 14.0300 6.0404
v  16.1993 14.0800 5.9904
v  16.1993 14.0800 4.8404
v  16.1993 17.2500 10.7404
v  16.1993 17.2000 10.6904
v  16.1993 17.2000 9.6404
v  16.1993 14.0000 10.7404
v  16.1993 14.0500 10.6904
v  16.1993 14.0500 9.6404
v  16.1993 14.0000 7.2904
v  16.1993 14.0500 7.3404
v  16.1993 14.0500 8.3904
v  16.1993 17.2500 7.2904
v  16.1993 17.2000 7.3404
v  16.1993 17.2000 8.3904
v  16.1993 17.2500 25.0404
v  16.1993 17.2000 24.9904
v  16.1993 17.2000 23.8404
v  16.1993 14.0300 25.0404
v  16.1993 14.0800 24.9904
v  16.1993 14.0800 23.8404
v  16.1993 17.2500 30.0404
v  16.1993 17.2000 29.9904
v  16.1993 17.2000 28.8404
v  16.1993 14.0000 30.0404
v  16.1993 14.0500 29.9904
v  16.1993 14.0500 28.8404
v  16.1993 14.0000 26.2904
v  16.1993 14.0500 26.3404
v  16.1993 14.0500 27.4904
v  16.1993 17.2500 26.2904
v  16.1993 17.2000 26.3404
v  16.1993 17.2000 27.4904
v  16.1993 13.7500 6.0404
v  16.1993 13.7000 5.9904
v  16.1993 13.7000 4.8404
v  16.1993 10.5300 6.0404
v  16.1993 10.5800 5.9904
v  16.1993 10.5800 4.8404
v  16.1993 13.7500 10.7404
v  16.1993 13.7000 10.6904
v  16.1993 13.7000 9.6404
v  16.1993 10.5000 10.7404
v  16.1993 10.5500 10.6904
v  16.1993 10.5500 9.6404
v  16.1993 10.5000 7.2904
v  16.1993 10.5500 7.3404
v  16.1993 10.5500 8.3904
v  16.1993 13.7500 7.2904
v  16.1993 13.7000 7.3404
v  16.1993 13.7000 8.3904
v  16.1993 13.7500 25.0404
v  16.1993 13.7000 24.9904
v  16.1993 13.7000 23.8404
v  16.1993 10.5300 25.0404
v  16.1993 10.5800 24.9904
v  16.1993 10.5800 23.8404
v  16.1993 13.7500 30.0404
v  16.1993 13.7000 29.9904
v  16.1993 13.7000 28.8404
v  16.1993 10.5000 30.0404
v  16.1993 10.5500 29.9904
v  16.1993 10.5500 28.8404
v  16.1993 10.5000 26.2904
v  16.1993 10.5500 26.3404
v  16.1993 10.5500 27.4904
v  16.1993 13.7500 26.2904
v  16.1993 13.7000 26.3404
v  16.1993 13.7000 27.4904
v  16.1993 10.2500 6.0404
v  16.1993 10.2000 5.9904
v  16.1993 10.2000 4.8404
v  16.1993 7.0300 6.0404
v  16.1993 7.0800 5.9904
v  16.1993 7.0800 4.8404
v  16.1993 10.2500 10.7404
v  16.1993 10.2000 10.6904
v  16.1993 10.2000 9.6404
v  16.1993 7.0000 10.7404
v  16.1993 7.0500 10.6904
v  16.1993 7.0500 9.6404
v  16.1993 7.0000 7.2904
v  16.1993 7.0500 7.3404
v  16.1993 7.0500 8.3904
v  16.1993 10.2500 7.2904
v  16.1993 10.2000 7.3404
v  16.1993 10.2000 8.3904
v  16.1993 10.2500 25.0404
v  16.1993 10.2000 24.9904
v  16.1993 10.2000 23.8404
v  16.1993 7.0300 25.0404
v  16.1993 7.0800 24.9904
v  16.1993 7.0800 23.8404
v  16.1993 10.2500 30.0404
v  16.1993 10.2000 29.9904
v  16.1993 10.2000 28.8404
v  16.1993 7.0000 30.0404
v  16.1993 7.0500 29.9904
v  16.1993 7.0500 28.8404
v  16.1993 7.0000 26.2904
v  16.1993 7.0500 26.3404
v  16.1993 7.0500 27.4904
v  16.1993 10.2500 26.2904
v  16.1993 10.2000 26.3404
v  16.1993 10.2000 27.4904
v  16.1993 6.7500 6.0404
v  16.1993 6.7000 5.9904
v  16.1993 6.7000 4.8404
v  16.1993 3.5300 6.0404
v  16.1993 3.5800 5.9904
v  16.1993 3.5800 4.8404
v  16.1993 6.7500 10.7404
v  16.1993 6.7000 10.6904
v  16.1993 6.7000 9.6404
v  16.1993 3.5000 10.7404
v  16.1993 3.5500 10.6904
v  16.1993 3.5500 9.6404
v  16.1993 3.5000 7.2904
v  16.1993 3.5500 7.3404
v  16.1993 3.5500 8.3904
v  16.1993 6.7500 7.2904
v  16.1993 6.7000 7.3404
v  16.1993 6.7000 8.3904
v  16.1993 6.7500 25.0404
v  16.1993 6.7000 24.9904
v  16.1993 6.7000 23.8404
v  16.1993 3.5300 25.0404
v  16.1993 3.5800 24.9904
v  16.1993 3.5800 23.8404
v  16.1993 6.7500 30.0404
v  16.1993 6.7000 29.9904
v  16.1993 6.7000 28.8404
v  16.1993 3.5000 30.0404
v  16.1993 3.5500 29.9904
v  16.1993 3.5500 28.8404
v  16.1993 3.5000 26.2904
v  16.1993 3.5500 26.3404
v  16.1993 3.5500 27.4904
v  16.1993 6.7500 26.2904
v  16.1993 6.7000 26.3404
v  16.1993 6.7000 27.4904
v  16.1993 3.2500 6.0404
v  16.1993 3.2000 5.9904
v  16.1993 3.2000 4.8404
v  16.1993 -0.0000 6.0404
v  16.1993 0.0500 5.9904
v  16.1993 0.0500 4.8404
v  16.1993 3.2500 10.7404
v  16.1993 3.2000 10.6904
v  16.1993 3.2000 9.6404
v  16.1993 -0.0000 10.7404
v  16.1993 0.0500 10.6904
v  16.1993 0.0500 9.6404
v  16.1993 -0.0000 7.2904
v  16.1993 0.0500 7.3404
v  16.1993 0.0500 8.3904
v  16.1993 3.2500 7.2904
v  16.1993 3.2000 7.3404
v  16.1993 3.2000 8.3904
v  16.1993 3.2500 25.0404
v  16.1993 3.2000 24.9904
v  16.1993 3.2000 23.8404
v  16.1993 -0.0000 25.0404
v  16.1993 0.0500 24.9904
v  16.1993 0.0500 23.8404
v  16.1993 3.2500 30.0404
v  16.1993 3.2000 29.9904
v  16.1993 3.2000 28.8404
v  16.1993 -0.0000 30.0404
v  16.1993 0.0500 29.9904
v  16.1993 0.0500 28.8404
v  16.1993 -0.0000 26.2904
v  16.1993 0.0500 26.3404
v  16.1993 0.0500 27.4904
v  16.1993 3.2500 26.2904
v  16.1993 3.2000 26.3404
v  16.1993 3.2000 27.4904
v  16.1493 17.2000 4.7404
v  16.1493 17.2000 3.5904
v  16.1493 14.0800 4.7404
v  16.1493 14.0800 3.5904
v  16.1493 17.2000 9.5404
v  16.1493 17.2000 8.4904
v  16.1493 14.0500 9.5404
v  16.1493 14.0500 8.4904
v  16.1493 17.2000 23.7404
v  16.1493 17.2000 22.5904
v  16.1493 14.0800 23.7404
v  16.1493 14.0800 22.5904
v  16.1493 17.2000 28.7404
v  16.1493 17.2000 27.5904
v  16.1493 14.0500 28.7404
v  16.1493 14.0500 27.5904
v  16.1493 13.7000 4.7404
v  16.1493 13.7000 3.5904
v  16.1493 10.5800 4.7404
v  16.1493 10.5800 3.5904
v  16.1493 13.7000 9.5404
v  16.1493 13.7000 8.4904
v  16.1493 10.5500 9.5404
v  16.1493 10.5500 8.4904
v  16.1493 13.7000 23.7404
v  16.1493 13.7000 22.5904
v  16.1493 10.5800 23.7404
v  16.1493 10.5800 22.5904
v  16.1493 13.7000 28.7404
v  16.1493 13.7000 27.5904
v  16.1493 10.5500 28.7404
v  16.1493 10.5500 27.5904
v  16.1493 10.2000 4.7404
v  16.1493 10.2000 3.5904
v  16.1493 7.0800 4.7404
v  16.1493 7.0800 3.5904
v  16.1493 10.2000 9.5404
v  16.1493 10.2000 8.4904
v  16.1493 7.0500 9.5404
v  16.1493 7.0500 8.4904
v  16.1493 10.2000 23.7404
v  16.1493 10.2000 22.5904
v  16.1493 7.0800 23.7404
v  16.1493 7.0800 22.5904
v  16.1493 10.2000 28.7404
v  16.1493 10.2000 27.5904
v  16.1493 7.0500 28.7404
v  16.1493 7.0500 27.5904
v  16.1493 6.7000 4.7404
v  16.1493 6.7000 3.5904
v  16.1493 3.5800 4.7404
v  16.1493 3.5800 3.5904
v  16.1493 6.7000 9.5404
v  16.1493 6.7000 8.4904
v  16.1493 3.5500 9.5404
v  16.1493 3.5500 8.4904
v  16.1493 6.7000 23.7404
v  16.1493 6.7000 22.5904
v  16.1493 3.5800 23.7404
v  16.1493 3.5800 22.5904
v  16.1493 6.7000 28.7404
v  16.1493 6.7000 27.5904
v  16.1493 3.5500 28.7404
v  16.1493 3.5500 27.5904
v  16.1493 3.2000 4.7404
v  16.1493 3.2000 3.5904
v  16.1493 0.0500 4.7404
v  16.1493 0.0500 3.5904
v  16.1493 3.2000 9.5404
v  16.1493 3.2000 8.4904
v  16.1493 0.0500 9.5404
v  16.1493 0.0500 8.4904
v  16.1493 3.2000 23.7404
v  16.1493 3.2000 22.5904
v  16.1493 0.0500 23.7404
v  16.1493 0.0500 22.5904
v  16.1493 3.2000 28.7404
v  16.1493 3.2000 27.5904
v  16.1493 0.0500 28.7404
v  16.1493 0.0500 27.5904
v  16.1493 17.2000 5.9904
v  16.1493 17.2000 4.8404
v  16.1493 14.0800 5.9904
v  16.1493 14.0800 4.8404
v  16.1493 17.2000 10.6904
v  16.1493 17.2000 9.6404
v  16.1493 14.0500 10.6904
v  16.1493 14.0500 9.6404
v  16.1493 14.0500 7.3404
v  16.1493 14.0500 8.3904
v  16.1493 17.2000 7.3404
v  16.1493 17.2000 8.3904
v  16.1493 17.2000 24.9904
v  16.1493 17.2000 23.8404
v  16.1493 14.0800 24.9904
v  16.1493 14.0800 23.8404
v  16.1493 17.2000 29.9904
v  16.1493 17.2000 28.8404
v  16.1493 14.0500 29.9904
v  16.1493 14.0500 28.8404
v  16.1493 14.0500 26.3404
v  16.1493 14.0500 27.4904
v  16.1493 17.2000 26.3404
v  16.1493 17.2000 27.4904
v  16.1493 13.7000 5.9904
v  16.1493 13.7000 4.8404
v  16.1493 10.5800 5.9904
v  16.1493 10.5800 4.8404
v  16.1493 13.7000 10.6904
v  16.1493 13.7000 9.6404
v  16.1493 10.5500 10.6904
v  16.1493 10.5500 9.6404
v  16.1493 10.5500 7.3404
v  16.1493 10.5500 8.3904
v  16.1493 13.7000 7.3404
v  16.1493 13.7000 8.3904
v  16.1493 13.7000 24.9904
v  16.1493 13.7000 23.8404
v  16.1493 10.5800 24.9904
v  16.1493 10.5800 23.8404
v  16.1493 13.7000 29.9904
v  16.1493 13.7000 28.8404
v  16.1493 10.5500 29.9904
v  16.1493 10.5500 28.8404
v  16.1493 10.5500 26.3404
v  16.1493 10.5500 27.4904
v  16.1493 13.7000 26.3404
v  16.1493 13.7000 27.4904
v  16.1493 10.2000 5.9904
v  16.1493 10.2000 4.8404
v  16.1493 7.0800 5.9904
v  16.1493 7.0800 4.8404
v  16.1493 10.2000 10.6904
v  16.1493 10.2000 9.6404
v  16.1493 7.0500 10.6904
v  16.1493 7.0500 9.6404
v  16.1493 7.0500 7.3404
v  16.1493 7.0500 8.3904
v  16.1493 10.2000 7.3404
v  16.1493 10.2000 8.3904
v  16.1493 10.2000 24.9904
v  16.1493 10.2000 23.8404
v  16.1493 7.0800 24.9904
v  16.1493 7.0800 23.8404
v  16.1493 10.2000 29.9904
v  16.1493 10.2000 28.8404
v  16.1493 7.0500 29.9904
v  16.1493 7.0500 28.8404
v  16.1493 7.0500 26.3404
v  16.1493 7.0500 27.4904
v  16.1493 10.2000 26.3404
v  16.1493 10.2000 27.4904
v  16.1493 6.7000 5.9904
v  16.1493 6.7000 4.8404
v  16.1493 3.5800 5.9904
v  16.1493 3.5800 4.8404
v  16.1493 6.7000 10.6904
v  16.1493 6.7000 9.6404
v  16.1493 3.5500 10.6904
v  16.1493 3.5500 9.6404
v  16.1493 3.5500 7.3404
v  16.1493 3.5500 8.3904
v  16.1493 6.7000 7.3404
v  16.1493 6.7000 8.3904
v  16.1493 6.7000 24.9904
v  16.1493 6.7000 23.8404
v  16.1493 3.5800 24.9904
v  16.1493 3.5800 23.8404
v  16.1493 6.7000 29.9904
v  16.1493 6.7000 28.8404
v  16.1493 3.5500 29.9904
v  16.1493 3.5500 28.8404
v  16.1493 3.5500 26.3404
v  16.1493 3.5500 27.4904
v  16.1493 6.7000 26.3404
v  16.1493 6.7000 27.4904
v  16.1493 3.2000 5.9904
v  16.1493 3.2000 4.8404
v  16.1493 0.0500 5.9904
v  16.1493 0.0500 4.8404
v  16.1493 3.2000 10.6904
v  16.1493 3.2000 9.6404
v  16.1493 0.0500 10.6904
v  16.1493 0.0500 9.6404
v  16.1493 0.0500 7.3404
v  16.1493 0.0500 8.3904
v  16.1493 3.2000 7.3404
v  16.1493 3.2000 8.3904
v  16.1493 3.2000 24.9904
v  16.1493 3.2000 23.8404
v  16.1493 0.0500 24.9904
v  16.1493 0.0500 23.8404
v  16.1493 3.2000 29.9904
v  16.1493 3.2000 28.8404
v  16.1493 0.0500 29.9904
v  16.1493 0.0500 28.8404
v  16.1493 0.0500 26.3404
v  16.1493 0.0500 27.4904
v  16.1493 3.2000 26.3404
v  16.1493 3.2000 27.4904
v  11.1993 23.7500 -5.3762
v  11.1993 23.7500 -4.0429
v  11.1993 23.7000 -4.0929
v  11.1993 23.7000 -5.3262
v  11.1993 21.0000 -4.0429
v  11.1993 21.0500 -4.0929
v  11.1993 21.0000 -5.3762
v  11.1993 21.0500 -5.3262
v  11.1993 23.7500 13.6238
v  11.1993 23.7500 14.9571
v  11.1993 23.7000 14.9071
v  11.1993 23.7000 13.6738
v  11.1993 21.0000 14.9571
v  11.1993 21.0500 14.9071
v  11.1993 21.0000 13.6238
v  11.1993 21.0500 13.6738
v  11.1993 20.9500 -4.0929
v  11.1993 20.9500 -5.3262
v  11.1993 20.7500 -4.0429
v  11.1993 20.8000 -4.0929
v  11.1993 20.7500 -5.3762
v  11.1993 20.8000 -5.3262
v  11.1993 20.9500 14.9071
v  11.1993 20.9500 13.6738
v  11.1993 20.7500 14.9571
v  11.1993 20.8000 14.9071
v  11.1993 20.7500 13.6238
v  11.1993 20.8000 13.6738
v  11.1993 20.7500 -7.1096
v  11.1993 20.7500 -6.7096
v  11.1993 20.7000 -6.7596
v  11.1993 20.7000 -7.0596
v  11.1993 17.5000 -6.7095
v  11.1993 17.5500 -6.7595
v  11.1993 17.5000 -7.1095
v  11.1993 17.5500 -7.0595
v  11.1993 20.7000 -4.0929
v  11.1993 20.7000 -5.3262
v  11.1993 17.5000 -4.0428
v  11.1993 17.5500 -4.0928
v  11.1993 17.5000 -5.3762
v  11.1993 17.5500 -5.3262
v  11.1993 20.7500 -2.7096
v  11.1992 20.7500 -2.3097
v  11.1992 20.7000 -2.3597
v  11.1993 20.7000 -2.6596
v  11.1993 17.5000 -2.3096
v  11.1993 17.5500 -2.3596
v  11.1993 17.5000 -2.7095
v  11.1993 17.5500 -2.6595
v  11.1991 20.7500 11.8905
v  11.1993 20.7500 12.2905
v  11.1992 20.7000 12.2405
v  11.1992 20.7000 11.9405
v  11.1993 17.5000 12.2906
v  11.1993 17.5500 12.2406
v  11.1991 17.5000 11.8906
v  11.1991 17.5500 11.9406
v  11.1993 20.7000 14.9071
v  11.1993 20.7000 13.6738
v  11.1993 17.5000 14.9572
v  11.1993 17.5500 14.9072
v  11.1993 17.5000 13.6239
v  11.1993 17.5500 13.6739
v  11.1993 20.7500 16.2905
v  11.1993 20.7500 16.6903
v  11.1993 20.7000 16.6403
v  11.1993 20.7000 16.3405
v  11.1993 17.5000 16.6904
v  11.1993 17.5500 16.6404
v  11.1993 17.5000 16.2905
v  11.1993 17.5500 16.3405
v  11.1993 17.2500 -5.3763
v  11.1993 17.2500 -4.0429
v  11.1993 17.2000 -4.0929
v  11.1993 17.2000 -5.3263
v  11.1993 14.0000 -4.0428
v  11.1993 14.0500 -4.0928
v  11.1993 14.0000 -5.3762
v  11.1993 14.0500 -5.3262
v  11.1993 17.2500 13.6238
v  11.1993 17.2500 14.9571
v  11.1993 17.2000 14.9071
v  11.1993 17.2000 13.6738
v  11.1993 14.0000 14.9572
v  11.1993 14.0500 14.9072
v  11.1993 14.0000 13.6239
v  11.1993 14.0500 13.6739
v  11.1993 13.9500 -4.0928
v  11.1993 13.9500 -5.3262
v  11.1993 13.7500 -4.0429
v  11.1993 13.8000 -4.0929
v  11.1993 13.7500 -5.3762
v  11.1993 13.8000 -5.3262
v  11.1993 13.9500 14.9072
v  11.1993 13.9500 13.6739
v  11.1993 13.7500 14.9572
v  11.1993 13.8000 14.9072
v  11.1993 13.7500 13.6238
v  11.1993 13.8000 13.6738
v  11.1993 13.7000 -4.0929
v  11.1993 13.7000 -5.3262
v  11.1993 10.5000 -4.0429
v  11.1993 10.5500 -4.0929
v  11.1993 10.5000 -5.3762
v  11.1993 10.5500 -5.3262
v  11.1993 13.7000 14.9072
v  11.1993 13.7000 13.6738
v  11.1993 10.5000 14.9571
v  11.1993 10.5500 14.9071
v  11.1993 10.5000 13.6238
v  11.1993 10.5500 13.6738
v  11.1993 10.4500 -4.0929
v  11.1993 10.4500 -5.3262
v  11.1993 10.2500 -4.0429
v  11.1993 10.3000 -4.0929
v  11.1993 10.2500 -5.3762
v  11.1993 10.3000 -5.3262
v  11.1993 10.4500 14.9071
v  11.1993 10.4500 13.6738
v  11.1993 10.2500 14.9572
v  11.1993 10.3000 14.9072
v  11.1993 10.2500 13.6238
v  11.1993 10.3000 13.6738
v  11.1993 10.2000 -4.0929
v  11.1993 10.2000 -5.3262
v  11.1993 7.0000 -4.0429
v  11.1993 7.0500 -4.0929
v  11.1993 7.0000 -5.3763
v  11.1993 7.0500 -5.3263
v  11.1993 10.2000 14.9072
v  11.1993 10.2000 13.6738
v  11.1993 7.0000 14.9571
v  11.1993 7.0500 14.9071
v  11.1993 7.0000 13.6238
v  11.1993 7.0500 13.6738
v  11.1993 6.9500 -4.0929
v  11.1993 6.9500 -5.3262
v  11.1993 6.7500 -4.0428
v  11.1993 6.8000 -4.0929
v  11.1993 6.7500 -5.3762
v  11.1993 6.8000 -5.3262
v  11.1993 6.9500 14.9071
v  11.1993 6.9500 13.6738
v  11.1993 6.7500 14.9572
v  11.1993 6.8000 14.9072
v  11.1993 6.7500 13.6239
v  11.1993 6.8000 13.6738
v  11.1993 6.7000 -4.0928
v  11.1993 6.7000 -5.3262
v  11.1993 3.5000 -4.0429
v  11.1993 3.5500 -4.0929
v  11.1993 3.5000 -5.3762
v  11.1993 3.5500 -5.3262
v  11.1993 6.7000 14.9072
v  11.1993 6.7000 13.6739
v  11.1993 3.5000 14.9571
v  11.1993 3.5500 14.9071
v  11.1993 3.5000 13.6238
v  11.1993 3.5500 13.6738
v  11.1993 3.4500 -4.0929
v  11.1993 3.4500 -5.3262
v  11.1993 3.2500 -4.0429
v  11.1993 3.3000 -4.0929
v  11.1993 3.2500 -5.3762
v  11.1993 3.3000 -5.3262
v  11.1993 3.4500 14.9071
v  11.1993 3.4500 13.6738
v  11.1993 3.2500 14.9571
v  11.1993 3.3000 14.9071
v  11.1993 3.2500 13.6238
v  11.1993 3.3000 13.6738
v  11.1993 3.2000 -4.0929
v  11.1993 3.2000 -5.3262
v  11.1993 -0.0000 -4.0429
v  11.1993 0.0500 -4.0929
v  11.1993 -0.0000 -5.3763
v  11.1993 0.0500 -5.3263
v  11.1993 3.2000 14.9071
v  11.1993 3.2000 13.6738
v  11.1992 -0.0000 14.9571
v  11.1992 0.0500 14.9071
v  11.1992 -0.0000 13.6238
v  11.1992 0.0500 13.6738
v  11.1991 17.5000 0.7571
v  11.1992 17.5000 -0.7763
v  11.1992 17.5500 -0.7263
v  11.1991 17.5500 0.7071
v  11.1992 20.7500 -0.7763
v  11.1992 20.7000 -0.7263
v  11.1991 20.7500 0.7571
v  11.1991 20.7000 0.7071
v  11.1991 20.7500 3.9571
v  11.1991 20.7500 5.6238
v  11.1991 20.7000 5.5738
v  11.1991 20.7000 4.0071
v  11.1990 17.5000 5.6238
v  11.1990 17.5500 5.5738
v  11.1990 17.5000 3.9571
v  11.1990 17.5500 4.0071
v  11.1991 17.5000 10.3572
v  11.1990 17.5000 8.8239
v  11.1990 17.5500 8.8738
v  11.1991 17.5500 10.3072
v  11.1991 20.7500 8.8238
v  11.1991 20.7000 8.8738
v  11.1991 20.7500 10.3572
v  11.1991 20.7000 10.3072
v  11.1991 17.5000 19.7571
v  11.1992 17.5000 18.2238
v  11.1992 17.5500 18.2738
v  11.1991 17.5500 19.7071
v  11.1992 20.7500 18.2237
v  11.1992 20.7000 18.2737
v  11.1992 20.7500 19.7571
v  11.1992 20.7000 19.7071
v  11.1991 20.7500 22.8571
v  11.1991 20.7500 24.4238
v  11.1991 20.7000 24.3738
v  11.1991 20.7000 22.9071
v  11.1990 17.5000 24.4238
v  11.1990 17.5500 24.3738
v  11.1990 17.5000 22.8571
v  11.1990 17.5500 22.9071
v  5.0081 17.5000 25.9905
v  6.2463 17.5000 25.9905
v  6.1963 17.5500 25.9905
v  5.0581 17.5500 25.9905
v  6.2463 20.7500 25.9904
v  6.1963 20.7000 25.9904
v  5.0082 20.7500 25.9904
v  5.0582 20.7000 25.9904
v  11.1993 17.3000 -5.3262
v  11.1993 17.3000 -4.0929
v  11.1993 17.4500 -5.3262
v  11.1993 17.4500 -4.0929
v  11.1993 17.3000 13.6738
v  11.1993 17.3000 14.9071
v  11.1993 17.4500 13.6739
v  11.1993 17.4500 14.9072
v  11.1993 17.5000 -19.7761
v  11.1993 17.5000 -18.2428
v  11.1993 17.4500 -18.2928
v  11.1993 17.4500 -19.7261
v  11.1993 13.9999 -18.2421
v  11.1993 14.0499 -18.2921
v  11.1993 13.9999 -19.7755
v  11.1993 14.0499 -19.7255
v  11.1993 13.7499 -19.7755
v  11.1993 13.7499 -18.2421
v  11.1993 13.6999 -18.2921
v  11.1993 13.6999 -19.7255
v  11.1993 10.4999 -18.2421
v  11.1993 10.5499 -18.2921
v  11.1993 10.4999 -19.7755
v  11.1993 10.5499 -19.7255
v  11.1993 10.2500 -19.7755
v  11.1993 10.2500 -18.2421
v  11.1993 10.2000 -18.2921
v  11.1993 10.2000 -19.7255
v  11.1993 6.9999 -18.2422
v  11.1993 7.0499 -18.2922
v  11.1993 6.9999 -19.7755
v  11.1993 7.0499 -19.7255
v  11.1993 6.7499 -19.7755
v  11.1993 6.7499 -18.2421
v  11.1993 6.6999 -18.2921
v  11.1993 6.6999 -19.7255
v  11.1993 3.4999 -18.2421
v  11.1993 3.5499 -18.2921
v  11.1993 3.4999 -19.7755
v  11.1993 3.5499 -19.7255
v  11.1993 3.2499 -19.7755
v  11.1993 3.2499 -18.2421
v  11.1993 3.1999 -18.2921
v  11.1993 3.1999 -19.7255
v  11.1992 -0.0000 -18.2429
v  11.1992 0.0500 -18.2929
v  11.1992 -0.0000 -19.7762
v  11.1992 0.0500 -19.7262
v  11.1993 17.5500 -19.7261
v  11.1993 17.5500 -18.2928
v  11.1993 20.7500 -19.7762
v  11.1993 20.7000 -19.7262
v  11.1993 20.7500 -18.2429
v  11.1993 20.7000 -18.2929
v  11.1993 20.7500 -15.0429
v  11.1993 20.7500 -13.3762
v  11.1993 20.7000 -13.4262
v  11.1993 20.7000 -14.9929
v  11.1993 17.5000 -13.3761
v  11.1993 17.5500 -13.4261
v  11.1993 17.5000 -15.0428
v  11.1993 17.5500 -14.9928
v  11.1993 20.7500 -10.1762
v  11.1993 20.7500 -8.6429
v  11.1993 20.7000 -8.6929
v  11.1993 20.7000 -10.1262
v  11.1993 17.5000 -8.6428
v  11.1993 17.5500 -8.6928
v  11.1993 17.5000 -10.1761
v  11.1993 17.5500 -10.1261
v  11.1993 23.7500 -2.7095
v  11.1993 23.7000 -2.7595
v  11.1993 23.7000 -3.9929
v  11.1993 21.0000 -2.7096
v  11.1993 21.0500 -2.7596
v  11.1993 21.0500 -3.9929
v  11.1993 21.0000 -6.7096
v  11.1993 21.0500 -6.6596
v  11.1993 21.0500 -5.4262
v  11.1993 23.7500 -6.7095
v  11.1993 23.7000 -6.6595
v  11.1993 23.7000 -5.4262
v  11.1993 23.7500 16.2904
v  11.1993 23.7000 16.2404
v  11.1993 23.7000 15.0071
v  11.1993 21.0000 16.2905
v  11.1993 21.0500 16.2405
v  11.1993 21.0500 15.0071
v  11.1993 21.0000 12.2905
v  11.1993 21.0500 12.3405
v  11.1993 21.0500 13.5738
v  11.1993 23.7500 12.2904
v  11.1993 23.7000 12.3404
v  11.1993 23.7000 13.5738
v  11.1993 20.9500 -2.7596
v  11.1993 20.9500 -3.9929
v  11.1993 20.8000 -2.7596
v  11.1993 20.8000 -3.9929
v  11.1993 20.8000 -6.6596
v  11.1993 20.8000 -5.4262
v  11.1993 20.9500 -6.6596
v  11.1993 20.9500 -5.4262
v  11.1993 20.9500 16.2405
v  11.1993 20.9500 15.0071
v  11.1993 20.8000 16.2405
v  11.1993 20.8000 15.0071
v  11.1993 20.8000 12.3405
v  11.1993 20.8000 13.5738
v  11.1993 20.9500 12.3405
v  11.1993 20.9500 13.5738
v  11.1993 20.7000 -2.7596
v  11.1993 20.7000 -3.9929
v  11.1993 17.5500 -2.7595
v  11.1993 17.5500 -3.9928
v  11.1993 17.5500 -6.6595
v  11.1993 17.5500 -5.4262
v  11.1993 20.7000 -6.6596
v  11.1993 20.7000 -5.4262
v  11.1993 20.7000 16.2405
v  11.1993 20.7000 15.0071
v  11.1993 17.5500 16.2405
v  11.1993 17.5500 15.0072
v  11.1993 17.5500 12.3406
v  11.1993 17.5500 13.5739
v  11.1993 20.7000 12.3405
v  11.1993 20.7000 13.5738
v  11.1993 17.2500 -2.7096
v  11.1993 17.2000 -2.7596
v  11.1993 17.2000 -3.9929
v  11.1993 14.0000 -2.7095
v  11.1993 14.0500 -2.7595
v  11.1993 14.0500 -3.9928
v  11.1993 14.0000 -6.7095
v  11.1993 14.0500 -6.6595
v  11.1993 14.0500 -5.4262
v  11.1993 17.2500 -6.7096
v  11.1993 17.2000 -6.6596
v  11.1993 17.2000 -5.4263
v  11.1993 17.2500 16.2904
v  11.1993 17.2000 16.2404
v  11.1993 17.2000 15.0071
v  11.1993 14.0000 16.2905
v  11.1993 14.0500 16.2405
v  11.1993 14.0500 15.0072
v  11.1993 14.0000 12.2905
v  11.1993 14.0500 12.3405
v  11.1993 14.0500 13.5739
v  11.1993 17.2500 12.2904
v  11.1993 17.2000 12.3404
v  11.1993 17.2000 13.5738
v  11.1993 13.9500 -2.7595
v  11.1993 13.9500 -3.9928
v  11.1993 13.7500 -2.7095
v  11.1993 13.8000 -2.7595
v  11.1993 13.8000 -3.9929
v  11.1993 13.7500 -6.7095
v  11.1993 13.8000 -6.6595
v  11.1993 13.8000 -5.4262
v  11.1993 13.9500 -6.6595
v  11.1993 13.9500 -5.4262
v  11.1993 13.9500 16.2405
v  11.1993 13.9500 15.0072
v  11.1993 13.7500 16.2905
v  11.1993 13.8000 16.2405
v  11.1993 13.8000 15.0072
v  11.1993 13.7500 12.2905
v  11.1993 13.8000 12.3405
v  11.1993 13.8000 13.5738
v  11.1993 13.9500 12.3405
v  11.1993 13.9500 13.5739
v  11.1993 13.7000 -2.7595
v  11.1993 13.7000 -3.9929
v  11.1993 10.5000 -2.7096
v  11.1993 10.5500 -2.7596
v  11.1993 10.5500 -3.9929
v  11.1993 10.5000 -6.7096
v  11.1993 10.5500 -6.6596
v  11.1993 10.5500 -5.4262
v  11.1993 13.7000 -6.6595
v  11.1993 13.7000 -5.4262
v  11.1993 13.7000 16.2405
v  11.1993 13.7000 15.0072
v  11.1993 10.5000 16.2905
v  11.1993 10.5500 16.2405
v  11.1993 10.5500 15.0071
v  11.1993 10.5000 12.2905
v  11.1993 10.5500 12.3405
v  11.1993 10.5500 13.5738
v  11.1993 13.7000 12.3405
v  11.1993 13.7000 13.5738
v  11.1993 10.4500 -2.7596
v  11.1993 10.4500 -3.9929
v  11.1993 10.2500 -2.7095
v  11.1993 10.3000 -2.7595
v  11.1993 10.3000 -3.9929
v  11.1993 10.2500 -6.7095
v  11.1993 10.3000 -6.6595
v  11.1993 10.3000 -5.4262
v  11.1993 10.4500 -6.6596
v  11.1993 10.4500 -5.4262
v  11.1993 10.4500 16.2405
v  11.1993 10.4500 15.0071
v  11.1993 10.2500 16.2905
v  11.1993 10.3000 16.2405
v  11.1993 10.3000 15.0072
v  11.1993 10.2500 12.2905
v  11.1993 10.3000 12.3405
v  11.1993 10.3000 13.5738
v  11.1993 10.4500 12.3405
v  11.1993 10.4500 13.5738
v  11.1993 10.2000 -2.7595
v  11.1993 10.2000 -3.9929
v  11.1993 7.0000 -2.7096
v  11.1993 7.0500 -2.7596
v  11.1993 7.0500 -3.9929
v  11.1993 7.0000 -6.7096
v  11.1993 7.0500 -6.6596
v  11.1993 7.0500 -5.4263
v  11.1993 10.2000 -6.6595
v  11.1993 10.2000 -5.4262
v  11.1993 10.2000 16.2405
v  11.1993 10.2000 15.0072
v  11.1993 7.0000 16.2904
v  11.1993 7.0500 16.2404
v  11.1993 7.0500 15.0071
v  11.1993 7.0000 12.2904
v  11.1993 7.0500 12.3404
v  11.1993 7.0500 13.5738
v  11.1993 10.2000 12.3405
v  11.1993 10.2000 13.5738
v  11.1993 6.9500 -2.7596
v  11.1993 6.9500 -3.9929
v  11.1993 6.7500 -2.7095
v  11.1993 6.8000 -2.7595
v  11.1993 6.8000 -3.9929
v  11.1993 6.7500 -6.7095
v  11.1993 6.8000 -6.6595
v  11.1993 6.8000 -5.4262
v  11.1993 6.9500 -6.6596
v  11.1993 6.9500 -5.4262
v  11.1993 6.9500 16.2405
v  11.1993 6.9500 15.0071
v  11.1993 6.7500 16.2905
v  11.1993 6.8000 16.2405
v  11.1993 6.8000 15.0072
v  11.1993 6.7500 12.2905
v  11.1993 6.8000 12.3405
v  11.1993 6.8000 13.5738
v  11.1993 6.9500 12.3405
v  11.1993 6.9500 13.5738
v  11.1993 6.7000 -2.7595
v  11.1993 6.7000 -3.9928
v  11.1993 3.5000 -2.7096
v  11.1993 3.5500 -2.7596
v  11.1993 3.5500 -3.9929
v  11.1993 3.5000 -6.7096
v  11.1993 3.5500 -6.6596
v  11.1993 3.5500 -5.4262
v  11.1993 6.7000 -6.6595
v  11.1993 6.7000 -5.4262
v  11.1993 6.7000 16.2405
v  11.1993 6.7000 15.0072
v  11.1993 3.5000 16.2905
v  11.1993 3.5500 16.2405
v  11.1993 3.5500 15.0071
v  11.1993 3.5000 12.2905
v  11.1993 3.5500 12.3405
v  11.1993 3.5500 13.5738
v  11.1993 6.7000 12.3405
v  11.1993 6.7000 13.5739
v  11.1993 3.4500 -2.7596
v  11.1993 3.4500 -3.9929
v  11.1993 3.2500 -2.7096
v  11.1993 3.3000 -2.7596
v  11.1993 3.3000 -3.9929
v  11.1993 3.2500 -6.7096
v  11.1993 3.3000 -6.6596
v  11.1993 3.3000 -5.4262
v  11.1993 3.4500 -6.6596
v  11.1993 3.4500 -5.4262
v  11.1993 3.4500 16.2405
v  11.1993 3.4500 15.0071
v  11.1993 3.2500 16.2905
v  11.1993 3.3000 16.2405
v  11.1993 3.3000 15.0071
v  11.1993 3.2500 12.2905
v  11.1993 3.3000 12.3405
v  11.1993 3.3000 13.5738
v  11.1993 3.4500 12.3405
v  11.1993 3.4500 13.5738
v  11.1993 3.2000 -2.7596
v  11.1993 3.2000 -3.9929
v  11.1993 -0.0000 -2.7096
v  11.1993 0.0500 -2.7596
v  11.1993 0.0500 -3.9929
v  11.1993 -0.0000 -6.7096
v  11.1993 0.0500 -6.6596
v  11.1993 0.0500 -5.4263
v  11.1993 3.2000 -6.6596
v  11.1993 3.2000 -5.4262
v  11.1993 3.2000 16.2405
v  11.1993 3.2000 15.0071
v  11.1992 -0.0000 16.2904
v  11.1992 0.0500 16.2404
v  11.1992 0.0500 15.0071
v  11.1992 -0.0000 12.2904
v  11.1992 0.0500 12.3404
v  11.1992 0.0500 13.5738
v  11.1993 3.2000 12.3405
v  11.1993 3.2000 13.5738
v  11.1993 17.5500 -2.2596
v  11.1992 17.5500 -0.8263
v  11.1992 20.7000 -2.2597
v  11.1992 20.7000 -0.8263
v  11.1991 20.7500 2.2904
v  11.1991 20.7000 2.2404
v  11.1991 20.7000 0.8071
v  11.1990 17.5000 2.2905
v  11.1990 17.5500 2.2405
v  11.1991 17.5500 0.8071
v  11.1991 20.7500 7.2904
v  11.1991 20.7000 7.2404
v  11.1991 20.7000 5.6738
v  11.1990 17.5000 7.2905
v  11.1990 17.5500 7.2405
v  11.1990 17.5500 5.6738
v  11.1990 17.5500 2.3405
v  11.1990 17.5500 3.9071
v  11.1991 20.7000 2.3404
v  11.1991 20.7000 3.9071
v  11.1990 17.5500 7.3405
v  11.1990 17.5500 8.7738
v  11.1991 20.7000 7.3404
v  11.1991 20.7000 8.7738
v  11.1991 20.7000 11.8405
v  11.1991 20.7000 10.4072
v  11.1991 17.5500 11.8406
v  11.1991 17.5500 10.4072
v  11.1993 17.5500 16.7404
v  11.1992 17.5500 18.1738
v  11.1993 20.7000 16.7403
v  11.1992 20.7000 18.1737
v  11.1991 20.7500 21.2904
v  11.1991 20.7000 21.2404
v  11.1992 20.7000 19.8071
v  11.1990 17.5000 21.2905
v  11.1990 17.5500 21.2405
v  11.1991 17.5500 19.8071
v  11.1991 20.7500 25.9904
v  11.1991 20.7000 25.9404
v  11.1991 20.7000 24.4738
v  11.1990 17.5000 25.9905
v  11.1990 17.5500 25.9405
v  11.1990 17.5500 24.4738
v  11.1990 17.5500 21.3405
v  11.1990 17.5500 22.8071
v  11.1991 20.7000 21.3404
v  11.1991 20.7000 22.8071
v  11.1993 17.3000 -6.6596
v  11.1993 17.3000 -5.4262
v  11.1993 17.4500 -6.6595
v  11.1993 17.4500 -5.4262
v  11.1993 17.4500 -2.7595
v  11.1993 17.4500 -3.9929
v  11.1993 17.3000 -2.7596
v  11.1993 17.3000 -3.9929
v  11.1993 17.3000 12.3405
v  11.1993 17.3000 13.5738
v  11.1993 17.4500 12.3405
v  11.1993 17.4500 13.5739
v  11.1993 17.4500 16.2405
v  11.1993 17.4500 15.0072
v  11.1993 17.3000 16.2405
v  11.1993 17.3000 15.0071
v  11.1993 17.5000 -16.7094
v  11.1993 17.4500 -16.7594
v  11.1993 17.4500 -18.1928
v  11.1993 13.9999 -16.7088
v  11.1993 14.0499 -16.7588
v  11.1993 14.0499 -18.1921
v  11.1993 13.9999 -21.3088
v  11.1993 14.0499 -21.2588
v  11.1993 14.0499 -19.8255
v  11.1993 17.5000 -21.3094
v  11.1993 17.4500 -21.2594
v  11.1993 17.4500 -19.8261
v  11.1993 13.7499 -16.7088
v  11.1993 13.6999 -16.7588
v  11.1993 13.6999 -18.1921
v  11.1993 10.4999 -16.7088
v  11.1993 10.5499 -16.7588
v  11.1993 10.5499 -18.1921
v  11.1993 10.4999 -21.3088
v  11.1993 10.5499 -21.2588
v  11.1993 10.5499 -19.8255
v  11.1993 13.7499 -21.3088
v  11.1993 13.6999 -21.2588
v  11.1993 13.6999 -19.8255
v  11.1993 10.2500 -16.7088
v  11.1993 10.2000 -16.7588
v  11.1993 10.2000 -18.1921
v  11.1993 6.9999 -16.7088
v  11.1993 7.0499 -16.7588
v  11.1993 7.0499 -18.1922
v  11.1993 6.9999 -21.3088
v  11.1993 7.0499 -21.2588
v  11.1993 7.0499 -19.8255
v  11.1993 10.2500 -21.3088
v  11.1993 10.2000 -21.2588
v  11.1993 10.2000 -19.8255
v  11.1993 6.7499 -16.7088
v  11.1993 6.6999 -16.7588
v  11.1993 6.6999 -18.1921
v  11.1993 3.4999 -16.7088
v  11.1993 3.5499 -16.7588
v  11.1993 3.5499 -18.1921
v  11.1993 3.4999 -21.3088
v  11.1993 3.5499 -21.2588
v  11.1993 3.5499 -19.8255
v  11.1993 6.7499 -21.3088
v  11.1993 6.6999 -21.2588
v  11.1993 6.6999 -19.8255
v  11.1993 3.2499 -16.7088
v  11.1993 3.1999 -16.7588
v  11.1993 3.1999 -18.1922
v  11.1992 -0.0000 -16.7096
v  11.1992 0.0500 -16.7596
v  11.1992 0.0500 -18.1929
v  11.1992 -0.0000 -21.3096
v  11.1992 0.0500 -21.2596
v  11.1992 0.0500 -19.8262
v  11.1993 3.2499 -21.3088
v  11.1993 3.1999 -21.2588
v  11.1993 3.1999 -19.8255
v  11.1993 17.5500 -21.2594
v  11.1993 17.5500 -19.8261
v  11.1993 20.7500 -21.3095
v  11.1993 20.7000 -21.2595
v  11.1993 20.7000 -19.8262
v  11.1993 20.7500 -16.7095
v  11.1993 20.7000 -16.7595
v  11.1993 20.7000 -18.1929
v  11.1993 17.5500 -16.7594
v  11.1993 17.5500 -18.1928
v  11.1993 20.7500 -11.7095
v  11.1993 20.7000 -11.7595
v  11.1993 20.7000 -13.3262
v  11.1993 17.5000 -11.7094
v  11.1993 17.5500 -11.7594
v  11.1993 17.5500 -13.3261
v  11.1993 17.5500 -16.6594
v  11.1993 17.5500 -15.0928
v  11.1993 20.7000 -16.6595
v  11.1993 20.7000 -15.0929
v  11.1993 20.7000 -7.1596
v  11.1993 20.7000 -8.5929
v  11.1993 17.5500 -7.1595
v  11.1993 17.5500 -8.5928
v  11.1993 17.5500 -11.6594
v  11.1993 17.5500 -10.2261
v  11.1993 20.7000 -11.6595
v  11.1993 20.7000 -10.2262
v  8.7226 17.5000 25.9905
v  9.9608 17.5000 25.9905
v  9.9108 17.5500 25.9905
v  8.7726 17.5500 25.9905
v  9.9609 20.7500 25.9904
v  9.9109 20.7000 25.9904
v  8.7227 20.7500 25.9904
v  8.7727 20.7000 25.9904
v  7.4844 17.5000 25.9905
v  7.4345 17.5500 25.9905
v  6.2963 17.5500 25.9905
v  7.4845 20.7500 25.9904
v  7.4345 20.7000 25.9904
v  6.2963 20.7000 25.9904
v  3.7700 20.7500 25.9904
v  3.8200 20.7000 25.9904
v  4.9582 20.7000 25.9904
v  3.7699 17.5000 25.9904
v  3.8199 17.5500 25.9904
v  4.9581 17.5500 25.9905
v  11.1291 17.5500 25.9905
v  10.0108 17.5500 25.9905
v  11.1292 20.7000 25.9904
v  10.0109 20.7000 25.9904
v  7.5345 20.7000 25.9904
v  8.6727 20.7000 25.9904
v  7.5345 17.5500 25.9905
v  8.6726 17.5500 25.9905
v  11.1493 23.7000 -4.0929
v  11.1493 23.7000 -5.3262
v  11.1493 21.0500 -4.0929
v  11.1493 21.0500 -5.3262
v  11.1493 23.7000 14.9071
v  11.1493 23.7000 13.6738
v  11.1493 21.0500 14.9071
v  11.1493 21.0500 13.6738
v  11.1493 20.9500 -4.0929
v  11.1493 20.9500 -5.3262
v  11.1493 20.8000 -4.0929
v  11.1493 20.8000 -5.3262
v  11.1493 20.9500 14.9071
v  11.1493 20.9500 13.6738
v  11.1493 20.8000 14.9071
v  11.1493 20.8000 13.6738
v  11.1493 20.7000 -6.7596
v  11.1493 20.7000 -7.0596
v  11.1493 17.5500 -6.7595
v  11.1493 17.5500 -7.0595
v  11.1493 20.7000 -4.0929
v  11.1493 20.7000 -5.3262
v  11.1493 17.5500 -4.0928
v  11.1493 17.5500 -5.3262
v  11.1492 20.7000 -2.3597
v  11.1493 20.7000 -2.6596
v  11.1493 17.5500 -2.3596
v  11.1493 17.5500 -2.6595
v  11.1492 20.7000 12.2405
v  11.1492 20.7000 11.9405
v  11.1493 17.5500 12.2406
v  11.1491 17.5500 11.9406
v  11.1493 20.7000 14.9071
v  11.1493 20.7000 13.6738
v  11.1493 17.5500 14.9072
v  11.1493 17.5500 13.6739
v  11.1493 20.7000 16.6403
v  11.1493 20.7000 16.3405
v  11.1493 17.5500 16.6404
v  11.1493 17.5500 16.3405
v  11.1493 17.2000 -4.0929
v  11.1493 17.2000 -5.3263
v  11.1493 14.0500 -4.0928
v  11.1493 14.0500 -5.3262
v  11.1493 17.2000 14.9071
v  11.1493 17.2000 13.6738
v  11.1493 14.0500 14.9072
v  11.1493 14.0500 13.6739
v  11.1493 13.9500 -4.0928
v  11.1493 13.9500 -5.3262
v  11.1493 13.8000 -4.0929
v  11.1493 13.8000 -5.3262
v  11.1493 13.9500 14.9072
v  11.1493 13.9500 13.6739
v  11.1493 13.8000 14.9072
v  11.1493 13.8000 13.6738
v  11.1493 13.7000 -4.0929
v  11.1493 13.7000 -5.3262
v  11.1493 10.5500 -4.0929
v  11.1493 10.5500 -5.3262
v  11.1493 13.7000 14.9072
v  11.1493 13.7000 13.6738
v  11.1493 10.5500 14.9071
v  11.1493 10.5500 13.6738
v  11.1493 10.4500 -4.0929
v  11.1493 10.4500 -5.3262
v  11.1493 10.3000 -4.0929
v  11.1493 10.3000 -5.3262
v  11.1493 10.4500 14.9071
v  11.1493 10.4500 13.6738
v  11.1493 10.3000 14.9072
v  11.1493 10.3000 13.6738
v  11.1493 10.2000 -4.0929
v  11.1493 10.2000 -5.3262
v  11.1493 7.0500 -4.0929
v  11.1493 7.0500 -5.3263
v  11.1493 10.2000 14.9072
v  11.1493 10.2000 13.6738
v  11.1493 7.0500 14.9071
v  11.1493 7.0500 13.6738
v  11.1493 6.9500 -4.0929
v  11.1493 6.9500 -5.3262
v  11.1493 6.8000 -4.0929
v  11.1493 6.8000 -5.3262
v  11.1493 6.9500 14.9071
v  11.1493 6.9500 13.6738
v  11.1493 6.8000 14.9072
v  11.1493 6.8000 13.6738
v  11.1493 6.7000 -4.0928
v  11.1493 6.7000 -5.3262
v  11.1493 3.5500 -4.0929
v  11.1493 3.5500 -5.3262
v  11.1493 6.7000 14.9072
v  11.1493 6.7000 13.6739
v  11.1493 3.5500 14.9071
v  11.1493 3.5500 13.6738
v  11.1493 3.4500 -4.0929
v  11.1493 3.4500 -5.3262
v  11.1493 3.3000 -4.0929
v  11.1493 3.3000 -5.3262
v  11.1493 3.4500 14.9071
v  11.1493 3.4500 13.6738
v  11.1493 3.3000 14.9071
v  11.1493 3.3000 13.6738
v  11.1493 3.2000 -4.0929
v  11.1493 3.2000 -5.3262
v  11.1493 0.0500 -4.0929
v  11.1493 0.0500 -5.3263
v  11.1493 3.2000 14.9071
v  11.1493 3.2000 13.6738
v  11.1492 0.0500 14.9071
v  11.1492 0.0500 13.6738
v  11.1492 17.5500 -0.7263
v  11.1491 17.5500 0.7071
v  11.1492 20.7000 -0.7263
v  11.1491 20.7000 0.7071
v  11.1491 20.7000 5.5738
v  11.1491 20.7000 4.0071
v  11.1490 17.5500 5.5738
v  11.1490 17.5500 4.0071
v  11.1490 17.5500 8.8738
v  11.1491 17.5500 10.3072
v  11.1491 20.7000 8.8738
v  11.1491 20.7000 10.3072
v  11.1492 17.5500 18.2738
v  11.1491 17.5500 19.7071
v  11.1492 20.7000 18.2737
v  11.1492 20.7000 19.7071
v  11.1491 20.7000 24.3738
v  11.1491 20.7000 22.9071
v  11.1490 17.5500 24.3738
v  11.1490 17.5500 22.9071
v  6.1963 17.5500 25.9405
v  5.0581 17.5500 25.9405
v  6.1963 20.7000 25.9404
v  5.0582 20.7000 25.9404
v  11.1493 17.3000 -5.3262
v  11.1493 17.3000 -4.0929
v  11.1493 17.4500 -5.3262
v  11.1493 17.4500 -4.0929
v  11.1493 17.3000 13.6738
v  11.1493 17.3000 14.9071
v  11.1493 17.4500 13.6739
v  11.1493 17.4500 14.9072
v  11.1493 17.4500 -18.2928
v  11.1493 17.4500 -19.7261
v  11.1493 14.0499 -18.2921
v  11.1493 14.0499 -19.7255
v  11.1493 13.6999 -18.2921
v  11.1493 13.6999 -19.7255
v  11.1493 10.5499 -18.2921
v  11.1493 10.5499 -19.7255
v  11.1493 10.2000 -18.2921
v  11.1493 10.2000 -19.7255
v  11.1493 7.0499 -18.2922
v  11.1493 7.0499 -19.7255
v  11.1493 6.6999 -18.2921
v  11.1493 6.6999 -19.7255
v  11.1493 3.5499 -18.2921
v  11.1493 3.5499 -19.7255
v  11.1493 3.1999 -18.2921
v  11.1493 3.1999 -19.7255
v  11.1492 0.0500 -18.2929
v  11.1492 0.0500 -19.7262
v  11.1493 17.5500 -19.7261
v  11.1493 17.5500 -18.2928
v  11.1493 20.7000 -19.7262
v  11.1493 20.7000 -18.2929
v  11.1493 20.7000 -13.4262
v  11.1493 20.7000 -14.9929
v  11.1493 17.5500 -13.4261
v  11.1493 17.5500 -14.9928
v  11.1493 20.7000 -8.6929
v  11.1493 20.7000 -10.1262
v  11.1493 17.5500 -8.6928
v  11.1493 17.5500 -10.1261
v  11.1493 23.7000 -2.7595
v  11.1493 23.7000 -3.9929
v  11.1493 21.0500 -2.7596
v  11.1493 21.0500 -3.9929
v  11.1493 21.0500 -6.6596
v  11.1493 21.0500 -5.4262
v  11.1493 23.7000 -6.6595
v  11.1493 23.7000 -5.4262
v  11.1493 23.7000 16.2404
v  11.1493 23.7000 15.0071
v  11.1493 21.0500 16.2405
v  11.1493 21.0500 15.0071
v  11.1493 21.0500 12.3405
v  11.1493 21.0500 13.5738
v  11.1493 23.7000 12.3404
v  11.1493 23.7000 13.5738
v  11.1493 20.9500 -2.7596
v  11.1493 20.9500 -3.9929
v  11.1493 20.8000 -2.7596
v  11.1493 20.8000 -3.9929
v  11.1493 20.8000 -6.6596
v  11.1493 20.8000 -5.4262
v  11.1493 20.9500 -6.6596
v  11.1493 20.9500 -5.4262
v  11.1493 20.9500 16.2405
v  11.1493 20.9500 15.0071
v  11.1493 20.8000 16.2405
v  11.1493 20.8000 15.0071
v  11.1493 20.8000 12.3405
v  11.1493 20.8000 13.5738
v  11.1493 20.9500 12.3405
v  11.1493 20.9500 13.5738
v  11.1493 20.7000 -2.7596
v  11.1493 20.7000 -3.9929
v  11.1493 17.5500 -2.7595
v  11.1493 17.5500 -3.9928
v  11.1493 17.5500 -6.6595
v  11.1493 17.5500 -5.4262
v  11.1493 20.7000 -6.6596
v  11.1493 20.7000 -5.4262
v  11.1493 20.7000 16.2405
v  11.1493 20.7000 15.0071
v  11.1493 17.5500 16.2405
v  11.1493 17.5500 15.0072
v  11.1493 17.5500 12.3406
v  11.1493 17.5500 13.5739
v  11.1493 20.7000 12.3405
v  11.1493 20.7000 13.5738
v  11.1493 17.2000 -2.7596
v  11.1493 17.2000 -3.9929
v  11.1493 14.0500 -2.7595
v  11.1493 14.0500 -3.9928
v  11.1493 14.0500 -6.6595
v  11.1493 14.0500 -5.4262
v  11.1493 17.2000 -6.6596
v  11.1493 17.2000 -5.4263
v  11.1493 17.2000 16.2404
v  11.1493 17.2000 15.0071
v  11.1493 14.0500 16.2405
v  11.1493 14.0500 15.0072
v  11.1493 14.0500 12.3405
v  11.1493 14.0500 13.5739
v  11.1493 17.2000 12.3404
v  11.1493 17.2000 13.5738
v  11.1493 13.9500 -2.7595
v  11.1493 13.9500 -3.9928
v  11.1493 13.8000 -2.7595
v  11.1493 13.8000 -3.9929
v  11.1493 13.8000 -6.6595
v  11.1493 13.8000 -5.4262
v  11.1493 13.9500 -6.6595
v  11.1493 13.9500 -5.4262
v  11.1493 13.9500 16.2405
v  11.1493 13.9500 15.0072
v  11.1493 13.8000 16.2405
v  11.1493 13.8000 15.0072
v  11.1493 13.8000 12.3405
v  11.1493 13.8000 13.5738
v  11.1493 13.9500 12.3405
v  11.1493 13.9500 13.5739
v  11.1493 13.7000 -2.7595
v  11.1493 13.7000 -3.9929
v  11.1493 10.5500 -2.7596
v  11.1493 10.5500 -3.9929
v  11.1493 10.5500 -6.6596
v  11.1493 10.5500 -5.4262
v  11.1493 13.7000 -6.6595
v  11.1493 13.7000 -5.4262
v  11.1493 13.7000 16.2405
v  11.1493 13.7000 15.0072
v  11.1493 10.5500 16.2405
v  11.1493 10.5500 15.0071
v  11.1493 10.5500 12.3405
v  11.1493 10.5500 13.5738
v  11.1493 13.7000 12.3405
v  11.1493 13.7000 13.5738
v  11.1493 10.4500 -2.7596
v  11.1493 10.4500 -3.9929
v  11.1493 10.3000 -2.7595
v  11.1493 10.3000 -3.9929
v  11.1493 10.3000 -6.6595
v  11.1493 10.3000 -5.4262
v  11.1493 10.4500 -6.6596
v  11.1493 10.4500 -5.4262
v  11.1493 10.4500 16.2405
v  11.1493 10.4500 15.0071
v  11.1493 10.3000 16.2405
v  11.1493 10.3000 15.0072
v  11.1493 10.3000 12.3405
v  11.1493 10.3000 13.5738
v  11.1493 10.4500 12.3405
v  11.1493 10.4500 13.5738
v  11.1493 10.2000 -2.7595
v  11.1493 10.2000 -3.9929
v  11.1493 7.0500 -2.7596
v  11.1493 7.0500 -3.9929
v  11.1493 7.0500 -6.6596
v  11.1493 7.0500 -5.4263
v  11.1493 10.2000 -6.6595
v  11.1493 10.2000 -5.4262
v  11.1493 10.2000 16.2405
v  11.1493 10.2000 15.0072
v  11.1493 7.0500 16.2404
v  11.1493 7.0500 15.0071
v  11.1493 7.0500 12.3404
v  11.1493 7.0500 13.5738
v  11.1493 10.2000 12.3405
v  11.1493 10.2000 13.5738
v  11.1493 6.9500 -2.7596
v  11.1493 6.9500 -3.9929
v  11.1493 6.8000 -2.7595
v  11.1493 6.8000 -3.9929
v  11.1493 6.8000 -6.6595
v  11.1493 6.8000 -5.4262
v  11.1493 6.9500 -6.6596
v  11.1493 6.9500 -5.4262
v  11.1493 6.9500 16.2405
v  11.1493 6.9500 15.0071
v  11.1493 6.8000 16.2405
v  11.1493 6.8000 15.0072
v  11.1493 6.8000 12.3405
v  11.1493 6.8000 13.5738
v  11.1493 6.9500 12.3405
v  11.1493 6.9500 13.5738
v  11.1493 6.7000 -2.7595
v  11.1493 6.7000 -3.9928
v  11.1493 3.5500 -2.7596
v  11.1493 3.5500 -3.9929
v  11.1493 3.5500 -6.6596
v  11.1493 3.5500 -5.4262
v  11.1493 6.7000 -6.6595
v  11.1493 6.7000 -5.4262
v  11.1493 6.7000 16.2405
v  11.1493 6.7000 15.0072
v  11.1493 3.5500 16.2405
v  11.1493 3.5500 15.0071
v  11.1493 3.5500 12.3405
v  11.1493 3.5500 13.5738
v  11.1493 6.7000 12.3405
v  11.1493 6.7000 13.5739
v  11.1493 3.4500 -2.7596
v  11.1493 3.4500 -3.9929
v  11.1493 3.3000 -2.7596
v  11.1493 3.3000 -3.9929
v  11.1493 3.3000 -6.6596
v  11.1493 3.3000 -5.4262
v  11.1493 3.4500 -6.6596
v  11.1493 3.4500 -5.4262
v  11.1493 3.4500 16.2405
v  11.1493 3.4500 15.0071
v  11.1493 3.3000 16.2405
v  11.1493 3.3000 15.0071
v  11.1493 3.3000 12.3405
v  11.1493 3.3000 13.5738
v  11.1493 3.4500 12.3405
v  11.1493 3.4500 13.5738
v  11.1493 3.2000 -2.7596
v  11.1493 3.2000 -3.9929
v  11.1493 0.0500 -2.7596
v  11.1493 0.0500 -3.9929
v  11.1493 0.0500 -6.6596
v  11.1493 0.0500 -5.4263
v  11.1493 3.2000 -6.6596
v  11.1493 3.2000 -5.4262
v  11.1493 3.2000 16.2405
v  11.1493 3.2000 15.0071
v  11.1492 0.0500 16.2404
v  11.1492 0.0500 15.0071
v  11.1492 0.0500 12.3404
v  11.1492 0.0500 13.5738
v  11.1493 3.2000 12.3405
v  11.1493 3.2000 13.5738
v  11.1493 17.5500 -2.2596
v  11.1492 17.5500 -0.8263
v  11.1492 20.7000 -2.2597
v  11.1492 20.7000 -0.8263
v  11.1491 20.7000 2.2404
v  11.1491 20.7000 0.8071
v  11.1490 17.5500 2.2405
v  11.1491 17.5500 0.8071
v  11.1491 20.7000 7.2404
v  11.1491 20.7000 5.6738
v  11.1490 17.5500 7.2405
v  11.1490 17.5500 5.6738
v  11.1490 17.5500 2.3405
v  11.1490 17.5500 3.9071
v  11.1491 20.7000 2.3404
v  11.1491 20.7000 3.9071
v  11.1490 17.5500 7.3405
v  11.1490 17.5500 8.7738
v  11.1491 20.7000 7.3404
v  11.1491 20.7000 8.7738
v  11.1491 20.7000 11.8405
v  11.1491 20.7000 10.4072
v  11.1491 17.5500 11.8406
v  11.1491 17.5500 10.4072
v  11.1493 17.5500 16.7404
v  11.1492 17.5500 18.1738
v  11.1493 20.7000 16.7403
v  11.1492 20.7000 18.1737
v  11.1491 20.7000 21.2404
v  11.1492 20.7000 19.8071
v  11.1490 17.5500 21.2405
v  11.1491 17.5500 19.8071
v  11.1491 20.7000 25.9404
v  11.1491 20.7000 24.4738
v  11.1490 17.5500 25.9405
v  11.1490 17.5500 24.4738
v  11.1490 17.5500 21.3405
v  11.1490 17.5500 22.8071
v  11.1491 20.7000 21.3404
v  11.1491 20.7000 22.8071
v  11.1493 17.3000 -6.6596
v  11.1493 17.3000 -5.4262
v  11.1493 17.4500 -6.6595
v  11.1493 17.4500 -5.4262
v  11.1493 17.4500 -2.7595
v  11.1493 17.4500 -3.9929
v  11.1493 17.3000 -2.7596
v  11.1493 17.3000 -3.9929
v  11.1493 17.3000 12.3405
v  11.1493 17.3000 13.5738
v  11.1493 17.4500 12.3405
v  11.1493 17.4500 13.5739
v  11.1493 17.4500 16.2405
v  11.1493 17.4500 15.0072
v  11.1493 17.3000 16.2405
v  11.1493 17.3000 15.0071
v  11.1493 17.4500 -16.7594
v  11.1493 17.4500 -18.1928
v  11.1493 14.0499 -16.7588
v  11.1493 14.0499 -18.1921
v  11.1493 14.0499 -21.2588
v  11.1493 14.0499 -19.8255
v  11.1493 17.4500 -21.2594
v  11.1493 17.4500 -19.8261
v  11.1493 13.6999 -16.7588
v  11.1493 13.6999 -18.1921
v  11.1493 10.5499 -16.7588
v  11.1493 10.5499 -18.1921
v  11.1493 10.5499 -21.2588
v  11.1493 10.5499 -19.8255
v  11.1493 13.6999 -21.2588
v  11.1493 13.6999 -19.8255
v  11.1493 10.2000 -16.7588
v  11.1493 10.2000 -18.1921
v  11.1493 7.0499 -16.7588
v  11.1493 7.0499 -18.1922
v  11.1493 7.0499 -21.2588
v  11.1493 7.0499 -19.8255
v  11.1493 10.2000 -21.2588
v  11.1493 10.2000 -19.8255
v  11.1493 6.6999 -16.7588
v  11.1493 6.6999 -18.1921
v  11.1493 3.5499 -16.7588
v  11.1493 3.5499 -18.1921
v  11.1493 3.5499 -21.2588
v  11.1493 3.5499 -19.8255
v  11.1493 6.6999 -21.2588
v  11.1493 6.6999 -19.8255
v  11.1493 3.1999 -16.7588
v  11.1493 3.1999 -18.1922
v  11.1492 0.0500 -16.7596
v  11.1492 0.0500 -18.1929
v  11.1492 0.0500 -21.2596
v  11.1492 0.0500 -19.8262
v  11.1493 3.1999 -21.2588
v  11.1493 3.1999 -19.8255
v  11.1493 17.5500 -21.2594
v  11.1493 17.5500 -19.8261
v  11.1493 20.7000 -21.2595
v  11.1493 20.7000 -19.8262
v  11.1493 20.7000 -16.7595
v  11.1493 20.7000 -18.1929
v  11.1493 17.5500 -16.7594
v  11.1493 17.5500 -18.1928
v  11.1493 20.7000 -11.7595
v  11.1493 20.7000 -13.3262
v  11.1493 17.5500 -11.7594
v  11.1493 17.5500 -13.3261
v  11.1493 17.5500 -16.6594
v  11.1493 17.5500 -15.0928
v  11.1493 20.7000 -16.6595
v  11.1493 20.7000 -15.0929
v  11.1493 20.7000 -7.1596
v  11.1493 20.7000 -8.5929
v  11.1493 17.5500 -7.1595
v  11.1493 17.5500 -8.5928
v  11.1493 17.5500 -11.6594
v  11.1493 17.5500 -10.2261
v  11.1493 20.7000 -11.6595
v  11.1493 20.7000 -10.2262
v  9.9108 17.5500 25.9405
v  8.7726 17.5500 25.9405
v  9.9109 20.7000 25.9404
v  8.7727 20.7000 25.9404
v  7.4345 17.5500 25.9405
v  6.2963 17.5500 25.9405
v  7.4345 20.7000 25.9404
v  6.2963 20.7000 25.9404
v  3.8200 20.7000 25.9404
v  4.9582 20.7000 25.9404
v  3.8199 17.5500 25.9404
v  4.9581 17.5500 25.9405
v  11.1291 17.5500 25.9405
v  10.0108 17.5500 25.9405
v  11.1292 20.7000 25.9404
v  10.0109 20.7000 25.9404
v  7.5345 20.7000 25.9404
v  8.6727 20.7000 25.9404
v  7.5345 17.5500 25.9405
v  8.6726 17.5500 25.9405
v  16.1993 17.2500 -15.4596
v  16.1993 17.2500 -14.2096
v  16.1993 17.2000 -14.2596
v  16.1993 17.2000 -15.4096
v  16.1993 14.0300 -14.2096
v  16.1993 14.0800 -14.2596
v  16.1993 14.0300 -15.4596
v  16.1993 14.0800 -15.4096
v  16.1993 17.2500 -10.5596
v  16.1993 17.2500 -9.4096
v  16.1993 17.2000 -9.4596
v  16.1993 17.2000 -10.5096
v  16.1993 14.0300 -9.4096
v  16.1993 14.0800 -9.4596
v  16.1993 14.0300 -10.5596
v  16.1993 14.0800 -10.5096
v  16.1993 13.7500 -15.4596
v  16.1993 13.7500 -14.2096
v  16.1993 13.7000 -14.2596
v  16.1993 13.7000 -15.4096
v  16.1993 10.5300 -14.2096
v  16.1993 10.5800 -14.2596
v  16.1993 10.5300 -15.4596
v  16.1993 10.5800 -15.4096
v  16.1993 13.7500 -10.5596
v  16.1993 13.7500 -9.4096
v  16.1993 13.7000 -9.4596
v  16.1993 13.7000 -10.5096
v  16.1993 10.5300 -9.4096
v  16.1993 10.5800 -9.4596
v  16.1993 10.5300 -10.5596
v  16.1993 10.5800 -10.5096
v  16.1993 10.2500 -15.4596
v  16.1993 10.2500 -14.2096
v  16.1993 10.2000 -14.2596
v  16.1993 10.2000 -15.4096
v  16.1993 7.0300 -14.2096
v  16.1993 7.0800 -14.2596
v  16.1993 7.0300 -15.4596
v  16.1993 7.0800 -15.4096
v  16.1993 10.2500 -10.5596
v  16.1993 10.2500 -9.4096
v  16.1993 10.2000 -9.4596
v  16.1993 10.2000 -10.5096
v  16.1993 7.0300 -9.4096
v  16.1993 7.0800 -9.4596
v  16.1993 7.0300 -10.5596
v  16.1993 7.0800 -10.5096
v  16.1993 6.7500 -15.4596
v  16.1993 6.7500 -14.2096
v  16.1993 6.7000 -14.2596
v  16.1993 6.7000 -15.4096
v  16.1993 3.5300 -14.2096
v  16.1993 3.5800 -14.2596
v  16.1993 3.5300 -15.4596
v  16.1993 3.5800 -15.4096
v  16.1993 6.7500 -10.5596
v  16.1993 6.7500 -9.4096
v  16.1993 6.7000 -9.4596
v  16.1993 6.7000 -10.5096
v  16.1993 3.5300 -9.4096
v  16.1993 3.5800 -9.4596
v  16.1993 3.5300 -10.5596
v  16.1993 3.5800 -10.5096
v  16.1993 3.2500 -15.4596
v  16.1993 3.2500 -14.2096
v  16.1993 3.2000 -14.2596
v  16.1993 3.2000 -15.4096
v  16.1993 -0.0000 -14.2096
v  16.1993 0.0500 -14.2596
v  16.1993 -0.0000 -15.4596
v  16.1993 0.0500 -15.4096
v  16.1993 3.2500 -10.5596
v  16.1993 3.2500 -9.4096
v  16.1993 3.2000 -9.4596
v  16.1993 3.2000 -10.5096
v  16.1993 -0.0000 -9.4096
v  16.1993 0.0500 -9.4596
v  16.1993 -0.0000 -10.5596
v  16.1993 0.0500 -10.5096
v  16.1993 17.2500 -12.9596
v  16.1993 17.2000 -13.0096
v  16.1993 17.2000 -14.1596
v  16.1993 14.0300 -12.9596
v  16.1993 14.0800 -13.0096
v  16.1993 14.0800 -14.1596
v  16.1993 17.2500 -8.2596
v  16.1993 17.2000 -8.3096
v  16.1993 17.2000 -9.3596
v  16.1993 14.0300 -8.2595
v  16.1993 14.0800 -8.3096
v  16.1993 14.0800 -9.3596
v  16.1993 14.0300 -11.7096
v  16.1993 14.0800 -11.6596
v  16.1993 14.0800 -10.6096
v  16.1993 17.2500 -11.7096
v  16.1993 17.2000 -11.6596
v  16.1993 17.2000 -10.6096
v  16.1993 13.7500 -12.9596
v  16.1993 13.7000 -13.0096
v  16.1993 13.7000 -14.1596
v  16.1993 10.5300 -12.9596
v  16.1993 10.5800 -13.0096
v  16.1993 10.5800 -14.1596
v  16.1993 13.7500 -8.2596
v  16.1993 13.7000 -8.3096
v  16.1993 13.7000 -9.3596
v  16.1993 10.5300 -8.2596
v  16.1993 10.5800 -8.3096
v  16.1993 10.5800 -9.3596
v  16.1993 10.5300 -11.7096
v  16.1993 10.5800 -11.6596
v  16.1993 10.5800 -10.6096
v  16.1993 13.7500 -11.7096
v  16.1993 13.7000 -11.6596
v  16.1993 13.7000 -10.6096
v  16.1993 10.2500 -12.9596
v  16.1993 10.2000 -13.0096
v  16.1993 10.2000 -14.1596
v  16.1993 7.0300 -12.9596
v  16.1993 7.0800 -13.0096
v  16.1993 7.0800 -14.1596
v  16.1993 10.2500 -8.2596
v  16.1993 10.2000 -8.3096
v  16.1993 10.2000 -9.3596
v  16.1993 7.0300 -8.2596
v  16.1993 7.0800 -8.3096
v  16.1993 7.0800 -9.3596
v  16.1993 7.0300 -11.7096
v  16.1993 7.0800 -11.6596
v  16.1993 7.0800 -10.6096
v  16.1993 10.2500 -11.7096
v  16.1993 10.2000 -11.6596
v  16.1993 10.2000 -10.6096
v  16.1993 6.7500 -12.9596
v  16.1993 6.7000 -13.0096
v  16.1993 6.7000 -14.1596
v  16.1993 3.5300 -12.9596
v  16.1993 3.5800 -13.0096
v  16.1993 3.5800 -14.1596
v  16.1993 6.7500 -8.2596
v  16.1993 6.7000 -8.3096
v  16.1993 6.7000 -9.3596
v  16.1993 3.5300 -8.2596
v  16.1993 3.5800 -8.3096
v  16.1993 3.5800 -9.3596
v  16.1993 3.5300 -11.7096
v  16.1993 3.5800 -11.6596
v  16.1993 3.5800 -10.6096
v  16.1993 6.7500 -11.7096
v  16.1993 6.7000 -11.6596
v  16.1993 6.7000 -10.6096
v  16.1993 3.2500 -12.9596
v  16.1993 3.2000 -13.0096
v  16.1993 3.2000 -14.1596
v  16.1993 -0.0000 -12.9596
v  16.1993 0.0500 -13.0096
v  16.1993 0.0500 -14.1596
v  16.1993 3.2500 -8.2596
v  16.1993 3.2000 -8.3096
v  16.1993 3.2000 -9.3596
v  16.1993 -0.0000 -8.2596
v  16.1993 0.0500 -8.3096
v  16.1993 0.0500 -9.3596
v  16.1993 -0.0000 -11.7096
v  16.1993 0.0500 -11.6596
v  16.1993 0.0500 -10.6096
v  16.1993 3.2500 -11.7096
v  16.1993 3.2000 -11.6596
v  16.1993 3.2000 -10.6096
v  16.1493 17.2000 -14.2596
v  16.1493 17.2000 -15.4096
v  16.1493 14.0800 -14.2596
v  16.1493 14.0800 -15.4096
v  16.1493 17.2000 -9.4596
v  16.1493 17.2000 -10.5096
v  16.1493 14.0800 -9.4596
v  16.1493 14.0800 -10.5096
v  16.1493 13.7000 -14.2596
v  16.1493 13.7000 -15.4096
v  16.1493 10.5800 -14.2596
v  16.1493 10.5800 -15.4096
v  16.1493 13.7000 -9.4596
v  16.1493 13.7000 -10.5096
v  16.1493 10.5800 -9.4596
v  16.1493 10.5800 -10.5096
v  16.1493 10.2000 -14.2596
v  16.1493 10.2000 -15.4096
v  16.1493 7.0800 -14.2596
v  16.1493 7.0800 -15.4096
v  16.1493 10.2000 -9.4596
v  16.1493 10.2000 -10.5096
v  16.1493 7.0800 -9.4596
v  16.1493 7.0800 -10.5096
v  16.1493 6.7000 -14.2596
v  16.1493 6.7000 -15.4096
v  16.1493 3.5800 -14.2596
v  16.1493 3.5800 -15.4096
v  16.1493 6.7000 -9.4596
v  16.1493 6.7000 -10.5096
v  16.1493 3.5800 -9.4596
v  16.1493 3.5800 -10.5096
v  16.1493 3.2000 -14.2596
v  16.1493 3.2000 -15.4096
v  16.1493 0.0500 -14.2596
v  16.1493 0.0500 -15.4096
v  16.1493 3.2000 -9.4596
v  16.1493 3.2000 -10.5096
v  16.1493 0.0500 -9.4596
v  16.1493 0.0500 -10.5096
v  16.1493 17.2000 -13.0096
v  16.1493 17.2000 -14.1596
v  16.1493 14.0800 -13.0096
v  16.1493 14.0800 -14.1596
v  16.1493 17.2000 -8.3096
v  16.1493 17.2000 -9.3596
v  16.1493 14.0800 -8.3096
v  16.1493 14.0800 -9.3596
v  16.1493 14.0800 -11.6596
v  16.1493 14.0800 -10.6096
v  16.1493 17.2000 -11.6596
v  16.1493 17.2000 -10.6096
v  16.1493 13.7000 -13.0096
v  16.1493 13.7000 -14.1596
v  16.1493 10.5800 -13.0096
v  16.1493 10.5800 -14.1596
v  16.1493 13.7000 -8.3096
v  16.1493 13.7000 -9.3596
v  16.1493 10.5800 -8.3096
v  16.1493 10.5800 -9.3596
v  16.1493 10.5800 -11.6596
v  16.1493 10.5800 -10.6096
v  16.1493 13.7000 -11.6596
v  16.1493 13.7000 -10.6096
v  16.1493 10.2000 -13.0096
v  16.1493 10.2000 -14.1596
v  16.1493 7.0800 -13.0096
v  16.1493 7.0800 -14.1596
v  16.1493 10.2000 -8.3096
v  16.1493 10.2000 -9.3596
v  16.1493 7.0800 -8.3096
v  16.1493 7.0800 -9.3596
v  16.1493 7.0800 -11.6596
v  16.1493 7.0800 -10.6096
v  16.1493 10.2000 -11.6596
v  16.1493 10.2000 -10.6096
v  16.1493 6.7000 -13.0096
v  16.1493 6.7000 -14.1596
v  16.1493 3.5800 -13.0096
v  16.1493 3.5800 -14.1596
v  16.1493 6.7000 -8.3096
v  16.1493 6.7000 -9.3596
v  16.1493 3.5800 -8.3096
v  16.1493 3.5800 -9.3596
v  16.1493 3.5800 -11.6596
v  16.1493 3.5800 -10.6096
v  16.1493 6.7000 -11.6596
v  16.1493 6.7000 -10.6096
v  16.1493 3.2000 -13.0096
v  16.1493 3.2000 -14.1596
v  16.1493 0.0500 -13.0096
v  16.1493 0.0500 -14.1596
v  16.1493 3.2000 -8.3096
v  16.1493 3.2000 -9.3596
v  16.1493 0.0500 -8.3096
v  16.1493 0.0500 -9.3596
v  16.1493 0.0500 -11.6596
v  16.1493 0.0500 -10.6096
v  16.1493 3.2000 -11.6596
v  16.1493 3.2000 -10.6096
v  1.7993 3.5300 28.7404
v  1.7993 3.5300 29.8654
v  1.7993 3.5800 29.8154
v  1.7993 3.5800 28.7904
v  1.7993 6.7500 29.8654
v  1.7993 6.7000 29.8154
v  1.7993 6.7500 28.7404
v  1.7993 6.7000 28.7904
v  1.7993 7.0300 28.7404
v  1.7993 7.0300 29.8654
v  1.7993 7.0800 29.8154
v  1.7993 7.0800 28.7904
v  1.7993 10.2500 29.8654
v  1.7993 10.2000 29.8154
v  1.7993 10.2500 28.7404
v  1.7993 10.2000 28.7904
v  1.7993 10.5300 28.7404
v  1.7993 10.5300 29.8654
v  1.7993 10.5800 29.8154
v  1.7993 10.5800 28.7904
v  1.7993 13.7500 29.8654
v  1.7993 13.7000 29.8154
v  1.7993 13.7500 28.7404
v  1.7993 13.7000 28.7904
v  1.7993 14.0300 28.7404
v  1.7993 14.0300 29.8654
v  1.7993 14.0800 29.8154
v  1.7993 14.0800 28.7904
v  1.7993 17.2500 29.8654
v  1.7993 17.2000 29.8154
v  1.7993 17.2500 28.7404
v  1.7993 17.2000 28.7904
v  1.7993 0.0000 28.7404
v  1.7993 0.0000 29.8654
v  1.7993 0.0500 29.8154
v  1.7993 0.0500 28.7904
v  1.7993 3.2500 29.8654
v  1.7993 3.2000 29.8154
v  1.7993 3.2500 28.7404
v  1.7993 3.2000 28.7904
v  1.7993 3.5300 30.9904
v  1.7993 3.5800 30.9404
v  1.7993 3.5800 29.9154
v  1.7993 6.7500 30.9904
v  1.7993 6.7000 30.9404
v  1.7993 6.7000 29.9154
v  1.7993 7.0300 30.9904
v  1.7993 7.0800 30.9404
v  1.7993 7.0800 29.9154
v  1.7993 10.2500 30.9904
v  1.7993 10.2000 30.9404
v  1.7993 10.2000 29.9154
v  1.7993 10.5300 30.9904
v  1.7993 10.5800 30.9404
v  1.7993 10.5800 29.9154
v  1.7993 13.7500 30.9904
v  1.7993 13.7000 30.9404
v  1.7993 13.7000 29.9154
v  1.7993 14.0300 30.9904
v  1.7993 14.0800 30.9404
v  1.7993 14.0800 29.9154
v  1.7993 17.2500 30.9904
v  1.7993 17.2000 30.9404
v  1.7993 17.2000 29.9154
v  1.7993 0.0000 30.9904
v  1.7993 0.0500 30.9404
v  1.7993 0.0500 29.9154
v  1.7993 3.2500 30.9904
v  1.7993 3.2000 30.9404
v  1.7993 3.2000 29.9154
v  1.8493 3.5800 29.8154
v  1.8493 3.5800 28.7904
v  1.8493 6.7000 29.8154
v  1.8493 6.7000 28.7904
v  1.8493 7.0800 29.8154
v  1.8493 7.0800 28.7904
v  1.8493 10.2000 29.8154
v  1.8493 10.2000 28.7904
v  1.8493 10.5800 29.8154
v  1.8493 10.5800 28.7904
v  1.8493 13.7000 29.8154
v  1.8493 13.7000 28.7904
v  1.8493 14.0800 29.8154
v  1.8493 14.0800 28.7904
v  1.8493 17.2000 29.8154
v  1.8493 17.2000 28.7904
v  1.8493 0.0500 29.8154
v  1.8493 0.0500 28.7904
v  1.8493 3.2000 29.8154
v  1.8493 3.2000 28.7904
v  1.8493 3.5800 30.9404
v  1.8493 3.5800 29.9154
v  1.8493 6.7000 30.9404
v  1.8493 6.7000 29.9154
v  1.8493 7.0800 30.9404
v  1.8493 7.0800 29.9154
v  1.8493 10.2000 30.9404
v  1.8493 10.2000 29.9154
v  1.8493 10.5800 30.9404
v  1.8493 10.5800 29.9154
v  1.8493 13.7000 30.9404
v  1.8493 13.7000 29.9154
v  1.8493 14.0800 30.9404
v  1.8493 14.0800 29.9154
v  1.8493 17.2000 30.9404
v  1.8493 17.2000 29.9154
v  1.8493 0.0500 30.9404
v  1.8493 0.0500 29.9154
v  1.8493 3.2000 30.9404
v  1.8493 3.2000 29.9154
v  1.7993 3.5300 18.7904
v  1.7993 3.5300 19.8904
v  1.7993 3.5800 19.8404
v  1.7993 3.5800 18.8404
v  1.7993 6.7500 19.8904
v  1.7993 6.7000 19.8404
v  1.7993 6.7500 18.7904
v  1.7993 6.7000 18.8404
v  1.7993 7.0300 18.7904
v  1.7993 7.0300 19.8904
v  1.7993 7.0800 19.8404
v  1.7993 7.0800 18.8404
v  1.7993 10.2500 19.8904
v  1.7993 10.2000 19.8404
v  1.7993 10.2500 18.7904
v  1.7993 10.2000 18.8404
v  1.7993 10.5300 18.7904
v  1.7993 10.5300 19.8904
v  1.7993 10.5800 19.8404
v  1.7993 10.5800 18.8404
v  1.7993 13.7500 19.8904
v  1.7993 13.7000 19.8404
v  1.7993 13.7500 18.7904
v  1.7993 13.7000 18.8404
v  1.7993 14.0300 18.7904
v  1.7993 14.0300 19.8904
v  1.7993 14.0800 19.8404
v  1.7993 14.0800 18.8404
v  1.7993 17.2500 19.8904
v  1.7993 17.2000 19.8404
v  1.7993 17.2500 18.7904
v  1.7993 17.2000 18.8404
v  1.7993 0.0000 18.7904
v  1.7993 0.0000 19.8904
v  1.7993 0.0500 19.8404
v  1.7993 0.0500 18.8404
v  1.7993 3.2500 19.8904
v  1.7993 3.2000 19.8404
v  1.7993 3.2500 18.7904
v  1.7993 3.2000 18.8404
v  1.7993 3.5300 20.9904
v  1.7993 3.5800 20.9404
v  1.7993 3.5800 19.9404
v  1.7993 6.7500 20.9904
v  1.7993 6.7000 20.9404
v  1.7993 6.7000 19.9404
v  1.7993 7.0300 20.9904
v  1.7993 7.0800 20.9404
v  1.7993 7.0800 19.9404
v  1.7993 10.2500 20.9904
v  1.7993 10.2000 20.9404
v  1.7993 10.2000 19.9404
v  1.7993 10.5300 20.9904
v  1.7993 10.5800 20.9404
v  1.7993 10.5800 19.9404
v  1.7993 13.7500 20.9904
v  1.7993 13.7000 20.9404
v  1.7993 13.7000 19.9404
v  1.7993 14.0300 20.9904
v  1.7993 14.0800 20.9404
v  1.7993 14.0800 19.9404
v  1.7993 17.2500 20.9904
v  1.7993 17.2000 20.9404
v  1.7993 17.2000 19.9404
v  1.7993 0.0000 20.9904
v  1.7993 0.0500 20.9404
v  1.7993 0.0500 19.9404
v  1.7993 3.2500 20.9904
v  1.7993 3.2000 20.9404
v  1.7993 3.2000 19.9404
v  1.8493 3.5800 19.8404
v  1.8493 3.5800 18.8404
v  1.8493 6.7000 19.8404
v  1.8493 6.7000 18.8404
v  1.8493 7.0800 19.8404
v  1.8493 7.0800 18.8404
v  1.8493 10.2000 19.8404
v  1.8493 10.2000 18.8404
v  1.8493 10.5800 19.8404
v  1.8493 10.5800 18.8404
v  1.8493 13.7000 19.8404
v  1.8493 13.7000 18.8404
v  1.8493 14.0800 19.8404
v  1.8493 14.0800 18.8404
v  1.8493 17.2000 19.8404
v  1.8493 17.2000 18.8404
v  1.8493 0.0500 19.8404
v  1.8493 0.0500 18.8404
v  1.8493 3.2000 19.8404
v  1.8493 3.2000 18.8404
v  1.8493 3.5800 20.9404
v  1.8493 3.5800 19.9404
v  1.8493 6.7000 20.9404
v  1.8493 6.7000 19.9404
v  1.8493 7.0800 20.9404
v  1.8493 7.0800 19.9404
v  1.8493 10.2000 20.9404
v  1.8493 10.2000 19.9404
v  1.8493 10.5800 20.9404
v  1.8493 10.5800 19.9404
v  1.8493 13.7000 20.9404
v  1.8493 13.7000 19.9404
v  1.8493 14.0800 20.9404
v  1.8493 14.0800 19.9404
v  1.8493 17.2000 20.9404
v  1.8493 17.2000 19.9404
v  1.8493 0.0500 20.9404
v  1.8493 0.0500 19.9404
v  1.8493 3.2000 20.9404
v  1.8493 3.2000 19.9404
v  3.4993 0.0000 -10.1762
v  3.4993 0.0000 -8.6429
v  3.4993 0.0500 -8.6929
v  3.4993 0.0500 -10.1262
v  3.4993 3.2500 -8.6429
v  3.4993 3.2000 -8.6929
v  3.4993 3.2500 -10.1762
v  3.4993 3.2000 -10.1262
v  3.4993 3.5000 -10.1762
v  3.4993 3.5000 -8.6429
v  3.4993 3.5500 -8.6929
v  3.4993 3.5500 -10.1262
v  3.4993 6.7500 -8.6429
v  3.4993 6.7000 -8.6929
v  3.4993 6.7500 -10.1762
v  3.4993 6.7000 -10.1262
v  3.4993 3.5000 8.8238
v  3.4993 3.5000 10.3571
v  3.4993 3.5500 10.3071
v  3.4993 3.5500 8.8738
v  3.4993 6.7500 10.3571
v  3.4993 6.7000 10.3071
v  3.4993 6.7500 8.8238
v  3.4993 6.7000 8.8738
v  3.4993 7.0000 -10.1762
v  3.4993 7.0000 -8.6429
v  3.4993 7.0500 -8.6929
v  3.4993 7.0500 -10.1262
v  3.4993 10.2500 -8.6429
v  3.4993 10.2000 -8.6929
v  3.4993 10.2500 -10.1762
v  3.4993 10.2000 -10.1262
v  3.4993 7.0000 8.8238
v  3.4993 7.0000 10.3571
v  3.4993 7.0500 10.3071
v  3.4993 7.0500 8.8738
v  3.4993 10.2500 10.3571
v  3.4993 10.2000 10.3071
v  3.4993 10.2500 8.8238
v  3.4993 10.2000 8.8738
v  3.4993 10.5000 -10.1762
v  3.4993 10.5000 -8.6429
v  3.4993 10.5500 -8.6929
v  3.4993 10.5500 -10.1262
v  3.4993 13.7500 -8.6429
v  3.4993 13.7000 -8.6929
v  3.4993 13.7500 -10.1762
v  3.4993 13.7000 -10.1262
v  3.4993 10.5000 8.8238
v  3.4993 10.5000 10.3571
v  3.4993 10.5500 10.3071
v  3.4993 10.5500 8.8738
v  3.4993 13.7500 10.3571
v  3.4993 13.7000 10.3071
v  3.4993 13.7500 8.8238
v  3.4993 13.7000 8.8738
v  3.4993 14.0000 -10.1762
v  3.4993 14.0000 -8.6429
v  3.4993 14.0500 -8.6929
v  3.4993 14.0500 -10.1262
v  3.4993 17.2500 -8.6429
v  3.4993 17.2000 -8.6929
v  3.4993 17.2500 -10.1762
v  3.4993 17.2000 -10.1262
v  3.4993 14.0000 8.8238
v  3.4993 14.0000 10.3571
v  3.4993 14.0500 10.3071
v  3.4993 14.0500 8.8738
v  3.4993 17.2500 10.3571
v  3.4993 17.2000 10.3071
v  3.4993 17.2500 8.8238
v  3.4993 17.2000 8.8738
v  3.4993 17.5000 -10.1762
v  3.4993 17.5000 -8.6429
v  3.4993 17.5500 -8.6929
v  3.4993 17.5500 -10.1262
v  3.4993 20.7500 -8.6429
v  3.4993 20.7000 -8.6929
v  3.4993 20.7500 -10.1762
v  3.4993 20.7000 -10.1262
v  3.4993 17.5000 8.8238
v  3.4993 17.5000 10.3571
v  3.4993 17.5500 10.3071
v  3.4993 17.5500 8.8738
v  3.4993 20.7500 10.3571
v  3.4993 20.7000 10.3071
v  3.4993 20.7500 8.8238
v  3.4993 20.7000 8.8738
v  3.4993 0.0000 8.8238
v  3.4993 0.0000 10.3571
v  3.4993 0.0500 10.3071
v  3.4993 0.0500 8.8738
v  3.4993 3.2500 10.3571
v  3.4993 3.2000 10.3071
v  3.4993 3.2500 8.8238
v  3.4993 3.2000 8.8738
v  3.4993 3.5300 22.8238
v  3.4993 3.5300 24.3571
v  3.4993 3.5800 24.3071
v  3.4993 3.5800 22.8738
v  3.4993 6.7500 24.3571
v  3.4993 6.7000 24.3071
v  3.4993 6.7500 22.8238
v  3.4993 6.7000 22.8738
v  3.4993 7.0300 22.8238
v  3.4993 7.0300 24.3571
v  3.4993 7.0800 24.3071
v  3.4993 7.0800 22.8738
v  3.4993 10.2500 24.3571
v  3.4993 10.2000 24.3071
v  3.4993 10.2500 22.8238
v  3.4993 10.2000 22.8738
v  3.4993 10.5300 22.8238
v  3.4993 10.5300 24.3571
v  3.4993 10.5800 24.3071
v  3.4993 10.5800 22.8738
v  3.4993 13.7500 24.3571
v  3.4993 13.7000 24.3071
v  3.4993 13.7500 22.8238
v  3.4993 13.7000 22.8738
v  3.4993 14.0300 22.8238
v  3.4993 14.0300 24.3571
v  3.4993 14.0800 24.3071
v  3.4993 14.0800 22.8738
v  3.4993 17.2500 24.3571
v  3.4993 17.2000 24.3071
v  3.4993 17.2500 22.8238
v  3.4993 17.2000 22.8738
v  3.4993 0.0000 22.8238
v  3.4993 0.0000 24.3571
v  3.4993 0.0500 24.3071
v  3.4993 0.0500 22.8738
v  3.4993 3.2500 24.3571
v  3.4993 3.2000 24.3071
v  3.4993 3.2500 22.8238
v  3.4993 3.2000 22.8738
v  3.4993 0.0000 -7.1096
v  3.4993 0.0500 -7.1596
v  3.4993 0.0500 -8.5929
v  3.4993 3.2500 -7.1096
v  3.4993 3.2000 -7.1596
v  3.4993 3.2000 -8.5929
v  3.4993 3.2500 -11.7096
v  3.4993 3.2000 -11.6596
v  3.4993 3.2000 -10.2262
v  3.4993 0.0000 -11.7096
v  3.4993 0.0500 -11.6596
v  3.4993 0.0500 -10.2262
v  3.4993 3.5000 -7.1096
v  3.4993 3.5500 -7.1596
v  3.4993 3.5500 -8.5929
v  3.4993 6.7500 -7.1096
v  3.4993 6.7000 -7.1596
v  3.4993 6.7000 -8.5929
v  3.4993 6.7500 -11.7096
v  3.4993 6.7000 -11.6596
v  3.4993 6.7000 -10.2262
v  3.4993 3.5000 -11.7096
v  3.4993 3.5500 -11.6596
v  3.4993 3.5500 -10.2262
v  3.4993 3.5000 11.8904
v  3.4993 3.5500 11.8404
v  3.4993 3.5500 10.4071
v  3.4993 6.7500 11.8904
v  3.4993 6.7000 11.8404
v  3.4993 6.7000 10.4071
v  3.4993 6.7500 7.2904
v  3.4993 6.7000 7.3404
v  3.4993 6.7000 8.7738
v  3.4993 3.5000 7.2904
v  3.4993 3.5500 7.3404
v  3.4993 3.5500 8.7738
v  3.4993 7.0000 -7.1096
v  3.4993 7.0500 -7.1596
v  3.4993 7.0500 -8.5929
v  3.4993 10.2500 -7.1096
v  3.4993 10.2000 -7.1596
v  3.4993 10.2000 -8.5929
v  3.4993 10.2500 -11.7096
v  3.4993 10.2000 -11.6596
v  3.4993 10.2000 -10.2262
v  3.4993 7.0000 -11.7096
v  3.4993 7.0500 -11.6596
v  3.4993 7.0500 -10.2262
v  3.4993 7.0000 11.8904
v  3.4993 7.0500 11.8404
v  3.4993 7.0500 10.4071
v  3.4993 10.2500 11.8904
v  3.4993 10.2000 11.8404
v  3.4993 10.2000 10.4071
v  3.4993 10.2500 7.2904
v  3.4993 10.2000 7.3404
v  3.4993 10.2000 8.7738
v  3.4993 7.0000 7.2904
v  3.4993 7.0500 7.3404
v  3.4993 7.0500 8.7738
v  3.4993 10.5000 -7.1096
v  3.4993 10.5500 -7.1596
v  3.4993 10.5500 -8.5929
v  3.4993 13.7500 -7.1096
v  3.4993 13.7000 -7.1596
v  3.4993 13.7000 -8.5929
v  3.4993 13.7500 -11.7096
v  3.4993 13.7000 -11.6596
v  3.4993 13.7000 -10.2262
v  3.4993 10.5000 -11.7096
v  3.4993 10.5500 -11.6596
v  3.4993 10.5500 -10.2262
v  3.4993 10.5000 11.8904
v  3.4993 10.5500 11.8404
v  3.4993 10.5500 10.4071
v  3.4993 13.7500 11.8904
v  3.4993 13.7000 11.8404
v  3.4993 13.7000 10.4071
v  3.4993 13.7500 7.2904
v  3.4993 13.7000 7.3404
v  3.4993 13.7000 8.7738
v  3.4993 10.5000 7.2904
v  3.4993 10.5500 7.3404
v  3.4993 10.5500 8.7738
v  3.4993 14.0000 -7.1096
v  3.4993 14.0500 -7.1596
v  3.4993 14.0500 -8.5929
v  3.4993 17.2500 -7.1096
v  3.4993 17.2000 -7.1596
v  3.4993 17.2000 -8.5929
v  3.4993 17.2500 -11.7096
v  3.4993 17.2000 -11.6596
v  3.4993 17.2000 -10.2262
v  3.4993 14.0000 -11.7096
v  3.4993 14.0500 -11.6596
v  3.4993 14.0500 -10.2262
v  3.4993 14.0000 11.8904
v  3.4993 14.0500 11.8404
v  3.4993 14.0500 10.4071
v  3.4993 17.2500 11.8904
v  3.4993 17.2000 11.8404
v  3.4993 17.2000 10.4071
v  3.4993 17.2500 7.2904
v  3.4993 17.2000 7.3404
v  3.4993 17.2000 8.7738
v  3.4993 14.0000 7.2904
v  3.4993 14.0500 7.3404
v  3.4993 14.0500 8.7738
v  3.4993 17.5000 -7.1096
v  3.4993 17.5500 -7.1596
v  3.4993 17.5500 -8.5929
v  3.4993 20.7500 -7.1096
v  3.4993 20.7000 -7.1596
v  3.4993 20.7000 -8.5929
v  3.4993 20.7500 -11.7096
v  3.4993 20.7000 -11.6596
v  3.4993 20.7000 -10.2262
v  3.4993 17.5000 -11.7096
v  3.4993 17.5500 -11.6596
v  3.4993 17.5500 -10.2262
v  3.4993 17.5000 11.8904
v  3.4993 17.5500 11.8404
v  3.4993 17.5500 10.4071
v  3.4993 20.7500 11.8904
v  3.4993 20.7000 11.8404
v  3.4993 20.7000 10.4071
v  3.4993 20.7500 7.2904
v  3.4993 20.7000 7.3404
v  3.4993 20.7000 8.7738
v  3.4993 17.5000 7.2904
v  3.4993 17.5500 7.3404
v  3.4993 17.5500 8.7738
v  3.4993 0.0000 11.8904
v  3.4993 0.0500 11.8404
v  3.4993 0.0500 10.4071
v  3.4993 3.2500 11.8904
v  3.4993 3.2000 11.8404
v  3.4993 3.2000 10.4071
v  3.4993 3.2500 7.2904
v  3.4993 3.2000 7.3404
v  3.4993 3.2000 8.7738
v  3.4993 0.0000 7.2904
v  3.4993 0.0500 7.3404
v  3.4993 0.0500 8.7738
v  3.4993 3.5300 25.8904
v  3.4993 3.5800 25.8404
v  3.4993 3.5800 24.4071
v  3.4993 6.7500 25.8904
v  3.4993 6.7000 25.8404
v  3.4993 6.7000 24.4071
v  3.4993 6.7500 21.2904
v  3.4993 6.7000 21.3404
v  3.4993 6.7000 22.7738
v  3.4993 3.5300 21.2904
v  3.4993 3.5800 21.3404
v  3.4993 3.5800 22.7738
v  3.4993 7.0300 25.8904
v  3.4993 7.0800 25.8404
v  3.4993 7.0800 24.4071
v  3.4993 10.2500 25.8904
v  3.4993 10.2000 25.8404
v  3.4993 10.2000 24.4071
v  3.4993 10.2500 21.2904
v  3.4993 10.2000 21.3404
v  3.4993 10.2000 22.7738
v  3.4993 7.0300 21.2904
v  3.4993 7.0800 21.3404
v  3.4993 7.0800 22.7738
v  3.4993 10.5300 25.8904
v  3.4993 10.5800 25.8404
v  3.4993 10.5800 24.4071
v  3.4993 13.7500 25.8904
v  3.4993 13.7000 25.8404
v  3.4993 13.7000 24.4071
v  3.4993 13.7500 21.2904
v  3.4993 13.7000 21.3404
v  3.4993 13.7000 22.7738
v  3.4993 10.5300 21.2904
v  3.4993 10.5800 21.3404
v  3.4993 10.5800 22.7738
v  3.4993 14.0300 25.8904
v  3.4993 14.0800 25.8404
v  3.4993 14.0800 24.4071
v  3.4993 17.2500 25.8904
v  3.4993 17.2000 25.8404
v  3.4993 17.2000 24.4071
v  3.4993 17.2500 21.2904
v  3.4993 17.2000 21.3404
v  3.4993 17.2000 22.7738
v  3.4993 14.0300 21.2904
v  3.4993 14.0800 21.3404
v  3.4993 14.0800 22.7738
v  3.4993 0.0000 25.8904
v  3.4993 0.0500 25.8404
v  3.4993 0.0500 24.4071
v  3.4993 3.2500 25.8904
v  3.4993 3.2000 25.8404
v  3.4993 3.2000 24.4071
v  3.4993 3.2500 21.2904
v  3.4993 3.2000 21.3404
v  3.4993 3.2000 22.7738
v  3.4993 0.0000 21.2904
v  3.4993 0.0500 21.3404
v  3.4993 0.0500 22.7738
v  3.5493 0.0500 -8.6929
v  3.5493 0.0500 -10.1262
v  3.5493 3.2000 -8.6929
v  3.5493 3.2000 -10.1262
v  3.5493 3.5500 -8.6929
v  3.5493 3.5500 -10.1262
v  3.5493 6.7000 -8.6929
v  3.5493 6.7000 -10.1262
v  3.5493 3.5500 10.3071
v  3.5493 3.5500 8.8738
v  3.5493 6.7000 10.3071
v  3.5493 6.7000 8.8738
v  3.5493 7.0500 -8.6929
v  3.5493 7.0500 -10.1262
v  3.5493 10.2000 -8.6929
v  3.5493 10.2000 -10.1262
v  3.5493 7.0500 10.3071
v  3.5493 7.0500 8.8738
v  3.5493 10.2000 10.3071
v  3.5493 10.2000 8.8738
v  3.5493 10.5500 -8.6929
v  3.5493 10.5500 -10.1262
v  3.5493 13.7000 -8.6929
v  3.5493 13.7000 -10.1262
v  3.5493 10.5500 10.3071
v  3.5493 10.5500 8.8738
v  3.5493 13.7000 10.3071
v  3.5493 13.7000 8.8738
v  3.5493 14.0500 -8.6929
v  3.5493 14.0500 -10.1262
v  3.5493 17.2000 -8.6929
v  3.5493 17.2000 -10.1262
v  3.5493 14.0500 10.3071
v  3.5493 14.0500 8.8738
v  3.5493 17.2000 10.3071
v  3.5493 17.2000 8.8738
v  3.5493 17.5500 -8.6929
v  3.5493 17.5500 -10.1262
v  3.5493 20.7000 -8.6929
v  3.5493 20.7000 -10.1262
v  3.5493 17.5500 10.3071
v  3.5493 17.5500 8.8738
v  3.5493 20.7000 10.3071
v  3.5493 20.7000 8.8738
v  3.5493 0.0500 10.3071
v  3.5493 0.0500 8.8738
v  3.5493 3.2000 10.3071
v  3.5493 3.2000 8.8738
v  3.5493 3.5800 24.3071
v  3.5493 3.5800 22.8738
v  3.5493 6.7000 24.3071
v  3.5493 6.7000 22.8738
v  3.5493 7.0800 24.3071
v  3.5493 7.0800 22.8738
v  3.5493 10.2000 24.3071
v  3.5493 10.2000 22.8738
v  3.5493 10.5800 24.3071
v  3.5493 10.5800 22.8738
v  3.5493 13.7000 24.3071
v  3.5493 13.7000 22.8738
v  3.5493 14.0800 24.3071
v  3.5493 14.0800 22.8738
v  3.5493 17.2000 24.3071
v  3.5493 17.2000 22.8738
v  3.5493 0.0500 24.3071
v  3.5493 0.0500 22.8738
v  3.5493 3.2000 24.3071
v  3.5493 3.2000 22.8738
v  3.5493 0.0500 -7.1596
v  3.5493 0.0500 -8.5929
v  3.5493 3.2000 -7.1596
v  3.5493 3.2000 -8.5929
v  3.5493 3.2000 -11.6596
v  3.5493 3.2000 -10.2262
v  3.5493 0.0500 -11.6596
v  3.5493 0.0500 -10.2262
v  3.5493 3.5500 -7.1596
v  3.5493 3.5500 -8.5929
v  3.5493 6.7000 -7.1596
v  3.5493 6.7000 -8.5929
v  3.5493 6.7000 -11.6596
v  3.5493 6.7000 -10.2262
v  3.5493 3.5500 -11.6596
v  3.5493 3.5500 -10.2262
v  3.5493 3.5500 11.8404
v  3.5493 3.5500 10.4071
v  3.5493 6.7000 11.8404
v  3.5493 6.7000 10.4071
v  3.5493 6.7000 7.3404
v  3.5493 6.7000 8.7738
v  3.5493 3.5500 7.3404
v  3.5493 3.5500 8.7738
v  3.5493 7.0500 -7.1596
v  3.5493 7.0500 -8.5929
v  3.5493 10.2000 -7.1596
v  3.5493 10.2000 -8.5929
v  3.5493 10.2000 -11.6596
v  3.5493 10.2000 -10.2262
v  3.5493 7.0500 -11.6596
v  3.5493 7.0500 -10.2262
v  3.5493 7.0500 11.8404
v  3.5493 7.0500 10.4071
v  3.5493 10.2000 11.8404
v  3.5493 10.2000 10.4071
v  3.5493 10.2000 7.3404
v  3.5493 10.2000 8.7738
v  3.5493 7.0500 7.3404
v  3.5493 7.0500 8.7738
v  3.5493 10.5500 -7.1596
v  3.5493 10.5500 -8.5929
v  3.5493 13.7000 -7.1596
v  3.5493 13.7000 -8.5929
v  3.5493 13.7000 -11.6596
v  3.5493 13.7000 -10.2262
v  3.5493 10.5500 -11.6596
v  3.5493 10.5500 -10.2262
v  3.5493 10.5500 11.8404
v  3.5493 10.5500 10.4071
v  3.5493 13.7000 11.8404
v  3.5493 13.7000 10.4071
v  3.5493 13.7000 7.3404
v  3.5493 13.7000 8.7738
v  3.5493 10.5500 7.3404
v  3.5493 10.5500 8.7738
v  3.5493 14.0500 -7.1596
v  3.5493 14.0500 -8.5929
v  3.5493 17.2000 -7.1596
v  3.5493 17.2000 -8.5929
v  3.5493 17.2000 -11.6596
v  3.5493 17.2000 -10.2262
v  3.5493 14.0500 -11.6596
v  3.5493 14.0500 -10.2262
v  3.5493 14.0500 11.8404
v  3.5493 14.0500 10.4071
v  3.5493 17.2000 11.8404
v  3.5493 17.2000 10.4071
v  3.5493 17.2000 7.3404
v  3.5493 17.2000 8.7738
v  3.5493 14.0500 7.3404
v  3.5493 14.0500 8.7738
v  3.5493 17.5500 -7.1596
v  3.5493 17.5500 -8.5929
v  3.5493 20.7000 -7.1596
v  3.5493 20.7000 -8.5929
v  3.5493 20.7000 -11.6596
v  3.5493 20.7000 -10.2262
v  3.5493 17.5500 -11.6596
v  3.5493 17.5500 -10.2262
v  3.5493 17.5500 11.8404
v  3.5493 17.5500 10.4071
v  3.5493 20.7000 11.8404
v  3.5493 20.7000 10.4071
v  3.5493 20.7000 7.3404
v  3.5493 20.7000 8.7738
v  3.5493 17.5500 7.3404
v  3.5493 17.5500 8.7738
v  3.5493 0.0500 11.8404
v  3.5493 0.0500 10.4071
v  3.5493 3.2000 11.8404
v  3.5493 3.2000 10.4071
v  3.5493 3.2000 7.3404
v  3.5493 3.2000 8.7738
v  3.5493 0.0500 7.3404
v  3.5493 0.0500 8.7738
v  3.5493 3.5800 25.8404
v  3.5493 3.5800 24.4071
v  3.5493 6.7000 25.8404
v  3.5493 6.7000 24.4071
v  3.5493 6.7000 21.3404
v  3.5493 6.7000 22.7738
v  3.5493 3.5800 21.3404
v  3.5493 3.5800 22.7738
v  3.5493 7.0800 25.8404
v  3.5493 7.0800 24.4071
v  3.5493 10.2000 25.8404
v  3.5493 10.2000 24.4071
v  3.5493 10.2000 21.3404
v  3.5493 10.2000 22.7738
v  3.5493 7.0800 21.3404
v  3.5493 7.0800 22.7738
v  3.5493 10.5800 25.8404
v  3.5493 10.5800 24.4071
v  3.5493 13.7000 25.8404
v  3.5493 13.7000 24.4071
v  3.5493 13.7000 21.3404
v  3.5493 13.7000 22.7738
v  3.5493 10.5800 21.3404
v  3.5493 10.5800 22.7738
v  3.5493 14.0800 25.8404
v  3.5493 14.0800 24.4071
v  3.5493 17.2000 25.8404
v  3.5493 17.2000 24.4071
v  3.5493 17.2000 21.3404
v  3.5493 17.2000 22.7738
v  3.5493 14.0800 21.3404
v  3.5493 14.0800 22.7738
v  3.5493 0.0500 25.8404
v  3.5493 0.0500 24.4071
v  3.5493 3.2000 25.8404
v  3.5493 3.2000 24.4071
v  3.5493 3.2000 21.3404
v  3.5493 3.2000 22.7738
v  3.5493 0.0500 21.3404
v  3.5493 0.0500 22.7738
v  1.7993 0.0000 -16.7096
v  1.7993 0.0000 -15.4596
v  1.7993 0.0500 -15.5096
v  1.7993 0.0500 -16.6596
v  1.7993 3.2500 -15.4596
v  1.7993 3.2000 -15.5096
v  1.7993 3.2500 -16.7096
v  1.7993 3.2000 -16.6596
v  1.7993 3.5300 -16.7096
v  1.7993 3.5300 -15.4596
v  1.7993 3.5800 -15.5096
v  1.7993 3.5800 -16.6596
v  1.7993 6.7500 -15.4596
v  1.7993 6.7000 -15.5096
v  1.7993 6.7500 -16.7096
v  1.7993 6.7000 -16.6596
v  1.7993 3.5300 2.2904
v  1.7993 3.5300 3.5404
v  1.7993 3.5800 3.4904
v  1.7993 3.5800 2.3404
v  1.7993 6.7500 3.5404
v  1.7993 6.7000 3.4904
v  1.7993 6.7500 2.2904
v  1.7993 6.7000 2.3404
v  1.7993 7.0300 -16.7096
v  1.7993 7.0300 -15.4596
v  1.7993 7.0800 -15.5096
v  1.7993 7.0800 -16.6596
v  1.7993 10.2500 -15.4596
v  1.7993 10.2000 -15.5096
v  1.7993 10.2500 -16.7096
v  1.7993 10.2000 -16.6596
v  1.7993 7.0300 2.2904
v  1.7993 7.0300 3.5404
v  1.7993 7.0800 3.4904
v  1.7993 7.0800 2.3404
v  1.7993 10.2500 3.5404
v  1.7993 10.2000 3.4904
v  1.7993 10.2500 2.2904
v  1.7993 10.2000 2.3404
v  1.7993 10.5300 -16.7096
v  1.7993 10.5300 -15.4596
v  1.7993 10.5800 -15.5096
v  1.7993 10.5800 -16.6596
v  1.7993 13.7500 -15.4596
v  1.7993 13.7000 -15.5096
v  1.7993 13.7500 -16.7096
v  1.7993 13.7000 -16.6596
v  1.7993 10.5300 2.2904
v  1.7993 10.5300 3.5404
v  1.7993 10.5800 3.4904
v  1.7993 10.5800 2.3404
v  1.7993 13.7500 3.5404
v  1.7993 13.7000 3.4904
v  1.7993 13.7500 2.2904
v  1.7993 13.7000 2.3404
v  1.7993 14.0300 -16.7096
v  1.7993 14.0300 -15.4596
v  1.7993 14.0800 -15.5096
v  1.7993 14.0800 -16.6596
v  1.7993 17.2500 -15.4596
v  1.7993 17.2000 -15.5096
v  1.7993 17.2500 -16.7096
v  1.7993 17.2000 -16.6596
v  1.7993 14.0300 2.2904
v  1.7993 14.0300 3.5404
v  1.7993 14.0800 3.4904
v  1.7993 14.0800 2.3404
v  1.7993 17.2500 3.5404
v  1.7993 17.2000 3.4904
v  1.7993 17.2500 2.2904
v  1.7993 17.2000 2.3404
v  1.7993 17.5300 -16.7096
v  1.7993 17.5300 -15.4596
v  1.7993 17.5800 -15.5096
v  1.7993 17.5800 -16.6596
v  1.7993 20.7500 -15.4596
v  1.7993 20.7000 -15.5096
v  1.7993 20.7500 -16.7096
v  1.7993 20.7000 -16.6596
v  1.7993 17.5300 2.2904
v  1.7993 17.5300 3.5404
v  1.7993 17.5800 3.4904
v  1.7993 17.5800 2.3404
v  1.7993 20.7500 3.5404
v  1.7993 20.7000 3.4904
v  1.7993 20.7500 2.2904
v  1.7993 20.7000 2.3404
v  1.7993 3.2500 2.2904
v  1.7993 0.0000 2.2904
v  1.7993 0.0500 2.3404
v  1.7993 3.2000 2.3404
v  1.7993 0.0000 3.5404
v  1.7993 0.0500 3.4904
v  1.7993 3.2500 3.5404
v  1.7993 3.2000 3.4904
v  1.7993 3.5300 -21.3096
v  1.7993 3.5300 -20.1596
v  1.7993 3.5800 -20.2096
v  1.7993 3.5800 -21.2596
v  1.7993 6.7500 -20.1596
v  1.7993 6.7000 -20.2096
v  1.7993 6.7500 -21.3096
v  1.7993 6.7000 -21.2596
v  1.7993 7.0300 -21.3096
v  1.7993 7.0300 -20.1596
v  1.7993 7.0800 -20.2096
v  1.7993 7.0800 -21.2596
v  1.7993 10.2500 -20.1596
v  1.7993 10.2000 -20.2096
v  1.7993 10.2500 -21.3096
v  1.7993 10.2000 -21.2596
v  1.7993 10.5300 -21.3096
v  1.7993 10.5300 -20.1596
v  1.7993 10.5800 -20.2096
v  1.7993 10.5800 -21.2596
v  1.7993 13.7500 -20.1596
v  1.7993 13.7000 -20.2096
v  1.7993 13.7500 -21.3096
v  1.7993 13.7000 -21.2596
v  1.7993 14.0300 -21.3096
v  1.7993 14.0300 -20.1596
v  1.7993 14.0800 -20.2096
v  1.7993 14.0800 -21.2596
v  1.7993 17.2500 -20.1596
v  1.7993 17.2000 -20.2096
v  1.7993 17.2500 -21.3096
v  1.7993 17.2000 -21.2596
v  1.7993 17.5300 -21.3096
v  1.7993 17.5300 -20.1596
v  1.7993 17.5800 -20.2096
v  1.7993 17.5800 -21.2596
v  1.7993 20.7500 -20.1596
v  1.7993 20.7000 -20.2096
v  1.7993 20.7500 -21.3096
v  1.7993 20.7000 -21.2596
v  1.7993 0.0000 -21.3096
v  1.7993 0.0000 -20.1596
v  1.7993 0.0500 -20.2096
v  1.7993 0.0500 -21.2596
v  1.7993 3.2500 -20.1596
v  1.7993 3.2000 -20.2096
v  1.7993 3.2500 -21.3096
v  1.7993 3.2000 -21.2596
v  1.7993 3.5300 -2.3096
v  1.7993 3.5300 -1.1596
v  1.7993 3.5800 -1.2096
v  1.7993 3.5800 -2.2596
v  1.7993 6.7500 -1.1596
v  1.7993 6.7000 -1.2096
v  1.7993 6.7500 -2.3096
v  1.7993 6.7000 -2.2596
v  1.7993 7.0300 -2.3096
v  1.7993 7.0300 -1.1596
v  1.7993 7.0800 -1.2096
v  1.7993 7.0800 -2.2596
v  1.7993 10.2500 -1.1596
v  1.7993 10.2000 -1.2096
v  1.7993 10.2500 -2.3096
v  1.7993 10.2000 -2.2596
v  1.7993 10.5300 -2.3096
v  1.7993 10.5300 -1.1596
v  1.7993 10.5800 -1.2096
v  1.7993 10.5800 -2.2596
v  1.7993 13.7500 -1.1596
v  1.7993 13.7000 -1.2096
v  1.7993 13.7500 -2.3096
v  1.7993 13.7000 -2.2596
v  1.7993 14.0300 -2.3096
v  1.7993 14.0300 -1.1596
v  1.7993 14.0800 -1.2096
v  1.7993 14.0800 -2.2596
v  1.7993 17.2500 -1.1596
v  1.7993 17.2000 -1.2096
v  1.7993 17.2500 -2.3096
v  1.7993 17.2000 -2.2596
v  1.7993 17.5300 -2.3096
v  1.7993 17.5300 -1.1596
v  1.7993 17.5800 -1.2096
v  1.7993 17.5800 -2.2596
v  1.7993 20.7500 -1.1596
v  1.7993 20.7000 -1.2096
v  1.7993 20.7500 -2.3096
v  1.7993 20.7000 -2.2596
v  1.7993 0.0000 -2.3096
v  1.7993 0.0000 -1.1596
v  1.7993 0.0500 -1.2096
v  1.7993 0.0500 -2.2596
v  1.7993 3.2500 -1.1596
v  1.7993 3.2000 -1.2096
v  1.7993 3.2500 -2.3096
v  1.7993 3.2000 -2.2596
v  1.7993 0.0000 -14.2096
v  1.7993 0.0500 -14.2596
v  1.7993 0.0500 -15.4096
v  1.7993 3.2500 -14.2096
v  1.7993 3.2000 -14.2596
v  1.7993 3.2000 -15.4096
v  1.7993 3.5300 -14.2096
v  1.7993 3.5800 -14.2596
v  1.7993 3.5800 -15.4096
v  1.7993 6.7500 -14.2096
v  1.7993 6.7000 -14.2596
v  1.7993 6.7000 -15.4096
v  1.7993 3.5300 4.7904
v  1.7993 3.5800 4.7404
v  1.7993 3.5800 3.5904
v  1.7993 6.7500 4.7904
v  1.7993 6.7000 4.7404
v  1.7993 6.7000 3.5904
v  1.7993 7.0300 -14.2096
v  1.7993 7.0800 -14.2596
v  1.7993 7.0800 -15.4096
v  1.7993 10.2500 -14.2096
v  1.7993 10.2000 -14.2596
v  1.7993 10.2000 -15.4096
v  1.7993 7.0300 4.7904
v  1.7993 7.0800 4.7404
v  1.7993 7.0800 3.5904
v  1.7993 10.2500 4.7904
v  1.7993 10.2000 4.7404
v  1.7993 10.2000 3.5904
v  1.7993 10.5300 -14.2096
v  1.7993 10.5800 -14.2596
v  1.7993 10.5800 -15.4096
v  1.7993 13.7500 -14.2096
v  1.7993 13.7000 -14.2596
v  1.7993 13.7000 -15.4096
v  1.7993 10.5300 4.7904
v  1.7993 10.5800 4.7404
v  1.7993 10.5800 3.5904
v  1.7993 13.7500 4.7904
v  1.7993 13.7000 4.7404
v  1.7993 13.7000 3.5904
v  1.7993 14.0300 -14.2096
v  1.7993 14.0800 -14.2596
v  1.7993 14.0800 -15.4096
v  1.7993 17.2500 -14.2096
v  1.7993 17.2000 -14.2596
v  1.7993 17.2000 -15.4096
v  1.7993 14.0300 4.7904
v  1.7993 14.0800 4.7404
v  1.7993 14.0800 3.5904
v  1.7993 17.2500 4.7904
v  1.7993 17.2000 4.7404
v  1.7993 17.2000 3.5904
v  1.7993 17.5300 -14.2096
v  1.7993 17.5800 -14.2596
v  1.7993 17.5800 -15.4096
v  1.7993 20.7500 -14.2096
v  1.7993 20.7000 -14.2596
v  1.7993 20.7000 -15.4096
v  1.7993 17.5300 4.7904
v  1.7993 17.5800 4.7404
v  1.7993 17.5800 3.5904
v  1.7993 20.7500 4.7904
v  1.7993 20.7000 4.7404
v  1.7993 20.7000 3.5904
v  1.7993 0.0000 4.7904
v  1.7993 0.0500 4.7404
v  1.7993 0.0500 3.5904
v  1.7993 3.2500 4.7904
v  1.7993 3.2000 4.7404
v  1.7993 3.2000 3.5904
v  1.7993 3.5300 -19.0096
v  1.7993 3.5800 -19.0596
v  1.7993 3.5800 -20.1096
v  1.7993 6.7500 -19.0096
v  1.7993 6.7000 -19.0596
v  1.7993 6.7000 -20.1096
v  1.7993 7.0300 -19.0096
v  1.7993 7.0800 -19.0596
v  1.7993 7.0800 -20.1096
v  1.7993 10.2500 -19.0096
v  1.7993 10.2000 -19.0596
v  1.7993 10.2000 -20.1096
v  1.7993 10.5300 -19.0096
v  1.7993 10.5800 -19.0596
v  1.7993 10.5800 -20.1096
v  1.7993 13.7500 -19.0096
v  1.7993 13.7000 -19.0596
v  1.7993 13.7000 -20.1096
v  1.7993 14.0300 -19.0096
v  1.7993 14.0800 -19.0596
v  1.7993 14.0800 -20.1096
v  1.7993 17.2500 -19.0096
v  1.7993 17.2000 -19.0596
v  1.7993 17.2000 -20.1096
v  1.7993 17.5300 -19.0096
v  1.7993 17.5800 -19.0596
v  1.7993 17.5800 -20.1096
v  1.7993 20.7500 -19.0096
v  1.7993 20.7000 -19.0596
v  1.7993 20.7000 -20.1096
v  1.7993 0.0000 -19.0096
v  1.7993 0.0500 -19.0596
v  1.7993 0.0500 -20.1096
v  1.7993 3.2500 -19.0096
v  1.7993 3.2000 -19.0596
v  1.7993 3.2000 -20.1096
v  1.7993 3.5300 -0.0096
v  1.7993 3.5800 -0.0596
v  1.7993 3.5800 -1.1096
v  1.7993 6.7500 -0.0096
v  1.7993 6.7000 -0.0596
v  1.7993 6.7000 -1.1096
v  1.7993 7.0300 -0.0096
v  1.7993 7.0800 -0.0596
v  1.7993 7.0800 -1.1096
v  1.7993 10.2500 -0.0096
v  1.7993 10.2000 -0.0596
v  1.7993 10.2000 -1.1096
v  1.7993 10.5300 -0.0096
v  1.7993 10.5800 -0.0596
v  1.7993 10.5800 -1.1096
v  1.7993 13.7500 -0.0096
v  1.7993 13.7000 -0.0596
v  1.7993 13.7000 -1.1096
v  1.7993 14.0300 -0.0096
v  1.7993 14.0800 -0.0596
v  1.7993 14.0800 -1.1096
v  1.7993 17.2500 -0.0096
v  1.7993 17.2000 -0.0596
v  1.7993 17.2000 -1.1096
v  1.7993 17.5300 -0.0096
v  1.7993 17.5800 -0.0596
v  1.7993 17.5800 -1.1096
v  1.7993 20.7500 -0.0096
v  1.7993 20.7000 -0.0596
v  1.7993 20.7000 -1.1096
v  1.7993 0.0000 -0.0096
v  1.7993 0.0500 -0.0596
v  1.7993 0.0500 -1.1096
v  1.7993 3.2500 -0.0096
v  1.7993 3.2000 -0.0596
v  1.7993 3.2000 -1.1096
v  1.8493 0.0500 -15.5096
v  1.8493 0.0500 -16.6596
v  1.8493 3.2000 -15.5096
v  1.8493 3.2000 -16.6596
v  1.8493 3.5800 -15.5096
v  1.8493 3.5800 -16.6596
v  1.8493 6.7000 -15.5096
v  1.8493 6.7000 -16.6596
v  1.8493 3.5800 3.4904
v  1.8493 3.5800 2.3404
v  1.8493 6.7000 3.4904
v  1.8493 6.7000 2.3404
v  1.8493 7.0800 -15.5096
v  1.8493 7.0800 -16.6596
v  1.8493 10.2000 -15.5096
v  1.8493 10.2000 -16.6596
v  1.8493 7.0800 3.4904
v  1.8493 7.0800 2.3404
v  1.8493 10.2000 3.4904
v  1.8493 10.2000 2.3404
v  1.8493 10.5800 -15.5096
v  1.8493 10.5800 -16.6596
v  1.8493 13.7000 -15.5096
v  1.8493 13.7000 -16.6596
v  1.8493 10.5800 3.4904
v  1.8493 10.5800 2.3404
v  1.8493 13.7000 3.4904
v  1.8493 13.7000 2.3404
v  1.8493 14.0800 -15.5096
v  1.8493 14.0800 -16.6596
v  1.8493 17.2000 -15.5096
v  1.8493 17.2000 -16.6596
v  1.8493 14.0800 3.4904
v  1.8493 14.0800 2.3404
v  1.8493 17.2000 3.4904
v  1.8493 17.2000 2.3404
v  1.8493 17.5800 -15.5096
v  1.8493 17.5800 -16.6596
v  1.8493 20.7000 -15.5096
v  1.8493 20.7000 -16.6596
v  1.8493 17.5800 3.4904
v  1.8493 17.5800 2.3404
v  1.8493 20.7000 3.4904
v  1.8493 20.7000 2.3404
v  1.8493 0.0500 2.3404
v  1.8493 3.2000 2.3404
v  1.8493 0.0500 3.4904
v  1.8493 3.2000 3.4904
v  1.8493 3.5800 -20.2096
v  1.8493 3.5800 -21.2596
v  1.8493 6.7000 -20.2096
v  1.8493 6.7000 -21.2596
v  1.8493 7.0800 -20.2096
v  1.8493 7.0800 -21.2596
v  1.8493 10.2000 -20.2096
v  1.8493 10.2000 -21.2596
v  1.8493 10.5800 -20.2096
v  1.8493 10.5800 -21.2596
v  1.8493 13.7000 -20.2096
v  1.8493 13.7000 -21.2596
v  1.8493 14.0800 -20.2096
v  1.8493 14.0800 -21.2596
v  1.8493 17.2000 -20.2096
v  1.8493 17.2000 -21.2596
v  1.8493 17.5800 -20.2096
v  1.8493 17.5800 -21.2596
v  1.8493 20.7000 -20.2096
v  1.8493 20.7000 -21.2596
v  1.8493 0.0500 -20.2096
v  1.8493 0.0500 -21.2596
v  1.8493 3.2000 -20.2096
v  1.8493 3.2000 -21.2596
v  1.8493 3.5800 -1.2096
v  1.8493 3.5800 -2.2596
v  1.8493 6.7000 -1.2096
v  1.8493 6.7000 -2.2596
v  1.8493 7.0800 -1.2096
v  1.8493 7.0800 -2.2596
v  1.8493 10.2000 -1.2096
v  1.8493 10.2000 -2.2596
v  1.8493 10.5800 -1.2096
v  1.8493 10.5800 -2.2596
v  1.8493 13.7000 -1.2096
v  1.8493 13.7000 -2.2596
v  1.8493 14.0800 -1.2096
v  1.8493 14.0800 -2.2596
v  1.8493 17.2000 -1.2096
v  1.8493 17.2000 -2.2596
v  1.8493 17.5800 -1.2096
v  1.8493 17.5800 -2.2596
v  1.8493 20.7000 -1.2096
v  1.8493 20.7000 -2.2596
v  1.8493 0.0500 -1.2096
v  1.8493 0.0500 -2.2596
v  1.8493 3.2000 -1.2096
v  1.8493 3.2000 -2.2596
v  1.8493 0.0500 -14.2596
v  1.8493 0.0500 -15.4096
v  1.8493 3.2000 -14.2596
v  1.8493 3.2000 -15.4096
v  1.8493 3.5800 -14.2596
v  1.8493 3.5800 -15.4096
v  1.8493 6.7000 -14.2596
v  1.8493 6.7000 -15.4096
v  1.8493 3.5800 4.7404
v  1.8493 3.5800 3.5904
v  1.8493 6.7000 4.7404
v  1.8493 6.7000 3.5904
v  1.8493 7.0800 -14.2596
v  1.8493 7.0800 -15.4096
v  1.8493 10.2000 -14.2596
v  1.8493 10.2000 -15.4096
v  1.8493 7.0800 4.7404
v  1.8493 7.0800 3.5904
v  1.8493 10.2000 4.7404
v  1.8493 10.2000 3.5904
v  1.8493 10.5800 -14.2596
v  1.8493 10.5800 -15.4096
v  1.8493 13.7000 -14.2596
v  1.8493 13.7000 -15.4096
v  1.8493 10.5800 4.7404
v  1.8493 10.5800 3.5904
v  1.8493 13.7000 4.7404
v  1.8493 13.7000 3.5904
v  1.8493 14.0800 -14.2596
v  1.8493 14.0800 -15.4096
v  1.8493 17.2000 -14.2596
v  1.8493 17.2000 -15.4096
v  1.8493 14.0800 4.7404
v  1.8493 14.0800 3.5904
v  1.8493 17.2000 4.7404
v  1.8493 17.2000 3.5904
v  1.8493 17.5800 -14.2596
v  1.8493 17.5800 -15.4096
v  1.8493 20.7000 -14.2596
v  1.8493 20.7000 -15.4096
v  1.8493 17.5800 4.7404
v  1.8493 17.5800 3.5904
v  1.8493 20.7000 4.7404
v  1.8493 20.7000 3.5904
v  1.8493 0.0500 4.7404
v  1.8493 0.0500 3.5904
v  1.8493 3.2000 4.7404
v  1.8493 3.2000 3.5904
v  1.8493 3.5800 -19.0596
v  1.8493 3.5800 -20.1096
v  1.8493 6.7000 -19.0596
v  1.8493 6.7000 -20.1096
v  1.8493 7.0800 -19.0596
v  1.8493 7.0800 -20.1096
v  1.8493 10.2000 -19.0596
v  1.8493 10.2000 -20.1096
v  1.8493 10.5800 -19.0596
v  1.8493 10.5800 -20.1096
v  1.8493 13.7000 -19.0596
v  1.8493 13.7000 -20.1096
v  1.8493 14.0800 -19.0596
v  1.8493 14.0800 -20.1096
v  1.8493 17.2000 -19.0596
v  1.8493 17.2000 -20.1096
v  1.8493 17.5800 -19.0596
v  1.8493 17.5800 -20.1096
v  1.8493 20.7000 -19.0596
v  1.8493 20.7000 -20.1096
v  1.8493 0.0500 -19.0596
v  1.8493 0.0500 -20.1096
v  1.8493 3.2000 -19.0596
v  1.8493 3.2000 -20.1096
v  1.8493 3.5800 -0.0596
v  1.8493 3.5800 -1.1096
v  1.8493 6.7000 -0.0596
v  1.8493 6.7000 -1.1096
v  1.8493 7.0800 -0.0596
v  1.8493 7.0800 -1.1096
v  1.8493 10.2000 -0.0596
v  1.8493 10.2000 -1.1096
v  1.8493 10.5800 -0.0596
v  1.8493 10.5800 -1.1096
v  1.8493 13.7000 -0.0596
v  1.8493 13.7000 -1.1096
v  1.8493 14.0800 -0.0596
v  1.8493 14.0800 -1.1096
v  1.8493 17.2000 -0.0596
v  1.8493 17.2000 -1.1096
v  1.8493 17.5800 -0.0596
v  1.8493 17.5800 -1.1096
v  1.8493 20.7000 -0.0596
v  1.8493 20.7000 -1.1096
v  1.8493 0.0500 -0.0596
v  1.8493 0.0500 -1.1096
v  1.8493 3.2000 -0.0596
v  1.8493 3.2000 -1.1096
v  3.7993 3.2500 -5.3762
v  3.7993 3.2500 -4.0429
v  3.7993 3.3000 -4.0929
v  3.7993 3.3000 -5.3262
v  3.7993 3.5000 -4.0429
v  3.7993 3.4500 -4.0929
v  3.7993 3.5000 -5.3762
v  3.7993 3.4500 -5.3262
v  3.7993 3.2500 13.6238
v  3.7993 3.2500 14.9571
v  3.7993 3.3000 14.9071
v  3.7993 3.3000 13.6738
v  3.7993 3.5000 14.9571
v  3.7993 3.4500 14.9071
v  3.7993 3.5000 13.6238
v  3.7993 3.4500 13.6738
v  3.7993 3.5500 -4.0929
v  3.7993 3.5500 -5.3262
v  3.7993 6.7500 -4.0429
v  3.7993 6.7000 -4.0929
v  3.7993 6.7500 -5.3762
v  3.7993 6.7000 -5.3262
v  3.7993 3.5500 14.9071
v  3.7993 3.5500 13.6738
v  3.7993 6.7500 14.9571
v  3.7993 6.7000 14.9071
v  3.7993 6.7500 13.6238
v  3.7993 6.7000 13.6738
v  3.7993 7.0000 -5.3762
v  3.7993 7.0000 -4.0429
v  3.7993 7.0500 -4.0929
v  3.7993 7.0500 -5.3262
v  3.7993 10.2500 -4.0429
v  3.7993 10.2000 -4.0929
v  3.7993 10.2500 -5.3762
v  3.7993 10.2000 -5.3262
v  3.7993 7.0000 13.6238
v  3.7993 7.0000 14.9571
v  3.7993 7.0500 14.9071
v  3.7993 7.0500 13.6738
v  3.7993 10.2500 14.9571
v  3.7993 10.2000 14.9071
v  3.7993 10.2500 13.6238
v  3.7993 10.2000 13.6738
v  3.7993 10.5000 -5.3762
v  3.7993 10.5000 -4.0429
v  3.7993 10.5500 -4.0929
v  3.7993 10.5500 -5.3262
v  3.7993 13.7500 -4.0429
v  3.7993 13.7000 -4.0929
v  3.7993 13.7500 -5.3762
v  3.7993 13.7000 -5.3262
v  3.7993 10.5000 13.6238
v  3.7993 10.5000 14.9571
v  3.7993 10.5500 14.9071
v  3.7993 10.5500 13.6738
v  3.7993 13.7500 14.9571
v  3.7993 13.7000 14.9071
v  3.7993 13.7500 13.6238
v  3.7993 13.7000 13.6738
v  3.7993 14.0000 -5.3762
v  3.7993 14.0000 -4.0429
v  3.7993 14.0500 -4.0929
v  3.7993 14.0500 -5.3262
v  3.7993 17.2500 -4.0429
v  3.7993 17.2000 -4.0929
v  3.7993 17.2500 -5.3762
v  3.7993 17.2000 -5.3262
v  3.7993 14.0000 13.6238
v  3.7993 14.0000 14.9571
v  3.7993 14.0500 14.9071
v  3.7993 14.0500 13.6738
v  3.7993 17.2500 14.9571
v  3.7993 17.2000 14.9071
v  3.7993 17.2500 13.6238
v  3.7993 17.2000 13.6738
v  3.7993 17.5000 -5.3762
v  3.7993 17.5000 -4.0429
v  3.7993 17.5500 -4.0929
v  3.7993 17.5500 -5.3262
v  3.7993 20.9500 -4.0429
v  3.7993 20.9000 -4.0929
v  3.7993 20.9500 -5.3762
v  3.7993 20.9000 -5.3262
v  3.7993 17.5000 13.6238
v  3.7993 17.5000 14.9571
v  3.7993 17.5500 14.9071
v  3.7993 17.5500 13.6738
v  3.7993 20.9500 14.9571
v  3.7993 20.9000 14.9071
v  3.7993 20.9500 13.6238
v  3.7993 20.9000 13.6738
v  3.7993 0.0000 -5.3762
v  3.7993 0.0000 -4.0429
v  3.7993 0.0500 -4.0929
v  3.7993 0.0500 -5.3262
v  3.7993 3.2000 -4.0929
v  3.7993 3.2000 -5.3262
v  3.7993 0.0000 13.6238
v  3.7993 0.0000 14.9571
v  3.7993 0.0500 14.9071
v  3.7993 0.0500 13.6738
v  3.7993 3.2000 14.9071
v  3.7993 3.2000 13.6738
v  3.7993 6.9500 -5.3262
v  3.7993 6.9500 -4.0929
v  3.7993 6.8000 -5.3262
v  3.7993 6.8000 -4.0929
v  3.7993 6.9500 13.6738
v  3.7993 6.9500 14.9071
v  3.7993 6.8000 13.6738
v  3.7993 6.8000 14.9071
v  3.7993 10.4500 -5.3262
v  3.7993 10.4500 -4.0929
v  3.7993 10.3000 -5.3262
v  3.7993 10.3000 -4.0929
v  3.7993 10.4500 13.6738
v  3.7993 10.4500 14.9071
v  3.7993 10.3000 13.6738
v  3.7993 10.3000 14.9071
v  3.7993 13.9500 -5.3262
v  3.7993 13.9500 -4.0929
v  3.7993 13.8000 -5.3262
v  3.7993 13.8000 -4.0929
v  3.7993 13.9500 13.6738
v  3.7993 13.9500 14.9071
v  3.7993 13.8000 13.6738
v  3.7993 13.8000 14.9071
v  3.7993 17.4500 -5.3262
v  3.7993 17.4500 -4.0929
v  3.7993 17.3000 -5.3262
v  3.7993 17.3000 -4.0929
v  3.7993 17.4500 13.6738
v  3.7993 17.4500 14.9071
v  3.7993 17.3000 13.6738
v  3.7993 17.3000 14.9071
v  3.7993 21.2000 -4.0429
v  3.7993 21.2000 -5.3762
v  3.7993 21.1500 -5.3262
v  3.7993 21.1500 -4.0929
v  3.7993 21.0000 -5.3262
v  3.7993 21.0000 -4.0929
v  3.7993 21.2000 14.9571
v  3.7993 21.2000 13.6238
v  3.7993 21.1500 13.6738
v  3.7993 21.1500 14.9071
v  3.7993 21.0000 13.6738
v  3.7993 21.0000 14.9071
v  3.7993 21.2500 -4.0929
v  3.7993 21.2500 -5.3262
v  3.7993 23.7500 -4.0429
v  3.7993 23.7000 -4.0929
v  3.7993 23.7500 -5.3762
v  3.7993 23.7000 -5.3262
v  3.7993 21.2500 14.9071
v  3.7993 21.2500 13.6738
v  3.7993 23.7500 14.9571
v  3.7993 23.7000 14.9071
v  3.7993 23.7500 13.6238
v  3.7993 23.7000 13.6738
v  3.7993 3.2500 -2.7096
v  3.7993 3.3000 -2.7596
v  3.7993 3.3000 -3.9929
v  3.7993 3.5000 -2.7096
v  3.7993 3.4500 -2.7596
v  3.7993 3.4500 -3.9929
v  3.7993 3.5000 -6.7096
v  3.7993 3.4500 -6.6596
v  3.7993 3.4500 -5.4262
v  3.7993 3.2500 -6.7096
v  3.7993 3.3000 -6.6596
v  3.7993 3.3000 -5.4262
v  3.7993 3.2500 16.2904
v  3.7993 3.3000 16.2404
v  3.7993 3.3000 15.0071
v  3.7993 3.5000 16.2904
v  3.7993 3.4500 16.2404
v  3.7993 3.4500 15.0071
v  3.7993 3.5000 12.2904
v  3.7993 3.4500 12.3404
v  3.7993 3.4500 13.5738
v  3.7993 3.2500 12.2904
v  3.7993 3.3000 12.3404
v  3.7993 3.3000 13.5738
v  3.7993 3.5500 -2.7596
v  3.7993 3.5500 -3.9929
v  3.7993 6.7500 -2.7096
v  3.7993 6.7000 -2.7596
v  3.7993 6.7000 -3.9929
v  3.7993 6.7500 -6.7096
v  3.7993 6.7000 -6.6596
v  3.7993 6.7000 -5.4262
v  3.7993 3.5500 -6.6596
v  3.7993 3.5500 -5.4262
v  3.7993 3.5500 16.2404
v  3.7993 3.5500 15.0071
v  3.7993 6.7500 16.2904
v  3.7993 6.7000 16.2404
v  3.7993 6.7000 15.0071
v  3.7993 6.7500 12.2904
v  3.7993 6.7000 12.3404
v  3.7993 6.7000 13.5738
v  3.7993 3.5500 12.3404
v  3.7993 3.5500 13.5738
v  3.7993 7.0000 -2.7096
v  3.7993 7.0500 -2.7596
v  3.7993 7.0500 -3.9929
v  3.7993 10.2500 -2.7096
v  3.7993 10.2000 -2.7596
v  3.7993 10.2000 -3.9929
v  3.7993 10.2500 -6.7096
v  3.7993 10.2000 -6.6596
v  3.7993 10.2000 -5.4262
v  3.7993 7.0000 -6.7096
v  3.7993 7.0500 -6.6596
v  3.7993 7.0500 -5.4262
v  3.7993 7.0000 16.2904
v  3.7993 7.0500 16.2404
v  3.7993 7.0500 15.0071
v  3.7993 10.2500 16.2904
v  3.7993 10.2000 16.2404
v  3.7993 10.2000 15.0071
v  3.7993 10.2500 12.2904
v  3.7993 10.2000 12.3404
v  3.7993 10.2000 13.5738
v  3.7993 7.0000 12.2904
v  3.7993 7.0500 12.3404
v  3.7993 7.0500 13.5738
v  3.7993 10.5000 -2.7096
v  3.7993 10.5500 -2.7596
v  3.7993 10.5500 -3.9929
v  3.7993 13.7500 -2.7096
v  3.7993 13.7000 -2.7596
v  3.7993 13.7000 -3.9929
v  3.7993 13.7500 -6.7096
v  3.7993 13.7000 -6.6596
v  3.7993 13.7000 -5.4262
v  3.7993 10.5000 -6.7096
v  3.7993 10.5500 -6.6596
v  3.7993 10.5500 -5.4262
v  3.7993 10.5000 16.2904
v  3.7993 10.5500 16.2404
v  3.7993 10.5500 15.0071
v  3.7993 13.7500 16.2904
v  3.7993 13.7000 16.2404
v  3.7993 13.7000 15.0071
v  3.7993 13.7500 12.2904
v  3.7993 13.7000 12.3404
v  3.7993 13.7000 13.5738
v  3.7993 10.5000 12.2904
v  3.7993 10.5500 12.3404
v  3.7993 10.5500 13.5738
v  3.7993 14.0000 -2.7096
v  3.7993 14.0500 -2.7596
v  3.7993 14.0500 -3.9929
v  3.7993 17.2500 -2.7096
v  3.7993 17.2000 -2.7596
v  3.7993 17.2000 -3.9929
v  3.7993 17.2500 -6.7096
v  3.7993 17.2000 -6.6596
v  3.7993 17.2000 -5.4262
v  3.7993 14.0000 -6.7096
v  3.7993 14.0500 -6.6596
v  3.7993 14.0500 -5.4262
v  3.7993 14.0000 16.2904
v  3.7993 14.0500 16.2404
v  3.7993 14.0500 15.0071
v  3.7993 17.2500 16.2904
v  3.7993 17.2000 16.2404
v  3.7993 17.2000 15.0071
v  3.7993 17.2500 12.2904
v  3.7993 17.2000 12.3404
v  3.7993 17.2000 13.5738
v  3.7993 14.0000 12.2904
v  3.7993 14.0500 12.3404
v  3.7993 14.0500 13.5738
v  3.7993 17.5000 -2.7096
v  3.7993 17.5500 -2.7596
v  3.7993 17.5500 -3.9929
v  3.7993 20.9500 -2.7096
v  3.7993 20.9000 -2.7596
v  3.7993 20.9000 -3.9929
v  3.7993 20.9500 -6.7096
v  3.7993 20.9000 -6.6596
v  3.7993 20.9000 -5.4262
v  3.7993 17.5000 -6.7096
v  3.7993 17.5500 -6.6596
v  3.7993 17.5500 -5.4262
v  3.7993 17.5000 16.2904
v  3.7993 17.5500 16.2404
v  3.7993 17.5500 15.0071
v  3.7993 20.9500 16.2904
v  3.7993 20.9000 16.2404
v  3.7993 20.9000 15.0071
v  3.7993 20.9500 12.2904
v  3.7993 20.9000 12.3404
v  3.7993 20.9000 13.5738
v  3.7993 17.5000 12.2904
v  3.7993 17.5500 12.3404
v  3.7993 17.5500 13.5738
v  3.7993 0.0000 -2.7096
v  3.7993 0.0500 -2.7596
v  3.7993 0.0500 -3.9929
v  3.7993 3.2000 -2.7596
v  3.7993 3.2000 -3.9929
v  3.7993 3.2000 -6.6596
v  3.7993 3.2000 -5.4262
v  3.7993 0.0000 -6.7096
v  3.7993 0.0500 -6.6596
v  3.7993 0.0500 -5.4262
v  3.7993 0.0000 16.2904
v  3.7993 0.0500 16.2404
v  3.7993 0.0500 15.0071
v  3.7993 3.2000 16.2404
v  3.7993 3.2000 15.0071
v  3.7993 3.2000 12.3404
v  3.7993 3.2000 13.5738
v  3.7993 0.0000 12.2904
v  3.7993 0.0500 12.3404
v  3.7993 0.0500 13.5738
v  3.7993 6.9500 -6.6596
v  3.7993 6.9500 -5.4262
v  3.7993 6.8000 -6.6596
v  3.7993 6.8000 -5.4262
v  3.7993 6.8000 -2.7596
v  3.7993 6.8000 -3.9929
v  3.7993 6.9500 -2.7596
v  3.7993 6.9500 -3.9929
v  3.7993 6.9500 12.3404
v  3.7993 6.9500 13.5738
v  3.7993 6.8000 12.3404
v  3.7993 6.8000 13.5738
v  3.7993 6.8000 16.2404
v  3.7993 6.8000 15.0071
v  3.7993 6.9500 16.2404
v  3.7993 6.9500 15.0071
v  3.7993 10.4500 -6.6596
v  3.7993 10.4500 -5.4262
v  3.7993 10.3000 -6.6596
v  3.7993 10.3000 -5.4262
v  3.7993 10.3000 -2.7596
v  3.7993 10.3000 -3.9929
v  3.7993 10.4500 -2.7596
v  3.7993 10.4500 -3.9929
v  3.7993 10.4500 12.3404
v  3.7993 10.4500 13.5738
v  3.7993 10.3000 12.3404
v  3.7993 10.3000 13.5738
v  3.7993 10.3000 16.2404
v  3.7993 10.3000 15.0071
v  3.7993 10.4500 16.2404
v  3.7993 10.4500 15.0071
v  3.7993 13.9500 -6.6596
v  3.7993 13.9500 -5.4262
v  3.7993 13.8000 -6.6596
v  3.7993 13.8000 -5.4262
v  3.7993 13.8000 -2.7596
v  3.7993 13.8000 -3.9929
v  3.7993 13.9500 -2.7596
v  3.7993 13.9500 -3.9929
v  3.7993 13.9500 12.3404
v  3.7993 13.9500 13.5738
v  3.7993 13.8000 12.3404
v  3.7993 13.8000 13.5738
v  3.7993 13.8000 16.2404
v  3.7993 13.8000 15.0071
v  3.7993 13.9500 16.2404
v  3.7993 13.9500 15.0071
v  3.7993 17.4500 -6.6596
v  3.7993 17.4500 -5.4262
v  3.7993 17.3000 -6.6596
v  3.7993 17.3000 -5.4262
v  3.7993 17.3000 -2.7596
v  3.7993 17.3000 -3.9929
v  3.7993 17.4500 -2.7596
v  3.7993 17.4500 -3.9929
v  3.7993 17.4500 12.3404
v  3.7993 17.4500 13.5738
v  3.7993 17.3000 12.3404
v  3.7993 17.3000 13.5738
v  3.7993 17.3000 16.2404
v  3.7993 17.3000 15.0071
v  3.7993 17.4500 16.2404
v  3.7993 17.4500 15.0071
v  3.7993 21.2000 -6.7096
v  3.7993 21.1500 -6.6596
v  3.7993 21.1500 -5.4262
v  3.7993 21.0000 -6.6596
v  3.7993 21.0000 -5.4262
v  3.7993 21.0000 -2.7596
v  3.7993 21.0000 -3.9929
v  3.7993 21.2000 -2.7096
v  3.7993 21.1500 -2.7596
v  3.7993 21.1500 -3.9929
v  3.7993 21.2000 12.2904
v  3.7993 21.1500 12.3404
v  3.7993 21.1500 13.5738
v  3.7993 21.0000 12.3404
v  3.7993 21.0000 13.5738
v  3.7993 21.0000 16.2404
v  3.7993 21.0000 15.0071
v  3.7993 21.2000 16.2904
v  3.7993 21.1500 16.2404
v  3.7993 21.1500 15.0071
v  3.7993 21.2500 -2.7596
v  3.7993 21.2500 -3.9929
v  3.7993 23.7500 -2.7096
v  3.7993 23.7000 -2.7596
v  3.7993 23.7000 -3.9929
v  3.7993 23.7500 -6.7096
v  3.7993 23.7000 -6.6596
v  3.7993 23.7000 -5.4262
v  3.7993 21.2500 -6.6596
v  3.7993 21.2500 -5.4262
v  3.7993 21.2500 16.2404
v  3.7993 21.2500 15.0071
v  3.7993 23.7500 16.2904
v  3.7993 23.7000 16.2404
v  3.7993 23.7000 15.0071
v  3.7993 23.7500 12.2904
v  3.7993 23.7000 12.3404
v  3.7993 23.7000 13.5738
v  3.7993 21.2500 12.3404
v  3.7993 21.2500 13.5738
v  3.8493 3.3000 -4.0929
v  3.8493 3.3000 -5.3262
v  3.8493 3.4500 -4.0929
v  3.8493 3.4500 -5.3262
v  3.8493 3.3000 14.9071
v  3.8493 3.3000 13.6738
v  3.8493 3.4500 14.9071
v  3.8493 3.4500 13.6738
v  3.8493 3.5500 -4.0929
v  3.8493 3.5500 -5.3262
v  3.8493 6.7000 -4.0929
v  3.8493 6.7000 -5.3262
v  3.8493 3.5500 14.9071
v  3.8493 3.5500 13.6738
v  3.8493 6.7000 14.9071
v  3.8493 6.7000 13.6738
v  3.8493 7.0500 -4.0929
v  3.8493 7.0500 -5.3262
v  3.8493 10.2000 -4.0929
v  3.8493 10.2000 -5.3262
v  3.8493 7.0500 14.9071
v  3.8493 7.0500 13.6738
v  3.8493 10.2000 14.9071
v  3.8493 10.2000 13.6738
v  3.8493 10.5500 -4.0929
v  3.8493 10.5500 -5.3262
v  3.8493 13.7000 -4.0929
v  3.8493 13.7000 -5.3262
v  3.8493 10.5500 14.9071
v  3.8493 10.5500 13.6738
v  3.8493 13.7000 14.9071
v  3.8493 13.7000 13.6738
v  3.8493 14.0500 -4.0929
v  3.8493 14.0500 -5.3262
v  3.8493 17.2000 -4.0929
v  3.8493 17.2000 -5.3262
v  3.8493 14.0500 14.9071
v  3.8493 14.0500 13.6738
v  3.8493 17.2000 14.9071
v  3.8493 17.2000 13.6738
v  3.8493 17.5500 -4.0929
v  3.8493 17.5500 -5.3262
v  3.8493 20.9000 -4.0929
v  3.8493 20.9000 -5.3262
v  3.8493 17.5500 14.9071
v  3.8493 17.5500 13.6738
v  3.8493 20.9000 14.9071
v  3.8493 20.9000 13.6738
v  3.8493 0.0500 -4.0929
v  3.8493 0.0500 -5.3262
v  3.8493 3.2000 -4.0929
v  3.8493 3.2000 -5.3262
v  3.8493 0.0500 14.9071
v  3.8493 0.0500 13.6738
v  3.8493 3.2000 14.9071
v  3.8493 3.2000 13.6738
v  3.8493 6.9500 -5.3262
v  3.8493 6.9500 -4.0929
v  3.8493 6.8000 -5.3262
v  3.8493 6.8000 -4.0929
v  3.8493 6.9500 13.6738
v  3.8493 6.9500 14.9071
v  3.8493 6.8000 13.6738
v  3.8493 6.8000 14.9071
v  3.8493 10.4500 -5.3262
v  3.8493 10.4500 -4.0929
v  3.8493 10.3000 -5.3262
v  3.8493 10.3000 -4.0929
v  3.8493 10.4500 13.6738
v  3.8493 10.4500 14.9071
v  3.8493 10.3000 13.6738
v  3.8493 10.3000 14.9071
v  3.8493 13.9500 -5.3262
v  3.8493 13.9500 -4.0929
v  3.8493 13.8000 -5.3262
v  3.8493 13.8000 -4.0929
v  3.8493 13.9500 13.6738
v  3.8493 13.9500 14.9071
v  3.8493 13.8000 13.6738
v  3.8493 13.8000 14.9071
v  3.8493 17.4500 -5.3262
v  3.8493 17.4500 -4.0929
v  3.8493 17.3000 -5.3262
v  3.8493 17.3000 -4.0929
v  3.8493 17.4500 13.6738
v  3.8493 17.4500 14.9071
v  3.8493 17.3000 13.6738
v  3.8493 17.3000 14.9071
v  3.8493 21.1500 -5.3262
v  3.8493 21.1500 -4.0929
v  3.8493 21.0000 -5.3262
v  3.8493 21.0000 -4.0929
v  3.8493 21.1500 13.6738
v  3.8493 21.1500 14.9071
v  3.8493 21.0000 13.6738
v  3.8493 21.0000 14.9071
v  3.8493 21.2500 -4.0929
v  3.8493 21.2500 -5.3262
v  3.8493 23.7000 -4.0929
v  3.8493 23.7000 -5.3262
v  3.8493 21.2500 14.9071
v  3.8493 21.2500 13.6738
v  3.8493 23.7000 14.9071
v  3.8493 23.7000 13.6738
v  3.8493 3.3000 -2.7596
v  3.8493 3.3000 -3.9929
v  3.8493 3.4500 -2.7596
v  3.8493 3.4500 -3.9929
v  3.8493 3.4500 -6.6596
v  3.8493 3.4500 -5.4262
v  3.8493 3.3000 -6.6596
v  3.8493 3.3000 -5.4262
v  3.8493 3.3000 16.2404
v  3.8493 3.3000 15.0071
v  3.8493 3.4500 16.2404
v  3.8493 3.4500 15.0071
v  3.8493 3.4500 12.3404
v  3.8493 3.4500 13.5738
v  3.8493 3.3000 12.3404
v  3.8493 3.3000 13.5738
v  3.8493 3.5500 -2.7596
v  3.8493 3.5500 -3.9929
v  3.8493 6.7000 -2.7596
v  3.8493 6.7000 -3.9929
v  3.8493 6.7000 -6.6596
v  3.8493 6.7000 -5.4262
v  3.8493 3.5500 -6.6596
v  3.8493 3.5500 -5.4262
v  3.8493 3.5500 16.2404
v  3.8493 3.5500 15.0071
v  3.8493 6.7000 16.2404
v  3.8493 6.7000 15.0071
v  3.8493 6.7000 12.3404
v  3.8493 6.7000 13.5738
v  3.8493 3.5500 12.3404
v  3.8493 3.5500 13.5738
v  3.8493 7.0500 -2.7596
v  3.8493 7.0500 -3.9929
v  3.8493 10.2000 -2.7596
v  3.8493 10.2000 -3.9929
v  3.8493 10.2000 -6.6596
v  3.8493 10.2000 -5.4262
v  3.8493 7.0500 -6.6596
v  3.8493 7.0500 -5.4262
v  3.8493 7.0500 16.2404
v  3.8493 7.0500 15.0071
v  3.8493 10.2000 16.2404
v  3.8493 10.2000 15.0071
v  3.8493 10.2000 12.3404
v  3.8493 10.2000 13.5738
v  3.8493 7.0500 12.3404
v  3.8493 7.0500 13.5738
v  3.8493 10.5500 -2.7596
v  3.8493 10.5500 -3.9929
v  3.8493 13.7000 -2.7596
v  3.8493 13.7000 -3.9929
v  3.8493 13.7000 -6.6596
v  3.8493 13.7000 -5.4262
v  3.8493 10.5500 -6.6596
v  3.8493 10.5500 -5.4262
v  3.8493 10.5500 16.2404
v  3.8493 10.5500 15.0071
v  3.8493 13.7000 16.2404
v  3.8493 13.7000 15.0071
v  3.8493 13.7000 12.3404
v  3.8493 13.7000 13.5738
v  3.8493 10.5500 12.3404
v  3.8493 10.5500 13.5738
v  3.8493 14.0500 -2.7596
v  3.8493 14.0500 -3.9929
v  3.8493 17.2000 -2.7596
v  3.8493 17.2000 -3.9929
v  3.8493 17.2000 -6.6596
v  3.8493 17.2000 -5.4262
v  3.8493 14.0500 -6.6596
v  3.8493 14.0500 -5.4262
v  3.8493 14.0500 16.2404
v  3.8493 14.0500 15.0071
v  3.8493 17.2000 16.2404
v  3.8493 17.2000 15.0071
v  3.8493 17.2000 12.3404
v  3.8493 17.2000 13.5738
v  3.8493 14.0500 12.3404
v  3.8493 14.0500 13.5738
v  3.8493 17.5500 -2.7596
v  3.8493 17.5500 -3.9929
v  3.8493 20.9000 -2.7596
v  3.8493 20.9000 -3.9929
v  3.8493 20.9000 -6.6596
v  3.8493 20.9000 -5.4262
v  3.8493 17.5500 -6.6596
v  3.8493 17.5500 -5.4262
v  3.8493 17.5500 16.2404
v  3.8493 17.5500 15.0071
v  3.8493 20.9000 16.2404
v  3.8493 20.9000 15.0071
v  3.8493 20.9000 12.3404
v  3.8493 20.9000 13.5738
v  3.8493 17.5500 12.3404
v  3.8493 17.5500 13.5738
v  3.8493 0.0500 -2.7596
v  3.8493 0.0500 -3.9929
v  3.8493 3.2000 -2.7596
v  3.8493 3.2000 -3.9929
v  3.8493 3.2000 -6.6596
v  3.8493 3.2000 -5.4262
v  3.8493 0.0500 -6.6596
v  3.8493 0.0500 -5.4262
v  3.8493 0.0500 16.2404
v  3.8493 0.0500 15.0071
v  3.8493 3.2000 16.2404
v  3.8493 3.2000 15.0071
v  3.8493 3.2000 12.3404
v  3.8493 3.2000 13.5738
v  3.8493 0.0500 12.3404
v  3.8493 0.0500 13.5738
v  3.8493 6.9500 -6.6596
v  3.8493 6.9500 -5.4262
v  3.8493 6.8000 -6.6596
v  3.8493 6.8000 -5.4262
v  3.8493 6.8000 -2.7596
v  3.8493 6.8000 -3.9929
v  3.8493 6.9500 -2.7596
v  3.8493 6.9500 -3.9929
v  3.8493 6.9500 12.3404
v  3.8493 6.9500 13.5738
v  3.8493 6.8000 12.3404
v  3.8493 6.8000 13.5738
v  3.8493 6.8000 16.2404
v  3.8493 6.8000 15.0071
v  3.8493 6.9500 16.2404
v  3.8493 6.9500 15.0071
v  3.8493 10.4500 -6.6596
v  3.8493 10.4500 -5.4262
v  3.8493 10.3000 -6.6596
v  3.8493 10.3000 -5.4262
v  3.8493 10.3000 -2.7596
v  3.8493 10.3000 -3.9929
v  3.8493 10.4500 -2.7596
v  3.8493 10.4500 -3.9929
v  3.8493 10.4500 12.3404
v  3.8493 10.4500 13.5738
v  3.8493 10.3000 12.3404
v  3.8493 10.3000 13.5738
v  3.8493 10.3000 16.2404
v  3.8493 10.3000 15.0071
v  3.8493 10.4500 16.2404
v  3.8493 10.4500 15.0071
v  3.8493 13.9500 -6.6596
v  3.8493 13.9500 -5.4262
v  3.8493 13.8000 -6.6596
v  3.8493 13.8000 -5.4262
v  3.8493 13.8000 -2.7596
v  3.8493 13.8000 -3.9929
v  3.8493 13.9500 -2.7596
v  3.8493 13.9500 -3.9929
v  3.8493 13.9500 12.3404
v  3.8493 13.9500 13.5738
v  3.8493 13.8000 12.3404
v  3.8493 13.8000 13.5738
v  3.8493 13.8000 16.2404
v  3.8493 13.8000 15.0071
v  3.8493 13.9500 16.2404
v  3.8493 13.9500 15.0071
v  3.8493 17.4500 -6.6596
v  3.8493 17.4500 -5.4262
v  3.8493 17.3000 -6.6596
v  3.8493 17.3000 -5.4262
v  3.8493 17.3000 -2.7596
v  3.8493 17.3000 -3.9929
v  3.8493 17.4500 -2.7596
v  3.8493 17.4500 -3.9929
v  3.8493 17.4500 12.3404
v  3.8493 17.4500 13.5738
v  3.8493 17.3000 12.3404
v  3.8493 17.3000 13.5738
v  3.8493 17.3000 16.2404
v  3.8493 17.3000 15.0071
v  3.8493 17.4500 16.2404
v  3.8493 17.4500 15.0071
v  3.8493 21.1500 -6.6596
v  3.8493 21.1500 -5.4262
v  3.8493 21.0000 -6.6596
v  3.8493 21.0000 -5.4262
v  3.8493 21.0000 -2.7596
v  3.8493 21.0000 -3.9929
v  3.8493 21.1500 -2.7596
v  3.8493 21.1500 -3.9929
v  3.8493 21.1500 12.3404
v  3.8493 21.1500 13.5738
v  3.8493 21.0000 12.3404
v  3.8493 21.0000 13.5738
v  3.8493 21.0000 16.2404
v  3.8493 21.0000 15.0071
v  3.8493 21.1500 16.2404
v  3.8493 21.1500 15.0071
v  3.8493 21.2500 -2.7596
v  3.8493 21.2500 -3.9929
v  3.8493 23.7000 -2.7596
v  3.8493 23.7000 -3.9929
v  3.8493 23.7000 -6.6596
v  3.8493 23.7000 -5.4262
v  3.8493 21.2500 -6.6596
v  3.8493 21.2500 -5.4262
v  3.8493 21.2500 16.2404
v  3.8493 21.2500 15.0071
v  3.8493 23.7000 16.2404
v  3.8493 23.7000 15.0071
v  3.8493 23.7000 12.3404
v  3.8493 23.7000 13.5738
v  3.8493 21.2500 12.3404
v  3.8493 21.2500 13.5738
v  6.4993 21.2000 12.1904
v  6.4993 23.7500 12.1904
v  6.5493 23.7000 12.1904
v  6.5493 21.2500 12.1904
v  7.7493 23.7500 12.1904
v  7.6993 23.7000 12.1904
v  7.7493 21.2000 12.1904
v  7.6993 21.2500 12.1904
v  6.4993 21.2000 -6.8096
v  6.4993 23.7500 -6.8096
v  6.5493 23.7000 -6.8096
v  6.5493 21.2500 -6.8096
v  7.7493 23.7500 -6.8096
v  7.6993 23.7000 -6.8096
v  7.7493 21.2000 -6.8096
v  7.6993 21.2500 -6.8096
v  6.5493 23.7000 12.2404
v  6.5493 21.2500 12.2404
v  7.6993 23.7000 12.2404
v  7.6993 21.2500 12.2404
v  6.5493 23.7000 -6.7596
v  6.5493 21.2500 -6.7596
v  7.6993 23.7000 -6.7596
v  7.6993 21.2500 -6.7596
v  6.4990 14.0300 -21.4095
v  5.7490 14.0300 -21.4095
v  5.7990 14.0800 -21.4095
v  6.4490 14.0800 -21.4095
v  5.7490 17.2500 -21.4096
v  5.7990 17.2000 -21.4096
v  6.4990 17.2500 -21.4096
v  6.4490 17.2000 -21.4096
v  6.4990 10.5300 -21.4096
v  5.7490 10.5300 -21.4096
v  5.7990 10.5800 -21.4096
v  6.4490 10.5800 -21.4096
v  5.7490 13.7500 -21.4095
v  5.7990 13.7000 -21.4095
v  6.4990 13.7500 -21.4095
v  6.4490 13.7000 -21.4095
v  6.4990 7.0300 -21.4096
v  5.7490 7.0300 -21.4096
v  5.7990 7.0800 -21.4096
v  6.4490 7.0800 -21.4096
v  5.7490 10.2500 -21.4095
v  5.7990 10.2000 -21.4095
v  6.4990 10.2500 -21.4095
v  6.4490 10.2000 -21.4095
v  6.4990 3.5300 -21.4096
v  5.7490 3.5300 -21.4096
v  5.7990 3.5800 -21.4096
v  6.4490 3.5800 -21.4096
v  5.7490 6.7500 -21.4095
v  5.7990 6.7000 -21.4095
v  6.4990 6.7500 -21.4095
v  6.4490 6.7000 -21.4095
v  6.4990 -0.0000 -21.4096
v  5.7490 -0.0000 -21.4096
v  5.7990 0.0500 -21.4096
v  6.4490 0.0500 -21.4096
v  5.7490 3.2500 -21.4096
v  5.7990 3.2000 -21.4096
v  6.4990 3.2500 -21.4096
v  6.4490 3.2000 -21.4096
v  6.4990 17.5300 -21.4095
v  5.7490 17.5300 -21.4095
v  5.7990 17.5800 -21.4095
v  6.4490 17.5800 -21.4095
v  5.7492 20.7500 -21.4096
v  5.7992 20.7000 -21.4096
v  6.4993 20.7500 -21.4096
v  6.4493 20.7000 -21.4096
v  4.9990 14.0300 -21.4095
v  5.0490 14.0800 -21.4095
v  5.6990 14.0800 -21.4095
v  4.9990 17.2500 -21.4096
v  5.0490 17.2000 -21.4096
v  5.6990 17.2000 -21.4096
v  4.9990 10.5300 -21.4096
v  5.0490 10.5800 -21.4096
v  5.6990 10.5800 -21.4096
v  4.9990 13.7500 -21.4095
v  5.0490 13.7000 -21.4095
v  5.6990 13.7000 -21.4095
v  4.9990 7.0300 -21.4096
v  5.0490 7.0800 -21.4096
v  5.6990 7.0800 -21.4096
v  4.9990 10.2500 -21.4095
v  5.0490 10.2000 -21.4095
v  5.6990 10.2000 -21.4095
v  4.9990 3.5300 -21.4096
v  5.0490 3.5800 -21.4096
v  5.6990 3.5800 -21.4096
v  4.9990 6.7500 -21.4095
v  5.0490 6.7000 -21.4095
v  5.6990 6.7000 -21.4095
v  4.9990 -0.0000 -21.4096
v  5.0490 0.0500 -21.4096
v  5.6990 0.0500 -21.4096
v  4.9990 3.2500 -21.4096
v  5.0490 3.2000 -21.4096
v  5.6990 3.2000 -21.4096
v  4.9990 17.5300 -21.4095
v  5.0490 17.5800 -21.4095
v  5.6990 17.5800 -21.4095
v  4.9991 20.7500 -21.4096
v  5.0491 20.7000 -21.4096
v  5.6992 20.7000 -21.4096
v  5.7990 14.0800 -21.3595
v  6.4490 14.0800 -21.3595
v  5.7990 17.2000 -21.3596
v  6.4490 17.2000 -21.3596
v  5.7990 10.5800 -21.3596
v  6.4490 10.5800 -21.3596
v  5.7990 13.7000 -21.3595
v  6.4490 13.7000 -21.3595
v  5.7990 7.0800 -21.3596
v  6.4490 7.0800 -21.3596
v  5.7990 10.2000 -21.3595
v  6.4490 10.2000 -21.3595
v  5.7990 3.5800 -21.3596
v  6.4490 3.5800 -21.3596
v  5.7990 6.7000 -21.3595
v  6.4490 6.7000 -21.3595
v  5.7990 0.0500 -21.3596
v  6.4490 0.0500 -21.3596
v  5.7990 3.2000 -21.3596
v  6.4490 3.2000 -21.3596
v  5.7990 17.5800 -21.3595
v  6.4490 17.5800 -21.3595
v  5.7992 20.7000 -21.3596
v  6.4493 20.7000 -21.3596
v  5.0490 14.0800 -21.3595
v  5.6990 14.0800 -21.3595
v  5.0490 17.2000 -21.3596
v  5.6990 17.2000 -21.3596
v  5.0490 10.5800 -21.3596
v  5.6990 10.5800 -21.3596
v  5.0490 13.7000 -21.3595
v  5.6990 13.7000 -21.3595
v  5.0490 7.0800 -21.3596
v  5.6990 7.0800 -21.3596
v  5.0490 10.2000 -21.3595
v  5.6990 10.2000 -21.3595
v  5.0490 3.5800 -21.3596
v  5.6990 3.5800 -21.3596
v  5.0490 6.7000 -21.3595
v  5.6990 6.7000 -21.3595
v  5.0490 0.0500 -21.3596
v  5.6990 0.0500 -21.3596
v  5.0490 3.2000 -21.3596
v  5.6990 3.2000 -21.3596
v  5.0490 17.5800 -21.3595
v  5.6990 17.5800 -21.3595
v  5.0491 20.7000 -21.3596
v  5.6992 20.7000 -21.3596
v  12.3326 17.2500 16.9904
v  13.1659 17.2500 16.9904
v  13.1159 17.2000 16.9904
v  12.3826 17.2000 16.9904
v  13.1660 14.0300 16.9905
v  13.1160 14.0800 16.9905
v  12.3326 14.0300 16.9905
v  12.3826 14.0800 16.9905
v  12.3326 13.7500 16.9905
v  13.1659 13.7500 16.9905
v  13.1159 13.7000 16.9905
v  12.3826 13.7000 16.9905
v  13.1660 10.5300 16.9904
v  13.1160 10.5800 16.9904
v  12.3326 10.5300 16.9904
v  12.3826 10.5800 16.9904
v  12.3326 10.2500 16.9905
v  13.1659 10.2500 16.9905
v  13.1159 10.2000 16.9905
v  12.3826 10.2000 16.9905
v  13.1659 7.0300 16.9904
v  13.1159 7.0800 16.9904
v  12.3326 7.0300 16.9904
v  12.3826 7.0800 16.9904
v  12.3326 6.7500 16.9905
v  13.1660 6.7500 16.9905
v  13.1160 6.7000 16.9905
v  12.3826 6.7000 16.9905
v  13.1660 3.5300 16.9904
v  13.1160 3.5800 16.9904
v  12.3326 3.5300 16.9904
v  12.3826 3.5800 16.9904
v  12.3326 3.2500 16.9904
v  13.1659 3.2500 16.9904
v  13.1159 3.2000 16.9904
v  12.3826 3.2000 16.9904
v  13.1659 -0.0000 16.9904
v  13.1159 0.0500 16.9904
v  12.3326 -0.0000 16.9904
v  12.3826 0.0500 16.9904
v  13.1660 14.0300 -2.0095
v  12.3326 14.0300 -2.0095
v  12.3826 14.0800 -2.0095
v  13.1160 14.0800 -2.0095
v  12.3326 17.2500 -2.0096
v  12.3826 17.2000 -2.0096
v  13.1659 17.2500 -2.0096
v  13.1159 17.2000 -2.0096
v  13.1660 10.5300 -2.0096
v  12.3326 10.5300 -2.0096
v  12.3826 10.5800 -2.0096
v  13.1160 10.5800 -2.0096
v  12.3326 13.7500 -2.0095
v  12.3826 13.7000 -2.0095
v  13.1659 13.7500 -2.0095
v  13.1159 13.7000 -2.0095
v  13.1659 7.0300 -2.0096
v  12.3326 7.0300 -2.0096
v  12.3826 7.0800 -2.0096
v  13.1159 7.0800 -2.0096
v  12.3326 10.2500 -2.0095
v  12.3826 10.2000 -2.0095
v  13.1659 10.2500 -2.0095
v  13.1159 10.2000 -2.0095
v  13.1660 3.5300 -2.0096
v  12.3326 3.5300 -2.0096
v  12.3826 3.5800 -2.0096
v  13.1160 3.5800 -2.0096
v  12.3326 6.7500 -2.0095
v  12.3826 6.7000 -2.0095
v  13.1660 6.7500 -2.0095
v  13.1160 6.7000 -2.0095
v  13.1659 -0.0000 -2.0096
v  12.3326 -0.0000 -2.0096
v  12.3826 0.0500 -2.0096
v  13.1159 0.0500 -2.0096
v  12.3326 3.2500 -2.0096
v  12.3826 3.2000 -2.0096
v  13.1659 3.2500 -2.0096
v  13.1159 3.2000 -2.0096
v  13.1159 17.2000 17.0404
v  12.3826 17.2000 17.0404
v  13.1160 14.0800 17.0405
v  12.3826 14.0800 17.0405
v  13.1159 13.7000 17.0405
v  12.3826 13.7000 17.0405
v  13.1160 10.5800 17.0404
v  12.3826 10.5800 17.0404
v  13.1159 10.2000 17.0405
v  12.3826 10.2000 17.0405
v  13.1159 7.0800 17.0404
v  12.3826 7.0800 17.0404
v  13.1160 6.7000 17.0405
v  12.3826 6.7000 17.0405
v  13.1160 3.5800 17.0404
v  12.3826 3.5800 17.0404
v  13.1159 3.2000 17.0404
v  12.3826 3.2000 17.0404
v  13.1159 0.0500 17.0404
v  12.3826 0.0500 17.0404
v  12.3826 14.0800 -1.9595
v  13.1160 14.0800 -1.9595
v  12.3826 17.2000 -1.9596
v  13.1159 17.2000 -1.9596
v  12.3826 10.5800 -1.9596
v  13.1160 10.5800 -1.9596
v  12.3826 13.7000 -1.9595
v  13.1159 13.7000 -1.9595
v  12.3826 7.0800 -1.9596
v  13.1159 7.0800 -1.9596
v  12.3826 10.2000 -1.9595
v  13.1159 10.2000 -1.9595
v  12.3826 3.5800 -1.9596
v  13.1160 3.5800 -1.9596
v  12.3826 6.7000 -1.9595
v  13.1160 6.7000 -1.9595
v  12.3826 0.0500 -1.9596
v  13.1159 0.0500 -1.9596
v  12.3826 3.2000 -1.9596
v  13.1159 3.2000 -1.9596
v  3.7992 20.7500 23.0238
v  3.7992 20.7500 21.5904
v  3.7992 20.7000 21.6404
v  3.7992 20.7000 22.9738
v  3.7991 17.5000 21.5904
v  3.7991 17.5500 21.6404
v  3.7990 17.5000 23.0238
v  3.7991 17.5500 22.9738
v  3.7993 20.7500 18.7238
v  3.7993 20.7500 17.2905
v  3.7993 20.7000 17.3405
v  3.7993 20.7000 18.6738
v  3.7991 17.5000 17.2904
v  3.7991 17.5500 17.3404
v  3.7991 17.5000 18.7238
v  3.7991 17.5500 18.6738
v  3.7992 20.7500 20.1571
v  3.7993 20.7000 18.7738
v  3.7992 20.7000 20.1071
v  3.7991 17.5500 18.7738
v  3.7991 17.5000 20.1571
v  3.7991 17.5500 20.1071
v  3.7992 20.7000 20.2071
v  3.7992 20.7000 21.5404
v  3.7991 17.5500 20.2071
v  3.7991 17.5500 21.5404
v  3.7990 17.5000 24.4571
v  3.7990 17.5000 25.8904
v  3.7990 17.5500 25.8404
v  3.7990 17.5500 24.5071
v  3.7991 20.7500 25.8904
v  3.7991 20.7000 25.8404
v  3.7992 20.7500 24.4571
v  3.7992 20.7000 24.5071
v  3.7990 17.5500 24.4071
v  3.7991 17.5500 23.0738
v  3.7992 20.7000 24.4071
v  3.7992 20.7000 23.0738
v  3.8492 20.7000 21.6404
v  3.8492 20.7000 22.9738
v  3.8491 17.5500 21.6404
v  3.8491 17.5500 22.9738
v  3.8493 20.7000 17.3405
v  3.8493 20.7000 18.6738
v  3.8491 17.5500 17.3404
v  3.8491 17.5500 18.6738
v  3.8493 20.7000 18.7738
v  3.8492 20.7000 20.1071
v  3.8491 17.5500 18.7738
v  3.8491 17.5500 20.1071
v  3.8492 20.7000 20.2071
v  3.8492 20.7000 21.5404
v  3.8491 17.5500 20.2071
v  3.8491 17.5500 21.5404
v  3.8490 17.5500 25.8404
v  3.8490 17.5500 24.5071
v  3.8491 20.7000 25.8404
v  3.8492 20.7000 24.5071
v  3.8490 17.5500 24.4071
v  3.8491 17.5500 23.0738
v  3.8492 20.7000 24.4071
v  3.8492 20.7000 23.0738
v  9.8324 -0.0000 30.9904
v  10.6657 -0.0000 30.9904
v  10.6157 0.0500 30.9904
v  9.8824 0.0500 30.9904
v  10.6657 3.2500 30.9904
v  10.6157 3.2000 30.9904
v  9.8324 3.2500 30.9904
v  9.8824 3.2000 30.9904
v  9.8324 7.0300 30.9904
v  10.6657 7.0300 30.9904
v  10.6157 7.0800 30.9904
v  9.8824 7.0800 30.9904
v  10.6657 10.2500 30.9904
v  10.6157 10.2000 30.9904
v  9.8324 10.2500 30.9904
v  9.8824 10.2000 30.9904
v  9.8324 14.0300 30.9904
v  10.6657 14.0300 30.9904
v  10.6157 14.0800 30.9904
v  9.8824 14.0800 30.9904
v  10.6657 17.2500 30.9904
v  10.6157 17.2000 30.9904
v  9.8324 17.2500 30.9904
v  9.8824 17.2000 30.9904
v  9.8324 10.5300 30.9904
v  10.6657 10.5300 30.9904
v  10.6157 10.5800 30.9904
v  9.8824 10.5800 30.9904
v  10.6657 13.7500 30.9904
v  10.6157 13.7000 30.9904
v  9.8324 13.7500 30.9904
v  9.8824 13.7000 30.9904
v  9.8324 3.5300 30.9904
v  10.6657 3.5300 30.9904
v  10.6157 3.5800 30.9904
v  9.8824 3.5800 30.9904
v  10.6657 6.7500 30.9904
v  10.6157 6.7000 30.9904
v  9.8324 6.7500 30.9904
v  9.8824 6.7000 30.9904
v  11.4990 -0.0000 30.9904
v  11.4490 0.0500 30.9904
v  10.7157 0.0500 30.9904
v  11.4990 3.2500 30.9904
v  11.4490 3.2000 30.9904
v  10.7157 3.2000 30.9904
v  11.4990 7.0300 30.9904
v  11.4490 7.0800 30.9904
v  10.7157 7.0800 30.9904
v  11.4990 10.2500 30.9904
v  11.4490 10.2000 30.9904
v  10.7157 10.2000 30.9904
v  11.4990 14.0300 30.9904
v  11.4490 14.0800 30.9904
v  10.7157 14.0800 30.9904
v  11.4990 17.2500 30.9904
v  11.4490 17.2000 30.9904
v  10.7157 17.2000 30.9904
v  11.4990 10.5300 30.9904
v  11.4490 10.5800 30.9904
v  10.7157 10.5800 30.9904
v  11.4990 13.7500 30.9904
v  11.4490 13.7000 30.9904
v  10.7157 13.7000 30.9904
v  11.4990 3.5300 30.9904
v  11.4490 3.5800 30.9904
v  10.7157 3.5800 30.9904
v  11.4990 6.7500 30.9904
v  11.4490 6.7000 30.9904
v  10.7157 6.7000 30.9904
v  10.6157 0.0500 30.9404
v  9.8824 0.0500 30.9404
v  10.6157 3.2000 30.9404
v  9.8824 3.2000 30.9404
v  10.6157 7.0800 30.9404
v  9.8824 7.0800 30.9404
v  10.6157 10.2000 30.9404
v  9.8824 10.2000 30.9404
v  10.6157 14.0800 30.9404
v  9.8824 14.0800 30.9404
v  10.6157 17.2000 30.9404
v  9.8824 17.2000 30.9404
v  10.6157 10.5800 30.9404
v  9.8824 10.5800 30.9404
v  10.6157 13.7000 30.9404
v  9.8824 13.7000 30.9404
v  10.6157 3.5800 30.9404
v  9.8824 3.5800 30.9404
v  10.6157 6.7000 30.9404
v  9.8824 6.7000 30.9404
v  11.4490 0.0500 30.9404
v  10.7157 0.0500 30.9404
v  11.4490 3.2000 30.9404
v  10.7157 3.2000 30.9404
v  11.4490 7.0800 30.9404
v  10.7157 7.0800 30.9404
v  11.4490 10.2000 30.9404
v  10.7157 10.2000 30.9404
v  11.4490 14.0800 30.9404
v  10.7157 14.0800 30.9404
v  11.4490 17.2000 30.9404
v  10.7157 17.2000 30.9404
v  11.4490 10.5800 30.9404
v  10.7157 10.5800 30.9404
v  11.4490 13.7000 30.9404
v  10.7157 13.7000 30.9404
v  11.4490 3.5800 30.9404
v  10.7157 3.5800 30.9404
v  11.4490 6.7000 30.9404
v  10.7157 6.7000 30.9404
v  7.7382 3.2500 30.9904
v  6.9882 3.2500 30.9904
v  7.0402 3.2000 30.9904
v  7.6882 3.2000 30.9904
v  6.9896 0.0000 30.9904
v  7.0376 0.0500 30.9904
v  7.7382 0.0000 30.9904
v  7.6882 0.0500 30.9904
v  7.7382 10.2500 30.9904
v  6.9882 10.2500 30.9904
v  7.0382 10.2000 30.9904
v  7.6882 10.2000 30.9904
v  6.9882 7.0300 30.9904
v  7.0382 7.0800 30.9904
v  7.7382 7.0300 30.9904
v  7.6882 7.0800 30.9904
v  7.7382 17.2500 30.9904
v  6.9882 17.2500 30.9904
v  7.0382 17.2000 30.9904
v  7.6882 17.2000 30.9904
v  6.9882 14.0300 30.9904
v  7.0382 14.0800 30.9904
v  7.7382 14.0300 30.9904
v  7.6882 14.0800 30.9904
v  7.7382 13.7500 30.9904
v  6.9882 13.7500 30.9904
v  7.0382 13.7000 30.9904
v  7.6882 13.7000 30.9904
v  6.9882 10.5300 30.9904
v  7.0382 10.5800 30.9904
v  7.7382 10.5300 30.9904
v  7.6882 10.5800 30.9904
v  7.7382 6.7500 30.9904
v  6.9882 6.7500 30.9904
v  7.0382 6.7000 30.9904
v  7.6882 6.7000 30.9904
v  6.9882 3.5300 30.9904
v  7.0382 3.5800 30.9904
v  7.7382 3.5300 30.9904
v  7.6882 3.5800 30.9904
v  3.3326 3.5300 30.9904
v  4.0826 3.5300 30.9904
v  4.0326 3.5800 30.9904
v  3.3826 3.5800 30.9904
v  4.0826 6.7500 30.9904
v  4.0326 6.7000 30.9904
v  3.3326 6.7500 30.9904
v  3.3826 6.7000 30.9904
v  3.3326 7.0300 30.9904
v  4.0826 7.0300 30.9904
v  4.0326 7.0800 30.9904
v  3.3826 7.0800 30.9904
v  4.0826 10.2500 30.9904
v  4.0326 10.2000 30.9904
v  3.3326 10.2500 30.9904
v  3.3826 10.2000 30.9904
v  3.3326 10.5300 30.9904
v  4.0826 10.5300 30.9904
v  4.0326 10.5800 30.9904
v  3.3826 10.5800 30.9904
v  4.0826 13.7500 30.9904
v  4.0326 13.7000 30.9904
v  3.3326 13.7500 30.9904
v  3.3826 13.7000 30.9904
v  3.3326 14.0300 30.9904
v  4.0826 14.0300 30.9904
v  4.0326 14.0800 30.9904
v  3.3826 14.0800 30.9904
v  4.0826 17.2500 30.9904
v  4.0326 17.2000 30.9904
v  3.3326 17.2500 30.9904
v  3.3826 17.2000 30.9904
v  3.3326 0.0000 30.9904
v  4.0826 0.0000 30.9904
v  4.0326 0.0500 30.9904
v  3.3826 0.0500 30.9904
v  4.0826 3.2500 30.9904
v  4.0326 3.2000 30.9904
v  3.3326 3.2500 30.9904
v  3.3826 3.2000 30.9904
v  6.2382 3.2500 30.9904
v  6.2882 3.2000 30.9904
v  6.9401 3.2000 30.9904
v  6.2382 -0.0000 30.9904
v  6.2882 0.0500 30.9904
v  6.9376 0.0500 30.9904
v  6.2382 10.2500 30.9904
v  6.2882 10.2000 30.9904
v  6.9382 10.2000 30.9904
v  6.2382 7.0300 30.9904
v  6.2882 7.0800 30.9904
v  6.9382 7.0800 30.9904
v  6.2382 17.2500 30.9904
v  6.2882 17.2000 30.9904
v  6.9382 17.2000 30.9904
v  6.2382 14.0300 30.9904
v  6.2882 14.0800 30.9904
v  6.9382 14.0800 30.9904
v  6.2382 13.7500 30.9904
v  6.2882 13.7000 30.9904
v  6.9382 13.7000 30.9904
v  6.2382 10.5300 30.9904
v  6.2882 10.5800 30.9904
v  6.9382 10.5800 30.9904
v  6.2382 6.7500 30.9904
v  6.2882 6.7000 30.9904
v  6.9382 6.7000 30.9904
v  6.2382 3.5300 30.9904
v  6.2882 3.5800 30.9904
v  6.9382 3.5800 30.9904
v  4.8326 3.5300 30.9904
v  4.7826 3.5800 30.9904
v  4.1326 3.5800 30.9904
v  4.8326 6.7500 30.9904
v  4.7826 6.7000 30.9904
v  4.1326 6.7000 30.9904
v  4.8326 7.0300 30.9904
v  4.7826 7.0800 30.9904
v  4.1326 7.0800 30.9904
v  4.8326 10.2500 30.9904
v  4.7826 10.2000 30.9904
v  4.1326 10.2000 30.9904
v  4.8326 10.5300 30.9904
v  4.7826 10.5800 30.9904
v  4.1326 10.5800 30.9904
v  4.8326 13.7500 30.9904
v  4.7826 13.7000 30.9904
v  4.1326 13.7000 30.9904
v  4.8326 14.0300 30.9904
v  4.7826 14.0800 30.9904
v  4.1326 14.0800 30.9904
v  4.8326 17.2500 30.9904
v  4.7826 17.2000 30.9904
v  4.1326 17.2000 30.9904
v  4.8326 -0.0000 30.9904
v  4.7826 0.0500 30.9904
v  4.1326 0.0500 30.9904
v  4.8326 3.2500 30.9904
v  4.7826 3.2000 30.9904
v  4.1326 3.2000 30.9904
v  7.0402 3.2000 30.9404
v  7.6882 3.2000 30.9404
v  7.0376 0.0500 30.9404
v  7.6882 0.0500 30.9404
v  7.0382 10.2000 30.9404
v  7.6882 10.2000 30.9404
v  7.0382 7.0800 30.9404
v  7.6882 7.0800 30.9404
v  7.0382 17.2000 30.9404
v  7.6882 17.2000 30.9404
v  7.0382 14.0800 30.9404
v  7.6882 14.0800 30.9404
v  7.0382 13.7000 30.9404
v  7.6882 13.7000 30.9404
v  7.0382 10.5800 30.9404
v  7.6882 10.5800 30.9404
v  7.0382 6.7000 30.9404
v  7.6882 6.7000 30.9404
v  7.0382 3.5800 30.9404
v  7.6882 3.5800 30.9404
v  4.0326 3.5800 30.9404
v  3.3826 3.5800 30.9404
v  4.0326 6.7000 30.9404
v  3.3826 6.7000 30.9404
v  4.0326 7.0800 30.9404
v  3.3826 7.0800 30.9404
v  4.0326 10.2000 30.9404
v  3.3826 10.2000 30.9404
v  4.0326 10.5800 30.9404
v  3.3826 10.5800 30.9404
v  4.0326 13.7000 30.9404
v  3.3826 13.7000 30.9404
v  4.0326 14.0800 30.9404
v  3.3826 14.0800 30.9404
v  4.0326 17.2000 30.9404
v  3.3826 17.2000 30.9404
v  4.0326 0.0500 30.9404
v  3.3826 0.0500 30.9404
v  4.0326 3.2000 30.9404
v  3.3826 3.2000 30.9404
v  6.2882 3.2000 30.9404
v  6.9401 3.2000 30.9404
v  6.2882 0.0500 30.9404
v  6.9376 0.0500 30.9404
v  6.2882 10.2000 30.9404
v  6.9382 10.2000 30.9404
v  6.2882 7.0800 30.9404
v  6.9382 7.0800 30.9404
v  6.2882 17.2000 30.9404
v  6.9382 17.2000 30.9404
v  6.2882 14.0800 30.9404
v  6.9382 14.0800 30.9404
v  6.2882 13.7000 30.9404
v  6.9382 13.7000 30.9404
v  6.2882 10.5800 30.9404
v  6.9382 10.5800 30.9404
v  6.2882 6.7000 30.9404
v  6.9382 6.7000 30.9404
v  6.2882 3.5800 30.9404
v  6.9382 3.5800 30.9404
v  4.7826 3.5800 30.9404
v  4.1326 3.5800 30.9404
v  4.7826 6.7000 30.9404
v  4.1326 6.7000 30.9404
v  4.7826 7.0800 30.9404
v  4.1326 7.0800 30.9404
v  4.7826 10.2000 30.9404
v  4.1326 10.2000 30.9404
v  4.7826 10.5800 30.9404
v  4.1326 10.5800 30.9404
v  4.7826 13.7000 30.9404
v  4.1326 13.7000 30.9404
v  4.7826 14.0800 30.9404
v  4.1326 14.0800 30.9404
v  4.7826 17.2000 30.9404
v  4.1326 17.2000 30.9404
v  4.7826 0.0500 30.9404
v  4.1326 0.0500 30.9404
v  4.7826 3.2000 30.9404
v  4.1326 3.2000 30.9404
# 5056 vertices

vn 1.0000 0.0000 -0.0000
vn 0.9045 0.3015 0.3015
vn 0.9045 0.3015 -0.3015
vn 0.9045 -0.3015 0.3015
vn 0.9045 -0.3015 -0.3015
vn 0.0000 0.7071 0.7071
vn 0.0000 0.7071 -0.7071
vn 0.0000 -0.7071 0.7071
vn 0.0000 -0.7071 -0.7071
vn 1.0000 0.0000 0.0000
vn 1.0000 -0.0000 -0.0000
vn 1.0000 -0.0000 0.0000
vn -0.0000 -0.7071 -0.7071
vn -0.0000 -0.7071 0.7071
vn 0.9045 0.3016 0.3015
vn 1.0000 -0.0000 0.0001
vn 0.9046 -0.3016 -0.3014
vn 0.9045 -0.3014 0.3016
vn 0.9046 0.3015 -0.3015
vn 1.0000 0.0000 -0.0002
vn 1.0000 -0.0000 -0.0001
vn 0.9044 -0.3016 -0.3018
vn 0.9047 -0.3015 0.3012
vn 0.9044 0.3015 -0.3019
vn 0.9047 0.3015 0.3011
vn 0.9045 -0.3016 0.3015
vn 0.9046 0.3014 0.3015
vn 0.9045 -0.3016 -0.3015
vn 0.9046 0.3014 -0.3015
vn 0.9046 -0.3013 0.3015
vn 0.9045 0.3017 0.3015
vn 0.9045 0.3015 0.3016
vn 0.9045 -0.3015 0.3016
vn -0.0000 0.0000 1.0000
vn -0.3015 0.3015 0.9045
vn 0.3015 0.3015 0.9045
vn -0.3015 -0.3015 0.9045
vn 0.3015 -0.3015 0.9045
vn 0.9045 0.3016 -0.3015
vn 0.9046 -0.3014 -0.3015
vn 0.9046 0.3013 0.3015
vn 0.9045 -0.3017 0.3015
vn 0.9046 -0.3014 0.3015
vn 0.9046 -0.3015 0.3015
vn 0.7071 -0.0000 0.7071
vn 0.0000 0.0000 1.0000
vn 0.0001 -0.7071 -0.7071
vn -0.0001 -0.7071 0.7071
vn 0.0001 0.7071 -0.7071
vn -0.0001 0.7071 0.7071
vn -0.0003 -0.7071 -0.7071
vn 0.0003 -0.7071 0.7071
vn -0.0003 0.7071 -0.7071
vn 0.0003 0.7071 0.7071
vn -0.0000 -0.7071 -0.7072
vn 0.0000 0.7072 -0.7071
vn -0.0000 -0.7072 -0.7071
vn 0.0000 0.7071 -0.7072
vn 0.0000 -0.7072 -0.7070
vn 0.0000 -0.7070 0.7072
vn -0.0000 0.7070 -0.7072
vn -0.0000 0.7072 0.7070
vn -0.0000 0.7071 0.7071
vn -0.7071 0.7071 -0.0000
vn 0.7071 0.7071 -0.0000
vn -0.7071 -0.7071 -0.0000
vn 0.7071 -0.7071 -0.0000
vn 0.0000 0.7070 0.7072
vn 0.0000 0.7072 -0.7070
vn 0.0000 -0.7072 0.7070
vn 0.0000 -0.7070 -0.7072
vn 0.0000 0.7069 0.7073
vn 0.0000 0.7073 -0.7070
vn 0.0000 -0.7073 0.7069
vn 0.0000 -0.7070 -0.7073
vn 0.0000 0.7070 -0.7072
vn 0.0000 0.7072 0.7070
vn 0.0000 0.7072 0.7071
vn 0.0000 -0.7071 0.7072
vn 0.0000 0.7071 0.7072
vn -0.0000 -0.7072 0.7071
vn -0.0000 -0.7071 0.7072
vn 0.0000 0.7073 -0.7069
vn 0.0000 -0.7069 -0.7073
vn 0.0000 -0.7073 0.7070
vn 0.0000 0.7070 0.7073
vn 0.7071 0.7071 0.0000
vn -1.0000 0.0000 -0.0000
vn -1.0000 -0.0000 -0.0000
vn -0.9045 0.3015 -0.3015
vn -0.9045 0.3015 0.3015
vn -0.9045 -0.3015 -0.3015
vn -0.9045 -0.3015 0.3015
vn -1.0000 0.0000 0.0000
vn -1.0000 -0.0000 0.0000
vn 0.0000 -0.0000 -1.0000
vn -0.0000 -0.0000 -1.0000
vn 0.3015 -0.3015 -0.9045
vn 0.3015 0.3015 -0.9045
vn -0.3015 -0.3015 -0.9045
vn -0.3015 0.3015 -0.9045
vn -0.0000 0.0000 -1.0000
vn 0.0000 0.0000 -1.0000
vn 0.3015 0.3015 -0.9046
vn -0.3015 -0.3015 -0.9046
vn 0.3015 0.3014 -0.9046
vn -0.0000 -0.0001 -1.0000
vn -0.3015 0.3015 -0.9046
vn 0.0000 -0.0001 -1.0000
vn 0.3015 -0.3016 -0.9045
vn -0.7071 0.7071 0.0000
vn 0.7071 -0.7071 0.0000
vn -0.7071 -0.7071 0.0000
vn -0.9046 -0.3015 0.3015
vn -0.9045 0.3016 0.3015
vn 0.0000 -0.0000 1.0000
vn -0.0000 -0.0000 1.0000
vn 0.3015 -0.3018 0.9045
vn 0.3016 0.3012 0.9046
vn -0.3014 -0.3013 0.9046
vn -0.3015 0.3018 0.9045
vn 0.7067 -0.7075 -0.0000
vn 0.7073 0.7069 -0.0000
vn -0.7075 -0.7067 0.0000
vn -0.7067 0.7075 -0.0000
# 125 vertex normals

vt 0.3333 1.0000 0.0000
vt 0.6667 1.0000 0.0000
vt 0.6667 0.0000 0.0000
vt 0.3333 0.0000 0.0000
vt 1.0000 1.0000 0.0000
vt 1.0000 0.0000 0.0000
vt 0.0000 0.0000 0.0000
vt 0.0000 1.0000 0.0000
vt 0.6458 1.0000 0.0000
vt 0.6250 1.0000 0.0000
vt 0.6042 1.0000 0.0000
vt 0.5000 1.0000 0.0000
vt 0.5000 0.1667 0.0000
vt 0.5000 0.0000 0.0000
vt 0.6667 0.5556 0.0000
vt 0.6667 0.4444 0.0000
vt 0.6111 1.0000 0.0000
vt 0.6389 1.0000 0.0000
vt 0.6667 0.7778 0.0000
vt 0.6667 0.7222 0.0000
vt 0.6667 0.6667 0.0000
vt 0.6667 0.3333 0.0000
vt 0.5833 1.0000 0.0000
vt 0.6667 0.8333 0.0000
vt 0.6667 0.5833 0.0000
vt 0.6667 0.5000 0.0000
vt 0.6458 0.2917 0.0000
vt 0.6250 0.2500 0.0000
vt 0.6667 0.4167 0.0000
vt 0.6042 0.2083 0.0000
vt 0.0000 0.5000 0.0000
vt 0.7222 0.0000 0.0000
vt 0.7778 0.0000 0.0000
vt 0.7778 0.5000 0.0000
vt 0.7222 0.5000 0.0000
vt 0.0000 0.2778 0.0000
vt 0.0000 0.2222 0.0000
vt 0.8333 0.0000 0.0000
vt 0.8333 0.5000 0.0000
vt 0.0000 0.1667 0.0000
vt 0.0000 0.3333 0.0000
vt 0.4167 0.0000 0.0000
vt 0.4167 0.5000 0.0000
vt 0.3333 0.5000 0.0000
vt 0.0000 0.6667 0.0000
vt 0.0000 0.5833 0.0000
vt 0.0000 0.8333 0.0000
vt 0.0000 0.7917 0.0000
vt 0.1667 0.0000 0.0000
vt 0.2083 0.0000 0.0000
vt 0.2083 0.5000 0.0000
vt 0.1667 0.5000 0.0000
vt 0.5000 0.5000 0.0000
vt 0.0000 0.7500 0.0000
vt 0.2500 0.0000 0.0000
vt 0.2500 0.5000 0.0000
vt 0.7778 1.0000 0.0000
vt 0.5556 1.0000 0.0000
vt 0.2222 0.3333 0.0000
vt 0.1111 0.6667 0.0000
vt 0.4167 1.0000 0.0000
vt 0.3333 0.1667 0.0000
vt 0.4167 0.1667 0.0000
vt 0.5521 1.0000 0.0000
vt 0.5547 1.0000 0.0000
vt 0.5573 1.0000 0.0000
vt 0.3333 0.6667 0.0000
vt 0.2500 1.0000 0.0000
vt 0.0833 0.1667 0.0000
vt 0.0833 1.0000 0.0000
vt 0.1667 0.3333 0.0000
vt 0.1667 1.0000 0.0000
vt 0.4167 0.8333 0.0000
vt 0.5555 0.5000 0.0000
vt 0.6111 0.5000 0.0000
vt 0.5555 1.0000 0.0000
vt 0.6666 0.5000 0.0000
vt 0.6666 1.0000 0.0000
vt 0.4444 0.5000 0.0000
vt 0.3772 0.5000 0.0000
vt 0.3889 0.5000 0.0000
vt 0.4444 1.0000 0.0000
vt 0.3772 1.0000 0.0000
vt -0.0416 1.1249 0.0000
vt 0.0625 0.8124 0.0000
vt 0.0625 0.0624 0.0000
vt -0.0416 0.1249 0.0000
vt -0.0416 1.0000 0.0000
vt 0.0625 1.0000 0.0000
vt 0.1727 0.1250 0.0000
vt 0.2164 -0.0000 0.0000
vt 0.8333 1.0000 0.0000
vt 0.2500 0.9167 0.0000
vt 0.0000 -0.1249 0.0000
vt 0.0000 0.1876 0.0000
vt 0.0417 0.2709 0.0000
vt 0.0000 0.2085 0.0000
vt 0.3099 0.5000 0.0000
vt 0.3099 1.0000 0.0000
vt 0.1290 0.2500 0.0000
vt 0.1667 0.8333 0.0000
vt 0.0833 0.3333 0.0000
# 102 texture coords

o obj_04
g obj_04
usemtl wire_115115115
s off
f 4332/5223/368 4333/5224/368 4334/5224/369 4335/5223/370 
f 4333/5224/368 4336/5225/368 4337/5225/371 4334/5224/369 
f 4336/5225/368 4338/5226/368 4339/5226/372 4337/5225/371 
f 4338/5226/368 4332/5223/368 4335/5223/370 4339/5226/372 
f 4340/5223/368 4341/5224/368 4342/5224/369 4343/5223/370 
f 4341/5224/368 4344/5225/368 4345/5225/371 4342/5224/369 
f 4344/5225/368 4346/5226/368 4347/5226/372 4345/5225/371 
f 4346/5226/368 4340/5223/368 4343/5223/370 4347/5226/372 
f 4348/5223/368 4349/5224/368 4350/5224/369 4351/5223/370 
f 4349/5224/368 4352/5225/368 4353/5225/371 4350/5224/369 
f 4352/5225/368 4354/5226/368 4355/5226/372 4353/5225/371 
f 4354/5226/368 4348/5223/368 4351/5223/370 4355/5226/372 
f 4356/5223/368 4357/5224/368 4358/5224/369 4359/5223/370 
f 4357/5224/368 4360/5225/368 4361/5225/371 4358/5224/369 
f 4360/5225/368 4362/5226/368 4363/5226/372 4361/5225/371 
f 4362/5226/368 4356/5223/368 4359/5223/370 4363/5226/372 
f 4364/5223/368 4365/5224/368 4366/5224/369 4367/5223/370 
f 4365/5224/368 4368/5225/368 4369/5225/371 4366/5224/369 
f 4368/5225/368 4370/5226/368 4371/5226/372 4369/5225/371 
f 4370/5226/368 4364/5223/368 4367/5223/370 4371/5226/372 
f 4372/5223/368 4373/5224/368 4374/5224/369 4375/5223/370 
f 4373/5224/368 4376/5225/368 4377/5225/371 4374/5224/369 
f 4376/5225/368 4378/5226/368 4379/5226/372 4377/5225/371 
f 4378/5226/368 4372/5223/368 4375/5223/370 4379/5226/372 
f 4380/5223/368 4381/5224/368 4382/5224/369 4383/5223/370 
f 4381/5224/368 4384/5225/368 4385/5225/371 4382/5224/369 
f 4384/5225/368 4386/5226/368 4387/5226/372 4385/5225/371 
f 4386/5226/368 4380/5223/368 4383/5223/370 4387/5226/372 
f 4388/5223/368 4389/5224/368 4390/5224/369 4391/5223/370 
f 4389/5224/368 4392/5225/368 4393/5225/371 4390/5224/369 
f 4392/5225/368 4394/5226/368 4395/5226/372 4393/5225/371 
f 4394/5226/368 4388/5223/368 4391/5223/370 4395/5226/372 
f 4396/5223/368 4397/5224/368 4398/5224/369 4399/5223/370 
f 4397/5224/368 4400/5225/368 4401/5225/371 4398/5224/369 
f 4400/5225/368 4402/5226/368 4403/5226/372 4401/5225/371 
f 4402/5226/368 4396/5223/368 4399/5223/370 4403/5226/372 
f 4404/5223/368 4405/5224/368 4406/5224/369 4407/5223/370 
f 4405/5224/368 4408/5225/368 4409/5225/371 4406/5224/369 
f 4408/5225/368 4410/5226/368 4411/5226/372 4409/5225/371 
f 4410/5226/368 4404/5223/368 4407/5223/370 4411/5226/372 
f 4333/5224/368 4412/5227/368 4413/5227/369 4414/5224/370 
f 4412/5227/368 4415/5228/368 4416/5228/371 4413/5227/369 
f 4415/5228/368 4336/5225/368 4417/5225/372 4416/5228/371 
f 4336/5225/368 4333/5224/368 4414/5224/370 4417/5225/372 
f 4338/5226/368 4418/5229/368 4419/5229/372 4420/5226/371 
f 4418/5229/368 4421/5230/368 4422/5230/370 4419/5229/372 
f 4421/5230/368 4332/5223/368 4423/5223/369 4422/5230/370 
f 4332/5223/368 4338/5226/368 4420/5226/371 4423/5223/369 
f 4341/5224/368 4424/5227/368 4425/5227/369 4426/5224/370 
f 4424/5227/368 4427/5228/368 4428/5228/371 4425/5227/369 
f 4427/5228/368 4344/5225/368 4429/5225/372 4428/5228/371 
f 4344/5225/368 4341/5224/368 4426/5224/370 4429/5225/372 
f 4346/5226/368 4430/5229/368 4431/5229/372 4432/5226/371 
f 4430/5229/368 4433/5230/368 4434/5230/370 4431/5229/372 
f 4433/5230/368 4340/5223/368 4435/5223/369 4434/5230/370 
f 4340/5223/368 4346/5226/368 4432/5226/371 4435/5223/369 
f 4349/5224/368 4436/5227/368 4437/5227/369 4438/5224/370 
f 4436/5227/368 4439/5228/368 4440/5228/371 4437/5227/369 
f 4439/5228/368 4352/5225/368 4441/5225/372 4440/5228/371 
f 4352/5225/368 4349/5224/368 4438/5224/370 4441/5225/372 
f 4354/5226/368 4442/5229/368 4443/5229/372 4444/5226/371 
f 4442/5229/368 4445/5230/368 4446/5230/370 4443/5229/372 
f 4445/5230/368 4348/5223/368 4447/5223/369 4446/5230/370 
f 4348/5223/368 4354/5226/368 4444/5226/371 4447/5223/369 
f 4357/5224/368 4448/5227/368 4449/5227/369 4450/5224/370 
f 4448/5227/368 4451/5228/368 4452/5228/371 4449/5227/369 
f 4451/5228/368 4360/5225/368 4453/5225/372 4452/5228/371 
f 4360/5225/368 4357/5224/368 4450/5224/370 4453/5225/372 
f 4362/5226/368 4454/5229/368 4455/5229/372 4456/5226/371 
f 4454/5229/368 4457/5230/368 4458/5230/370 4455/5229/372 
f 4457/5230/368 4356/5223/368 4459/5223/369 4458/5230/370 
f 4356/5223/368 4362/5226/368 4456/5226/371 4459/5223/369 
f 4365/5224/368 4460/5227/368 4461/5227/369 4462/5224/370 
f 4460/5227/368 4463/5228/368 4464/5228/371 4461/5227/369 
f 4463/5228/368 4368/5225/368 4465/5225/372 4464/5228/371 
f 4368/5225/368 4365/5224/368 4462/5224/370 4465/5225/372 
f 4370/5226/368 4466/5229/368 4467/5229/372 4468/5226/371 
f 4466/5229/368 4469/5230/368 4470/5230/370 4467/5229/372 
f 4469/5230/368 4364/5223/368 4471/5223/369 4470/5230/370 
f 4364/5223/368 4370/5226/368 4468/5226/371 4471/5223/369 
f 4373/5224/368 4472/5227/368 4473/5227/369 4474/5224/370 
f 4472/5227/368 4475/5228/368 4476/5228/371 4473/5227/369 
f 4475/5228/368 4376/5225/368 4477/5225/372 4476/5228/371 
f 4376/5225/368 4373/5224/368 4474/5224/370 4477/5225/372 
f 4378/5226/368 4478/5229/368 4479/5229/372 4480/5226/371 
f 4478/5229/368 4481/5230/368 4482/5230/370 4479/5229/372 
f 4481/5230/368 4372/5223/368 4483/5223/369 4482/5230/370 
f 4372/5223/368 4378/5226/368 4480/5226/371 4483/5223/369 
f 4381/5224/368 4484/5227/368 4485/5227/369 4486/5224/370 
f 4484/5227/368 4487/5228/368 4488/5228/371 4485/5227/369 
f 4487/5228/368 4384/5225/368 4489/5225/372 4488/5228/371 
f 4384/5225/368 4381/5224/368 4486/5224/370 4489/5225/372 
f 4386/5226/368 4490/5229/368 4491/5229/372 4492/5226/371 
f 4490/5229/368 4493/5230/368 4494/5230/370 4491/5229/372 
f 4493/5230/368 4380/5223/368 4495/5223/369 4494/5230/370 
f 4380/5223/368 4386/5226/368 4492/5226/371 4495/5223/369 
f 4389/5224/368 4496/5227/368 4497/5227/369 4498/5224/370 
f 4496/5227/368 4499/5228/368 4500/5228/371 4497/5227/369 
f 4499/5228/368 4392/5225/368 4501/5225/372 4500/5228/371 
f 4392/5225/368 4389/5224/368 4498/5224/370 4501/5225/372 
f 4394/5226/368 4502/5229/368 4503/5229/372 4504/5226/371 
f 4502/5229/368 4505/5230/368 4506/5230/370 4503/5229/372 
f 4505/5230/368 4388/5223/368 4507/5223/369 4506/5230/370 
f 4388/5223/368 4394/5226/368 4504/5226/371 4507/5223/369 
f 4397/5224/368 4508/5227/368 4509/5227/369 4510/5224/370 
f 4508/5227/368 4511/5228/368 4512/5228/371 4509/5227/369 
f 4511/5228/368 4400/5225/368 4513/5225/372 4512/5228/371 
f 4400/5225/368 4397/5224/368 4510/5224/370 4513/5225/372 
f 4402/5226/368 4514/5229/368 4515/5229/372 4516/5226/371 
f 4514/5229/368 4517/5230/368 4518/5230/370 4515/5229/372 
f 4517/5230/368 4396/5223/368 4519/5223/369 4518/5230/370 
f 4396/5223/368 4402/5226/368 4516/5226/371 4519/5223/369 
f 4405/5224/368 4520/5227/368 4521/5227/369 4522/5224/370 
f 4520/5227/368 4523/5228/368 4524/5228/371 4521/5227/369 
f 4523/5228/368 4408/5225/368 4525/5225/372 4524/5228/371 
f 4408/5225/368 4405/5224/368 4522/5224/370 4525/5225/372 
f 4410/5226/368 4526/5229/368 4527/5229/372 4528/5226/371 
f 4526/5229/368 4529/5230/368 4530/5230/370 4527/5229/372 
f 4529/5230/368 4404/5223/368 4531/5223/369 4530/5230/370 
f 4404/5223/368 4410/5226/368 4528/5226/371 4531/5223/369 
f 4335/5223/370 4334/5224/369 4532/5224/373 4533/5223/374 
f 4334/5224/369 4337/5225/371 4534/5225/375 4532/5224/373 
f 4337/5225/371 4339/5226/372 4535/5226/376 4534/5225/375 
f 4339/5226/372 4335/5223/370 4533/5223/374 4535/5226/376 
f 4343/5223/370 4342/5224/369 4536/5224/373 4537/5223/374 
f 4342/5224/369 4345/5225/371 4538/5225/375 4536/5224/373 
f 4345/5225/371 4347/5226/372 4539/5226/376 4538/5225/375 
f 4347/5226/372 4343/5223/370 4537/5223/374 4539/5226/376 
f 4351/5223/370 4350/5224/369 4540/5224/373 4541/5223/374 
f 4350/5224/369 4353/5225/371 4542/5225/375 4540/5224/373 
f 4353/5225/371 4355/5226/372 4543/5226/376 4542/5225/375 
f 4355/5226/372 4351/5223/370 4541/5223/374 4543/5226/376 
f 4359/5223/370 4358/5224/369 4544/5224/373 4545/5223/374 
f 4358/5224/369 4361/5225/371 4546/5225/375 4544/5224/373 
f 4361/5225/371 4363/5226/372 4547/5226/376 4546/5225/375 
f 4363/5226/372 4359/5223/370 4545/5223/374 4547/5226/376 
f 4367/5223/370 4366/5224/369 4548/5224/373 4549/5223/374 
f 4366/5224/369 4369/5225/371 4550/5225/375 4548/5224/373 
f 4369/5225/371 4371/5226/372 4551/5226/376 4550/5225/375 
f 4371/5226/372 4367/5223/370 4549/5223/374 4551/5226/376 
f 4375/5223/370 4374/5224/369 4552/5224/373 4553/5223/374 
f 4374/5224/369 4377/5225/371 4554/5225/375 4552/5224/373 
f 4377/5225/371 4379/5226/372 4555/5226/376 4554/5225/375 
f 4379/5226/372 4375/5223/370 4553/5223/374 4555/5226/376 
f 4383/5223/370 4382/5224/369 4556/5224/373 4557/5223/374 
f 4382/5224/369 4385/5225/371 4558/5225/375 4556/5224/373 
f 4385/5225/371 4387/5226/372 4559/5226/376 4558/5225/375 
f 4387/5226/372 4383/5223/370 4557/5223/374 4559/5226/376 
f 4391/5223/370 4390/5224/369 4560/5224/373 4561/5223/374 
f 4390/5224/369 4393/5225/371 4562/5225/375 4560/5224/373 
f 4393/5225/371 4395/5226/372 4563/5226/376 4562/5225/375 
f 4395/5226/372 4391/5223/370 4561/5223/374 4563/5226/376 
f 4399/5223/370 4398/5224/369 4564/5224/373 4565/5223/374 
f 4398/5224/369 4401/5225/371 4566/5225/375 4564/5224/373 
f 4401/5225/371 4403/5226/372 4567/5226/376 4566/5225/375 
f 4403/5226/372 4399/5223/370 4565/5223/374 4567/5226/376 
f 4407/5223/370 4406/5224/369 4568/5224/373 4569/5223/374 
f 4406/5224/369 4409/5225/371 4570/5225/375 4568/5224/373 
f 4409/5225/371 4411/5226/372 4571/5226/376 4570/5225/375 
f 4411/5226/372 4407/5223/370 4569/5223/374 4571/5226/376 
f 4414/5224/370 4413/5227/369 4572/5227/373 4573/5224/374 
f 4413/5227/369 4416/5228/371 4574/5228/375 4572/5227/373 
f 4416/5228/371 4417/5225/372 4575/5225/376 4574/5228/375 
f 4417/5225/372 4414/5224/370 4573/5224/374 4575/5225/376 
f 4420/5226/371 4419/5229/372 4576/5229/376 4577/5226/375 
f 4419/5229/372 4422/5230/370 4578/5230/374 4576/5229/376 
f 4422/5230/370 4423/5223/369 4579/5223/373 4578/5230/374 
f 4423/5223/369 4420/5226/371 4577/5226/375 4579/5223/373 
f 4426/5224/370 4425/5227/369 4580/5227/373 4581/5224/374 
f 4425/5227/369 4428/5228/371 4582/5228/375 4580/5227/373 
f 4428/5228/371 4429/5225/372 4583/5225/376 4582/5228/375 
f 4429/5225/372 4426/5224/370 4581/5224/374 4583/5225/376 
f 4432/5226/371 4431/5229/372 4584/5229/376 4585/5226/375 
f 4431/5229/372 4434/5230/370 4586/5230/374 4584/5229/376 
f 4434/5230/370 4435/5223/369 4587/5223/373 4586/5230/374 
f 4435/5223/369 4432/5226/371 4585/5226/375 4587/5223/373 
f 4438/5224/370 4437/5227/369 4588/5227/373 4589/5224/374 
f 4437/5227/369 4440/5228/371 4590/5228/375 4588/5227/373 
f 4440/5228/371 4441/5225/372 4591/5225/376 4590/5228/375 
f 4441/5225/372 4438/5224/370 4589/5224/374 4591/5225/376 
f 4444/5226/371 4443/5229/372 4592/5229/376 4593/5226/375 
f 4443/5229/372 4446/5230/370 4594/5230/374 4592/5229/376 
f 4446/5230/370 4447/5223/369 4595/5223/373 4594/5230/374 
f 4447/5223/369 4444/5226/371 4593/5226/375 4595/5223/373 
f 4450/5224/370 4449/5227/369 4596/5227/373 4597/5224/374 
f 4449/5227/369 4452/5228/371 4598/5228/375 4596/5227/373 
f 4452/5228/371 4453/5225/372 4599/5225/376 4598/5228/375 
f 4453/5225/372 4450/5224/370 4597/5224/374 4599/5225/376 
f 4456/5226/371 4455/5229/372 4600/5229/376 4601/5226/375 
f 4455/5229/372 4458/5230/370 4602/5230/374 4600/5229/376 
f 4458/5230/370 4459/5223/369 4603/5223/373 4602/5230/374 
f 4459/5223/369 4456/5226/371 4601/5226/375 4603/5223/373 
f 4462/5224/370 4461/5227/369 4604/5227/373 4605/5224/374 
f 4461/5227/369 4464/5228/371 4606/5228/375 4604/5227/373 
f 4464/5228/371 4465/5225/372 4607/5225/376 4606/5228/375 
f 4465/5225/372 4462/5224/370 4605/5224/374 4607/5225/376 
f 4468/5226/371 4467/5229/372 4608/5229/376 4609/5226/375 
f 4467/5229/372 4470/5230/370 4610/5230/374 4608/5229/376 
f 4470/5230/370 4471/5223/369 4611/5223/373 4610/5230/374 
f 4471/5223/369 4468/5226/371 4609/5226/375 4611/5223/373 
f 4474/5224/370 4473/5227/369 4612/5227/373 4613/5224/374 
f 4473/5227/369 4476/5228/371 4614/5228/375 4612/5227/373 
f 4476/5228/371 4477/5225/372 4615/5225/376 4614/5228/375 
f 4477/5225/372 4474/5224/370 4613/5224/374 4615/5225/376 
f 4480/5226/371 4479/5229/372 4616/5229/376 4617/5226/375 
f 4479/5229/372 4482/5230/370 4618/5230/374 4616/5229/376 
f 4482/5230/370 4483/5223/369 4619/5223/373 4618/5230/374 
f 4483/5223/369 4480/5226/371 4617/5226/375 4619/5223/373 
f 4486/5224/370 4485/5227/369 4620/5227/373 4621/5224/374 
f 4485/5227/369 4488/5228/371 4622/5228/375 4620/5227/373 
f 4488/5228/371 4489/5225/372 4623/5225/376 4622/5228/375 
f 4489/5225/372 4486/5224/370 4621/5224/374 4623/5225/376 
f 4492/5226/371 4491/5229/372 4624/5229/376 4625/5226/375 
f 4491/5229/372 4494/5230/370 4626/5230/374 4624/5229/376 
f 4494/5230/370 4495/5223/369 4627/5223/373 4626/5230/374 
f 4495/5223/369 4492/5226/371 4625/5226/375 4627/5223/373 
f 4498/5224/370 4497/5227/369 4628/5227/373 4629/5224/374 
f 4497/5227/369 4500/5228/371 4630/5228/375 4628/5227/373 
f 4500/5228/371 4501/5225/372 4631/5225/376 4630/5228/375 
f 4501/5225/372 4498/5224/370 4629/5224/374 4631/5225/376 
f 4504/5226/371 4503/5229/372 4632/5229/376 4633/5226/375 
f 4503/5229/372 4506/5230/370 4634/5230/374 4632/5229/376 
f 4506/5230/370 4507/5223/369 4635/5223/373 4634/5230/374 
f 4507/5223/369 4504/5226/371 4633/5226/375 4635/5223/373 
f 4510/5224/370 4509/5227/369 4636/5227/373 4637/5224/374 
f 4509/5227/369 4512/5228/371 4638/5228/375 4636/5227/373 
f 4512/5228/371 4513/5225/372 4639/5225/376 4638/5228/375 
f 4513/5225/372 4510/5224/370 4637/5224/374 4639/5225/376 
f 4516/5226/371 4515/5229/372 4640/5229/376 4641/5226/375 
f 4515/5229/372 4518/5230/370 4642/5230/374 4640/5229/376 
f 4518/5230/370 4519/5223/369 4643/5223/373 4642/5230/374 
f 4519/5223/369 4516/5226/371 4641/5226/375 4643/5223/373 
f 4522/5224/370 4521/5227/369 4644/5227/373 4645/5224/374 
f 4521/5227/369 4524/5228/371 4646/5228/375 4644/5227/373 
f 4524/5228/371 4525/5225/372 4647/5225/376 4646/5228/375 
f 4525/5225/372 4522/5224/370 4645/5224/374 4647/5225/376 
f 4528/5226/371 4527/5229/372 4648/5229/376 4649/5226/375 
f 4527/5229/372 4530/5230/370 4650/5230/374 4648/5229/376 
f 4530/5230/370 4531/5223/369 4651/5223/373 4650/5230/374 
f 4531/5223/369 4528/5226/371 4649/5226/375 4651/5223/373 
f 4652/5224/368 4653/5224/377 4654/5224/372 4655/5224/371 
f 4653/5224/377 4656/5224/377 4657/5224/370 4654/5224/372 
f 4656/5224/377 4658/5224/377 4659/5224/369 4657/5224/370 
f 4658/5224/377 4652/5224/368 4655/5224/371 4659/5224/369 
f 4660/5231/368 4661/5232/368 4662/5232/372 4663/5231/371 
f 4661/5232/368 4664/5232/377 4665/5232/370 4662/5232/372 
f 4664/5232/377 4666/5231/377 4667/5231/369 4665/5232/370 
f 4666/5231/377 4660/5231/368 4663/5231/371 4667/5231/369 
f 4668/5224/368 4669/5224/377 4670/5224/372 4671/5224/371 
f 4669/5224/377 4672/5224/377 4673/5224/370 4670/5224/372 
f 4672/5224/377 4674/5224/377 4675/5224/369 4673/5224/370 
f 4674/5224/377 4668/5224/368 4671/5224/371 4675/5224/369 
f 4676/5224/377 4677/5224/377 4678/5224/372 4679/5224/371 
f 4677/5224/377 4680/5224/377 4681/5224/370 4678/5224/372 
f 4680/5224/377 4682/5224/377 4683/5224/369 4681/5224/370 
f 4682/5224/377 4676/5224/377 4679/5224/371 4683/5224/369 
f 4684/5224/368 4685/5224/368 4686/5224/372 4687/5224/371 
f 4685/5224/368 4688/5224/368 4689/5224/370 4686/5224/372 
f 4688/5224/368 4690/5224/377 4691/5224/369 4689/5224/370 
f 4690/5224/377 4684/5224/368 4687/5224/371 4691/5224/369 
f 4692/5231/368 4693/5232/368 4694/5232/372 4695/5231/371 
f 4693/5232/368 4696/5232/377 4697/5232/370 4694/5232/372 
f 4696/5232/377 4698/5231/377 4699/5231/369 4697/5232/370 
f 4698/5231/377 4692/5231/368 4695/5231/371 4699/5231/369 
f 4700/5224/368 4701/5224/368 4702/5224/372 4703/5224/371 
f 4701/5224/368 4704/5224/368 4705/5224/370 4702/5224/372 
f 4704/5224/368 4706/5224/377 4707/5224/369 4705/5224/370 
f 4706/5224/377 4700/5224/368 4703/5224/371 4707/5224/369 
f 4708/5224/368 4709/5224/368 4710/5224/372 4711/5224/371 
f 4709/5224/368 4712/5224/368 4713/5224/370 4710/5224/372 
f 4712/5224/368 4714/5224/368 4715/5224/369 4713/5224/370 
f 4714/5224/368 4708/5224/368 4711/5224/371 4715/5224/369 
f 4716/5224/378 4717/5224/378 4718/5224/372 4719/5224/371 
f 4717/5224/378 4720/5224/378 4721/5224/370 4718/5224/372 
f 4720/5224/378 4722/5224/379 4723/5224/369 4721/5224/370 
f 4722/5224/379 4716/5224/378 4719/5224/371 4723/5224/369 
f 4724/5231/379 4725/5232/379 4726/5232/372 4727/5231/371 
f 4725/5232/379 4728/5232/379 4729/5232/370 4726/5232/372 
f 4728/5232/379 4730/5231/379 4731/5231/369 4729/5232/370 
f 4730/5231/379 4724/5231/379 4727/5231/371 4731/5231/369 
f 4732/5224/378 4733/5224/378 4734/5224/372 4735/5224/371 
f 4733/5224/378 4736/5224/378 4737/5224/370 4734/5224/372 
f 4736/5224/378 4738/5224/379 4739/5224/369 4737/5224/370 
f 4738/5224/379 4732/5224/378 4735/5224/371 4739/5224/369 
f 4740/5224/378 4741/5224/378 4742/5224/372 4743/5224/371 
f 4741/5224/378 4744/5224/378 4745/5224/370 4742/5224/372 
f 4744/5224/378 4746/5224/378 4747/5224/369 4745/5224/370 
f 4746/5224/378 4740/5224/378 4743/5224/371 4747/5224/369 
f 4748/5224/379 4749/5224/379 4750/5224/372 4751/5224/371 
f 4749/5224/379 4752/5224/378 4753/5224/370 4750/5224/372 
f 4752/5224/378 4754/5224/379 4755/5224/369 4753/5224/370 
f 4754/5224/379 4748/5224/379 4751/5224/371 4755/5224/369 
f 4756/5231/379 4757/5232/379 4758/5232/372 4759/5231/371 
f 4757/5232/379 4760/5232/379 4761/5232/370 4758/5232/372 
f 4760/5232/379 4762/5231/379 4763/5231/369 4761/5232/370 
f 4762/5231/379 4756/5231/379 4759/5231/371 4763/5231/369 
f 4764/5224/379 4765/5224/379 4766/5224/372 4767/5224/371 
f 4765/5224/379 4768/5224/378 4769/5224/370 4766/5224/372 
f 4768/5224/378 4770/5224/379 4771/5224/369 4769/5224/370 
f 4770/5224/379 4764/5224/379 4767/5224/371 4771/5224/369 
f 4772/5224/379 4773/5224/379 4774/5224/372 4775/5224/371 
f 4773/5224/379 4776/5224/379 4777/5224/370 4774/5224/372 
f 4776/5224/379 4778/5224/379 4779/5224/369 4777/5224/370 
f 4778/5224/379 4772/5224/379 4775/5224/371 4779/5224/369 
f 4780/5224/378 4781/5224/378 4782/5224/372 4783/5224/371 
f 4781/5224/378 4784/5224/378 4785/5224/370 4782/5224/372 
f 4784/5224/378 4786/5224/379 4787/5224/369 4785/5224/370 
f 4786/5224/379 4780/5224/378 4783/5224/371 4787/5224/369 
f 4788/5231/379 4789/5232/379 4790/5232/372 4791/5231/371 
f 4789/5232/379 4792/5232/379 4793/5232/370 4790/5232/372 
f 4792/5232/379 4794/5231/379 4795/5231/369 4793/5232/370 
f 4794/5231/379 4788/5231/379 4791/5231/371 4795/5231/369 
f 4796/5224/378 4797/5224/378 4798/5224/372 4799/5224/371 
f 4797/5224/378 4800/5224/379 4801/5224/370 4798/5224/372 
f 4800/5224/379 4802/5224/379 4803/5224/369 4801/5224/370 
f 4802/5224/379 4796/5224/378 4799/5224/371 4803/5224/369 
f 4804/5224/379 4805/5224/379 4806/5224/372 4807/5224/371 
f 4805/5224/379 4808/5224/379 4809/5224/370 4806/5224/372 
f 4808/5224/379 4810/5224/379 4811/5224/369 4809/5224/370 
f 4810/5224/379 4804/5224/379 4807/5224/371 4811/5224/369 
f 4653/5224/377 4812/5224/377 4813/5224/372 4814/5224/371 
f 4812/5224/377 4815/5224/368 4816/5224/370 4813/5224/372 
f 4815/5224/368 4656/5224/377 4817/5224/369 4816/5224/370 
f 4656/5224/377 4653/5224/377 4814/5224/371 4817/5224/369 
f 4661/5232/368 4818/5233/377 4819/5233/372 4820/5232/371 
f 4818/5233/377 4821/5233/368 4822/5233/370 4819/5233/372 
f 4821/5233/368 4664/5232/377 4823/5232/369 4822/5233/370 
f 4664/5232/377 4661/5232/368 4820/5232/371 4823/5232/369 
f 4666/5231/377 4824/5224/377 4825/5224/369 4826/5231/370 
f 4824/5224/377 4827/5224/368 4828/5224/371 4825/5224/369 
f 4827/5224/368 4660/5231/368 4829/5231/372 4828/5224/371 
f 4660/5231/368 4666/5231/377 4826/5231/370 4829/5231/372 
f 4669/5224/377 4830/5224/377 4831/5224/372 4832/5224/371 
f 4830/5224/377 4833/5224/368 4834/5224/370 4831/5224/372 
f 4833/5224/368 4672/5224/377 4835/5224/369 4834/5224/370 
f 4672/5224/377 4669/5224/377 4832/5224/371 4835/5224/369 
f 4677/5224/377 4836/5224/377 4837/5224/372 4838/5224/371 
f 4836/5224/377 4839/5224/368 4840/5224/370 4837/5224/372 
f 4839/5224/368 4680/5224/377 4841/5224/369 4840/5224/370 
f 4680/5224/377 4677/5224/377 4838/5224/371 4841/5224/369 
f 4682/5224/377 4842/5224/377 4843/5224/369 4844/5224/370 
f 4842/5224/377 4845/5224/368 4846/5224/371 4843/5224/369 
f 4845/5224/368 4676/5224/377 4847/5224/372 4846/5224/371 
f 4676/5224/377 4682/5224/377 4844/5224/370 4847/5224/372 
f 4685/5224/368 4848/5224/377 4849/5224/372 4850/5224/371 
f 4848/5224/377 4851/5224/368 4852/5224/370 4849/5224/372 
f 4851/5224/368 4688/5224/368 4853/5224/369 4852/5224/370 
f 4688/5224/368 4685/5224/368 4850/5224/371 4853/5224/369 
f 4693/5232/368 4854/5233/377 4855/5233/372 4856/5232/371 
f 4854/5233/377 4857/5233/368 4858/5233/370 4855/5233/372 
f 4857/5233/368 4696/5232/377 4859/5232/369 4858/5233/370 
f 4696/5232/377 4693/5232/368 4856/5232/371 4859/5232/369 
f 4698/5231/377 4860/5224/377 4861/5224/369 4862/5231/370 
f 4860/5224/377 4863/5224/368 4864/5224/371 4861/5224/369 
f 4863/5224/368 4692/5231/368 4865/5231/372 4864/5224/371 
f 4692/5231/368 4698/5231/377 4862/5231/370 4865/5231/372 
f 4701/5224/368 4866/5224/377 4867/5224/372 4868/5224/371 
f 4866/5224/377 4869/5224/368 4870/5224/370 4867/5224/372 
f 4869/5224/368 4704/5224/368 4871/5224/369 4870/5224/370 
f 4704/5224/368 4701/5224/368 4868/5224/371 4871/5224/369 
f 4709/5224/368 4872/5224/377 4873/5224/372 4874/5224/371 
f 4872/5224/377 4875/5224/368 4876/5224/370 4873/5224/372 
f 4875/5224/368 4712/5224/368 4877/5224/369 4876/5224/370 
f 4712/5224/368 4709/5224/368 4874/5224/371 4877/5224/369 
f 4714/5224/368 4878/5224/377 4879/5224/369 4880/5224/370 
f 4878/5224/377 4881/5224/368 4882/5224/371 4879/5224/369 
f 4881/5224/368 4708/5224/368 4883/5224/372 4882/5224/371 
f 4708/5224/368 4714/5224/368 4880/5224/370 4883/5224/372 
f 4717/5224/378 4884/5224/379 4885/5224/372 4886/5224/371 
f 4884/5224/379 4887/5224/378 4888/5224/370 4885/5224/372 
f 4887/5224/378 4720/5224/378 4889/5224/369 4888/5224/370 
f 4720/5224/378 4717/5224/378 4886/5224/371 4889/5224/369 
f 4725/5232/379 4890/5233/379 4891/5233/372 4892/5232/371 
f 4890/5233/379 4893/5233/378 4894/5233/370 4891/5233/372 
f 4893/5233/378 4728/5232/379 4895/5232/369 4894/5233/370 
f 4728/5232/379 4725/5232/379 4892/5232/371 4895/5232/369 
f 4730/5231/379 4896/5224/379 4897/5224/369 4898/5231/370 
f 4896/5224/379 4899/5224/378 4900/5224/371 4897/5224/369 
f 4899/5224/378 4724/5231/379 4901/5231/372 4900/5224/371 
f 4724/5231/379 4730/5231/379 4898/5231/370 4901/5231/372 
f 4733/5224/378 4902/5224/379 4903/5224/372 4904/5224/371 
f 4902/5224/379 4905/5224/378 4906/5224/370 4903/5224/372 
f 4905/5224/378 4736/5224/378 4907/5224/369 4906/5224/370 
f 4736/5224/378 4733/5224/378 4904/5224/371 4907/5224/369 
f 4741/5224/378 4908/5224/379 4909/5224/372 4910/5224/371 
f 4908/5224/379 4911/5224/378 4912/5224/370 4909/5224/372 
f 4911/5224/378 4744/5224/378 4913/5224/369 4912/5224/370 
f 4744/5224/378 4741/5224/378 4910/5224/371 4913/5224/369 
f 4746/5224/378 4914/5224/379 4915/5224/369 4916/5224/370 
f 4914/5224/379 4917/5224/378 4918/5224/371 4915/5224/369 
f 4917/5224/378 4740/5224/378 4919/5224/372 4918/5224/371 
f 4740/5224/378 4746/5224/378 4916/5224/370 4919/5224/372 
f 4749/5224/379 4920/5224/378 4921/5224/372 4922/5224/371 
f 4920/5224/378 4923/5224/378 4924/5224/370 4921/5224/372 
f 4923/5224/378 4752/5224/378 4925/5224/369 4924/5224/370 
f 4752/5224/378 4749/5224/379 4922/5224/371 4925/5224/369 
f 4757/5232/379 4926/5233/379 4927/5233/372 4928/5232/371 
f 4926/5233/379 4929/5233/379 4930/5233/370 4927/5233/372 
f 4929/5233/379 4760/5232/379 4931/5232/369 4930/5233/370 
f 4760/5232/379 4757/5232/379 4928/5232/371 4931/5232/369 
f 4762/5231/379 4932/5224/379 4933/5224/369 4934/5231/370 
f 4932/5224/379 4935/5224/379 4936/5224/371 4933/5224/369 
f 4935/5224/379 4756/5231/379 4937/5231/372 4936/5224/371 
f 4756/5231/379 4762/5231/379 4934/5231/370 4937/5231/372 
f 4765/5224/379 4938/5224/378 4939/5224/372 4940/5224/371 
f 4938/5224/378 4941/5224/378 4942/5224/370 4939/5224/372 
f 4941/5224/378 4768/5224/378 4943/5224/369 4942/5224/370 
f 4768/5224/378 4765/5224/379 4940/5224/371 4943/5224/369 
f 4773/5224/379 4944/5224/378 4945/5224/372 4946/5224/371 
f 4944/5224/378 4947/5224/379 4948/5224/370 4945/5224/372 
f 4947/5224/379 4776/5224/379 4949/5224/369 4948/5224/370 
f 4776/5224/379 4773/5224/379 4946/5224/371 4949/5224/369 
f 4778/5224/379 4950/5224/378 4951/5224/369 4952/5224/370 
f 4950/5224/378 4953/5224/379 4954/5224/371 4951/5224/369 
f 4953/5224/379 4772/5224/379 4955/5224/372 4954/5224/371 
f 4772/5224/379 4778/5224/379 4952/5224/370 4955/5224/372 
f 4781/5224/378 4956/5224/379 4957/5224/372 4958/5224/371 
f 4956/5224/379 4959/5224/378 4960/5224/370 4957/5224/372 
f 4959/5224/378 4784/5224/378 4961/5224/369 4960/5224/370 
f 4784/5224/378 4781/5224/378 4958/5224/371 4961/5224/369 
f 4789/5232/379 4962/5233/379 4963/5233/372 4964/5232/371 
f 4962/5233/379 4965/5233/378 4966/5233/370 4963/5233/372 
f 4965/5233/378 4792/5232/379 4967/5232/369 4966/5233/370 
f 4792/5232/379 4789/5232/379 4964/5232/371 4967/5232/369 
f 4794/5231/379 4968/5224/379 4969/5224/369 4970/5231/370 
f 4968/5224/379 4971/5224/378 4972/5224/371 4969/5224/369 
f 4971/5224/378 4788/5231/379 4973/5231/372 4972/5224/371 
f 4788/5231/379 4794/5231/379 4970/5231/370 4973/5231/372 
f 4797/5224/378 4974/5224/379 4975/5224/372 4976/5224/371 
f 4974/5224/379 4977/5224/378 4978/5224/370 4975/5224/372 
f 4977/5224/378 4800/5224/379 4979/5224/369 4978/5224/370 
f 4800/5224/379 4797/5224/378 4976/5224/371 4979/5224/369 
f 4805/5224/379 4980/5224/378 4981/5224/372 4982/5224/371 
f 4980/5224/378 4983/5224/379 4984/5224/370 4981/5224/372 
f 4983/5224/379 4808/5224/379 4985/5224/369 4984/5224/370 
f 4808/5224/379 4805/5224/379 4982/5224/371 4985/5224/369 
f 4810/5224/379 4986/5224/379 4987/5224/369 4988/5224/370 
f 4986/5224/379 4989/5224/379 4990/5224/371 4987/5224/369 
f 4989/5224/379 4804/5224/379 4991/5224/372 4990/5224/371 
f 4804/5224/379 4810/5224/379 4988/5224/370 4991/5224/372 
f 4655/5224/371 4654/5224/372 4992/5224/376 4993/5224/375 
f 4654/5224/372 4657/5224/370 4994/5224/374 4992/5224/376 
f 4657/5224/370 4659/5224/369 4995/5224/373 4994/5224/374 
f 4659/5224/369 4655/5224/371 4993/5224/375 4995/5224/373 
f 4663/5231/371 4662/5232/372 4996/5232/376 4997/5231/375 
f 4662/5232/372 4665/5232/370 4998/5232/374 4996/5232/376 
f 4665/5232/370 4667/5231/369 4999/5231/373 4998/5232/374 
f 4667/5231/369 4663/5231/371 4997/5231/375 4999/5231/373 
f 4671/5224/371 4670/5224/372 5000/5224/376 5001/5224/375 
f 4670/5224/372 4673/5224/370 5002/5224/374 5000/5224/376 
f 4673/5224/370 4675/5224/369 5003/5224/373 5002/5224/374 
f 4675/5224/369 4671/5224/371 5001/5224/375 5003/5224/373 
f 4679/5224/371 4678/5224/372 5004/5224/376 5005/5224/375 
f 4678/5224/372 4681/5224/370 5006/5224/374 5004/5224/376 
f 4681/5224/370 4683/5224/369 5007/5224/373 5006/5224/374 
f 4683/5224/369 4679/5224/371 5005/5224/375 5007/5224/373 
f 4687/5224/371 4686/5224/372 5008/5224/376 5009/5224/375 
f 4686/5224/372 4689/5224/370 5010/5224/374 5008/5224/376 
f 4689/5224/370 4691/5224/369 5011/5224/373 5010/5224/374 
f 4691/5224/369 4687/5224/371 5009/5224/375 5011/5224/373 
f 4695/5231/371 4694/5232/372 5012/5232/376 5013/5231/375 
f 4694/5232/372 4697/5232/370 5014/5232/374 5012/5232/376 
f 4697/5232/370 4699/5231/369 5015/5231/373 5014/5232/374 
f 4699/5231/369 4695/5231/371 5013/5231/375 5015/5231/373 
f 4703/5224/371 4702/5224/372 5016/5224/376 5017/5224/375 
f 4702/5224/372 4705/5224/370 5018/5224/374 5016/5224/376 
f 4705/5224/370 4707/5224/369 5019/5224/373 5018/5224/374 
f 4707/5224/369 4703/5224/371 5017/5224/375 5019/5224/373 
f 4711/5224/371 4710/5224/372 5020/5224/376 5021/5224/375 
f 4710/5224/372 4713/5224/370 5022/5224/374 5020/5224/376 
f 4713/5224/370 4715/5224/369 5023/5224/373 5022/5224/374 
f 4715/5224/369 4711/5224/371 5021/5224/375 5023/5224/373 
f 4719/5224/371 4718/5224/372 5024/5224/376 5025/5224/375 
f 4718/5224/372 4721/5224/370 5026/5224/374 5024/5224/376 
f 4721/5224/370 4723/5224/369 5027/5224/373 5026/5224/374 
f 4723/5224/369 4719/5224/371 5025/5224/375 5027/5224/373 
f 4727/5231/371 4726/5232/372 5028/5232/376 5029/5231/375 
f 4726/5232/372 4729/5232/370 5030/5232/374 5028/5232/376 
f 4729/5232/370 4731/5231/369 5031/5231/373 5030/5232/374 
f 4731/5231/369 4727/5231/371 5029/5231/375 5031/5231/373 
f 4735/5224/371 4734/5224/372 5032/5224/376 5033/5224/375 
f 4734/5224/372 4737/5224/370 5034/5224/374 5032/5224/376 
f 4737/5224/370 4739/5224/369 5035/5224/373 5034/5224/374 
f 4739/5224/369 4735/5224/371 5033/5224/375 5035/5224/373 
f 4743/5224/371 4742/5224/372 5036/5224/376 5037/5224/375 
f 4742/5224/372 4745/5224/370 5038/5224/374 5036/5224/376 
f 4745/5224/370 4747/5224/369 5039/5224/373 5038/5224/374 
f 4747/5224/369 4743/5224/371 5037/5224/375 5039/5224/373 
f 4751/5224/371 4750/5224/372 5040/5224/380 5041/5224/381 
f 4750/5224/372 4753/5224/370 5042/5224/374 5040/5224/380 
f 4753/5224/370 4755/5224/369 5043/5224/373 5042/5224/374 
f 4755/5224/369 4751/5224/371 5041/5224/381 5043/5224/373 
f 4759/5231/371 4758/5232/372 5044/5232/380 5045/5231/381 
f 4758/5232/372 4761/5232/370 5046/5232/374 5044/5232/380 
f 4761/5232/370 4763/5231/369 5047/5231/373 5046/5232/374 
f 4763/5231/369 4759/5231/371 5045/5231/381 5047/5231/373 
f 4767/5224/371 4766/5224/372 5048/5224/380 5049/5224/381 
f 4766/5224/372 4769/5224/370 5050/5224/374 5048/5224/380 
f 4769/5224/370 4771/5224/369 5051/5224/373 5050/5224/374 
f 4771/5224/369 4767/5224/371 5049/5224/381 5051/5224/373 
f 4775/5224/371 4774/5224/372 5052/5224/380 5053/5224/381 
f 4774/5224/372 4777/5224/370 5054/5224/374 5052/5224/380 
f 4777/5224/370 4779/5224/369 5055/5224/373 5054/5224/374 
f 4779/5224/369 4775/5224/371 5053/5224/381 5055/5224/373 
f 4783/5224/371 4782/5224/372 5056/5224/380 5057/5224/381 
f 4782/5224/372 4785/5224/370 5058/5224/374 5056/5224/380 
f 4785/5224/370 4787/5224/369 5059/5224/373 5058/5224/374 
f 4787/5224/369 4783/5224/371 5057/5224/381 5059/5224/373 
f 4791/5231/371 4790/5232/372 5060/5232/380 5061/5231/381 
f 4790/5232/372 4793/5232/370 5062/5232/374 5060/5232/380 
f 4793/5232/370 4795/5231/369 5063/5231/373 5062/5232/374 
f 4795/5231/369 4791/5231/371 5061/5231/381 5063/5231/373 
f 4799/5224/371 4798/5224/372 5064/5224/380 5065/5224/381 
f 4798/5224/372 4801/5224/370 5066/5224/374 5064/5224/380 
f 4801/5224/370 4803/5224/369 5067/5224/373 5066/5224/374 
f 4803/5224/369 4799/5224/371 5065/5224/381 5067/5224/373 
f 4807/5224/371 4806/5224/372 5068/5224/380 5069/5224/381 
f 4806/5224/372 4809/5224/370 5070/5224/374 5068/5224/380 
f 4809/5224/370 4811/5224/369 5071/5224/373 5070/5224/374 
f 4811/5224/369 4807/5224/371 5069/5224/381 5071/5224/373 
f 4814/5224/371 4813/5224/372 5072/5224/376 5073/5224/375 
f 4813/5224/372 4816/5224/370 5074/5224/374 5072/5224/376 
f 4816/5224/370 4817/5224/369 5075/5224/373 5074/5224/374 
f 4817/5224/369 4814/5224/371 5073/5224/375 5075/5224/373 
f 4820/5232/371 4819/5233/372 5076/5233/376 5077/5232/375 
f 4819/5233/372 4822/5233/370 5078/5233/374 5076/5233/376 
f 4822/5233/370 4823/5232/369 5079/5232/373 5078/5233/374 
f 4823/5232/369 4820/5232/371 5077/5232/375 5079/5232/373 
f 4826/5231/370 4825/5224/369 5080/5224/373 5081/5231/374 
f 4825/5224/369 4828/5224/371 5082/5224/375 5080/5224/373 
f 4828/5224/371 4829/5231/372 5083/5231/376 5082/5224/375 
f 4829/5231/372 4826/5231/370 5081/5231/374 5083/5231/376 
f 4832/5224/371 4831/5224/372 5084/5224/376 5085/5224/375 
f 4831/5224/372 4834/5224/370 5086/5224/374 5084/5224/376 
f 4834/5224/370 4835/5224/369 5087/5224/373 5086/5224/374 
f 4835/5224/369 4832/5224/371 5085/5224/375 5087/5224/373 
f 4838/5224/371 4837/5224/372 5088/5224/376 5089/5224/375 
f 4837/5224/372 4840/5224/370 5090/5224/374 5088/5224/376 
f 4840/5224/370 4841/5224/369 5091/5224/373 5090/5224/374 
f 4841/5224/369 4838/5224/371 5089/5224/375 5091/5224/373 
f 4844/5224/370 4843/5224/369 5092/5224/373 5093/5224/374 
f 4843/5224/369 4846/5224/371 5094/5224/375 5092/5224/373 
f 4846/5224/371 4847/5224/372 5095/5224/376 5094/5224/375 
f 4847/5224/372 4844/5224/370 5093/5224/374 5095/5224/376 
f 4850/5224/371 4849/5224/372 5096/5224/376 5097/5224/375 
f 4849/5224/372 4852/5224/370 5098/5224/374 5096/5224/376 
f 4852/5224/370 4853/5224/369 5099/5224/373 5098/5224/374 
f 4853/5224/369 4850/5224/371 5097/5224/375 5099/5224/373 
f 4856/5232/371 4855/5233/372 5100/5233/376 5101/5232/375 
f 4855/5233/372 4858/5233/370 5102/5233/374 5100/5233/376 
f 4858/5233/370 4859/5232/369 5103/5232/373 5102/5233/374 
f 4859/5232/369 4856/5232/371 5101/5232/375 5103/5232/373 
f 4862/5231/370 4861/5224/369 5104/5224/373 5105/5231/374 
f 4861/5224/369 4864/5224/371 5106/5224/375 5104/5224/373 
f 4864/5224/371 4865/5231/372 5107/5231/376 5106/5224/375 
f 4865/5231/372 4862/5231/370 5105/5231/374 5107/5231/376 
f 4868/5224/371 4867/5224/372 5108/5224/376 5109/5224/375 
f 4867/5224/372 4870/5224/370 5110/5224/374 5108/5224/376 
f 4870/5224/370 4871/5224/369 5111/5224/373 5110/5224/374 
f 4871/5224/369 4868/5224/371 5109/5224/375 5111/5224/373 
f 4874/5224/371 4873/5224/372 5112/5224/376 5113/5224/375 
f 4873/5224/372 4876/5224/370 5114/5224/374 5112/5224/376 
f 4876/5224/370 4877/5224/369 5115/5224/373 5114/5224/374 
f 4877/5224/369 4874/5224/371 5113/5224/375 5115/5224/373 
f 4880/5224/370 4879/5224/369 5116/5224/373 5117/5224/374 
f 4879/5224/369 4882/5224/371 5118/5224/375 5116/5224/373 
f 4882/5224/371 4883/5224/372 5119/5224/376 5118/5224/375 
f 4883/5224/372 4880/5224/370 5117/5224/374 5119/5224/376 
f 4886/5224/371 4885/5224/372 5120/5224/376 5121/5224/375 
f 4885/5224/372 4888/5224/370 5122/5224/374 5120/5224/376 
f 4888/5224/370 4889/5224/369 5123/5224/373 5122/5224/374 
f 4889/5224/369 4886/5224/371 5121/5224/375 5123/5224/373 
f 4892/5232/371 4891/5233/372 5124/5233/376 5125/5232/375 
f 4891/5233/372 4894/5233/370 5126/5233/374 5124/5233/376 
f 4894/5233/370 4895/5232/369 5127/5232/373 5126/5233/374 
f 4895/5232/369 4892/5232/371 5125/5232/375 5127/5232/373 
f 4898/5231/370 4897/5224/369 5128/5224/373 5129/5231/374 
f 4897/5224/369 4900/5224/371 5130/5224/375 5128/5224/373 
f 4900/5224/371 4901/5231/372 5131/5231/376 5130/5224/375 
f 4901/5231/372 4898/5231/370 5129/5231/374 5131/5231/376 
f 4904/5224/371 4903/5224/372 5132/5224/376 5133/5224/375 
f 4903/5224/372 4906/5224/370 5134/5224/374 5132/5224/376 
f 4906/5224/370 4907/5224/369 5135/5224/373 5134/5224/374 
f 4907/5224/369 4904/5224/371 5133/5224/375 5135/5224/373 
f 4910/5224/371 4909/5224/372 5136/5224/376 5137/5224/375 
f 4909/5224/372 4912/5224/370 5138/5224/374 5136/5224/376 
f 4912/5224/370 4913/5224/369 5139/5224/373 5138/5224/374 
f 4913/5224/369 4910/5224/371 5137/5224/375 5139/5224/373 
f 4916/5224/370 4915/5224/369 5140/5224/373 5141/5224/374 
f 4915/5224/369 4918/5224/371 5142/5224/375 5140/5224/373 
f 4918/5224/371 4919/5224/372 5143/5224/376 5142/5224/375 
f 4919/5224/372 4916/5224/370 5141/5224/374 5143/5224/376 
f 4922/5224/371 4921/5224/372 5144/5224/380 5145/5224/381 
f 4921/5224/372 4924/5224/370 5146/5224/374 5144/5224/380 
f 4924/5224/370 4925/5224/369 5147/5224/373 5146/5224/374 
f 4925/5224/369 4922/5224/371 5145/5224/381 5147/5224/373 
f 4928/5232/371 4927/5233/372 5148/5233/376 5149/5232/375 
f 4927/5233/372 4930/5233/370 5150/5233/374 5148/5233/376 
f 4930/5233/370 4931/5232/369 5151/5232/373 5150/5233/374 
f 4931/5232/369 4928/5232/371 5149/5232/375 5151/5232/373 
f 4934/5231/370 4933/5224/369 5152/5224/373 5153/5231/374 
f 4933/5224/369 4936/5224/371 5154/5224/381 5152/5224/373 
f 4936/5224/371 4937/5231/372 5155/5231/380 5154/5224/381 
f 4937/5231/372 4934/5231/370 5153/5231/374 5155/5231/380 
f 4940/5224/371 4939/5224/372 5156/5224/380 5157/5224/381 
f 4939/5224/372 4942/5224/370 5158/5224/374 5156/5224/380 
f 4942/5224/370 4943/5224/369 5159/5224/373 5158/5224/374 
f 4943/5224/369 4940/5224/371 5157/5224/381 5159/5224/373 
f 4946/5224/371 4945/5224/372 5160/5224/380 5161/5224/381 
f 4945/5224/372 4948/5224/370 5162/5224/374 5160/5224/380 
f 4948/5224/370 4949/5224/369 5163/5224/373 5162/5224/374 
f 4949/5224/369 4946/5224/371 5161/5224/381 5163/5224/373 
f 4952/5224/370 4951/5224/369 5164/5224/373 5165/5224/374 
f 4951/5224/369 4954/5224/371 5166/5224/381 5164/5224/373 
f 4954/5224/371 4955/5224/372 5167/5224/380 5166/5224/381 
f 4955/5224/372 4952/5224/370 5165/5224/374 5167/5224/380 
f 4958/5224/371 4957/5224/372 5168/5224/380 5169/5224/381 
f 4957/5224/372 4960/5224/370 5170/5224/374 5168/5224/380 
f 4960/5224/370 4961/5224/369 5171/5224/373 5170/5224/374 
f 4961/5224/369 4958/5224/371 5169/5224/381 5171/5224/373 
f 4964/5232/371 4963/5233/372 5172/5233/380 5173/5232/381 
f 4963/5233/372 4966/5233/370 5174/5233/374 5172/5233/380 
f 4966/5233/370 4967/5232/369 5175/5232/373 5174/5233/374 
f 4967/5232/369 4964/5232/371 5173/5232/381 5175/5232/373 
f 4970/5231/370 4969/5224/369 5176/5224/373 5177/5231/374 
f 4969/5224/369 4972/5224/371 5178/5224/381 5176/5224/373 
f 4972/5224/371 4973/5231/372 5179/5231/380 5178/5224/381 
f 4973/5231/372 4970/5231/370 5177/5231/374 5179/5231/380 
f 4976/5224/371 4975/5224/372 5180/5224/380 5181/5224/381 
f 4975/5224/372 4978/5224/370 5182/5224/374 5180/5224/380 
f 4978/5224/370 4979/5224/369 5183/5224/373 5182/5224/374 
f 4979/5224/369 4976/5224/371 5181/5224/381 5183/5224/373 
f 4982/5224/371 4981/5224/372 5184/5224/380 5185/5224/381 
f 4981/5224/372 4984/5224/370 5186/5224/374 5184/5224/380 
f 4984/5224/370 4985/5224/369 5187/5224/373 5186/5224/374 
f 4985/5224/369 4982/5224/371 5185/5224/381 5187/5224/373 
f 4988/5224/370 4987/5224/369 5188/5224/373 5189/5224/374 
f 4987/5224/369 4990/5224/371 5190/5224/381 5188/5224/373 
f 4990/5224/371 4991/5224/372 5191/5224/380 5190/5224/381 
f 4991/5224/372 4988/5224/370 5189/5224/374 5191/5224/380 
f 5192/5234/377 5193/5234/377 5194/5234/372 5195/5234/371 
f 5193/5234/377 5196/5234/368 5197/5234/370 5194/5234/372 
f 5196/5234/368 5198/5234/368 5199/5234/369 5197/5234/370 
f 5198/5234/368 5192/5234/377 5195/5234/371 5199/5234/369 
f 5200/5234/379 5201/5234/379 5202/5234/372 5203/5234/371 
f 5201/5234/379 5204/5234/377 5205/5234/370 5202/5234/372 
f 5204/5234/377 5206/5234/377 5207/5234/369 5205/5234/370 
f 5206/5234/377 5200/5234/379 5203/5234/371 5207/5234/369 
f 5198/5234/368 5196/5234/368 5208/5234/372 5209/5234/371 
f 5196/5234/368 5210/5234/368 5211/5234/370 5208/5234/372 
f 5210/5234/368 5212/5234/368 5213/5234/369 5211/5234/370 
f 5212/5234/368 5198/5234/368 5209/5234/371 5213/5234/369 
f 5206/5234/377 5204/5234/377 5214/5234/372 5215/5234/371 
f 5204/5234/377 5216/5234/377 5217/5234/370 5214/5234/372 
f 5216/5234/377 5218/5234/377 5219/5234/382 5217/5234/370 
f 5218/5234/377 5206/5234/377 5215/5234/371 5219/5234/382 
f 5220/5235/377 5221/5236/377 5222/5236/372 5223/5235/371 
f 5221/5236/377 5224/5236/379 5225/5236/370 5222/5236/372 
f 5224/5236/379 5226/5235/377 5227/5235/369 5225/5236/370 
f 5226/5235/377 5220/5235/377 5223/5235/371 5227/5235/369 
f 5212/5234/368 5210/5234/368 5228/5234/372 5229/5234/371 
f 5210/5234/368 5230/5234/378 5231/5234/370 5228/5234/372 
f 5230/5234/378 5232/5234/378 5233/5234/369 5231/5234/370 
f 5232/5234/378 5212/5234/368 5229/5234/371 5233/5234/369 
f 5234/5234/377 5235/5234/383 5236/5234/384 5237/5234/385 
f 5235/5234/383 5238/5234/383 5239/5234/386 5236/5234/384 
f 5238/5234/383 5240/5234/377 5241/5234/382 5239/5234/386 
f 5240/5234/377 5234/5234/377 5237/5234/385 5241/5234/382 
f 5242/5234/387 5243/5234/388 5244/5234/389 5245/5234/390 
f 5243/5234/388 5246/5234/388 5247/5234/391 5244/5234/389 
f 5246/5234/388 5248/5234/387 5249/5234/392 5247/5234/391 
f 5248/5234/387 5242/5234/387 5245/5234/390 5249/5234/392 
f 5218/5234/377 5216/5234/377 5250/5234/372 5251/5234/371 
f 5216/5234/377 5252/5234/378 5253/5234/370 5250/5234/372 
f 5252/5234/378 5254/5234/378 5255/5234/369 5253/5234/370 
f 5254/5234/378 5218/5234/377 5251/5234/371 5255/5234/369 
f 5256/5234/368 5257/5234/379 5258/5234/372 5259/5234/371 
f 5257/5234/379 5260/5234/379 5261/5234/370 5258/5234/372 
f 5260/5234/379 5262/5234/378 5263/5234/369 5261/5234/370 
f 5262/5234/378 5256/5234/368 5259/5234/371 5263/5234/369 
f 5264/5234/378 5265/5234/378 5266/5234/372 5267/5234/371 
f 5265/5234/378 5268/5234/379 5269/5234/370 5266/5234/372 
f 5268/5234/379 5270/5234/379 5271/5234/369 5269/5234/370 
f 5270/5234/379 5264/5234/378 5267/5234/371 5271/5234/369 
f 5272/5234/378 5273/5234/378 5274/5234/372 5275/5234/371 
f 5273/5234/378 5276/5234/379 5277/5234/370 5274/5234/372 
f 5276/5234/379 5278/5234/379 5279/5234/369 5277/5234/370 
f 5278/5234/379 5272/5234/378 5275/5234/371 5279/5234/369 
f 5270/5234/379 5268/5234/379 5280/5234/372 5281/5234/393 
f 5268/5234/379 5282/5234/379 5283/5234/370 5280/5234/372 
f 5282/5234/379 5284/5234/379 5285/5234/394 5283/5234/370 
f 5284/5234/379 5270/5234/379 5281/5234/393 5285/5234/394 
f 5278/5234/379 5276/5234/379 5286/5234/372 5287/5234/393 
f 5276/5234/379 5288/5234/379 5289/5234/370 5286/5234/372 
f 5288/5234/379 5290/5234/379 5291/5234/394 5289/5234/370 
f 5290/5234/379 5278/5234/379 5287/5234/393 5291/5234/394 
f 5284/5234/379 5282/5234/379 5292/5234/372 5293/5234/371 
f 5282/5234/379 5294/5234/378 5295/5234/370 5292/5234/372 
f 5294/5234/378 5296/5234/378 5297/5234/369 5295/5234/370 
f 5296/5234/378 5284/5234/379 5293/5234/371 5297/5234/369 
f 5290/5234/379 5288/5234/379 5298/5234/372 5299/5234/371 
f 5288/5234/379 5300/5234/378 5301/5234/370 5298/5234/372 
f 5300/5234/378 5302/5234/378 5303/5234/369 5301/5234/370 
f 5302/5234/378 5290/5234/379 5299/5234/371 5303/5234/369 
f 5296/5234/378 5294/5234/378 5304/5234/395 5305/5234/371 
f 5294/5234/378 5306/5234/378 5307/5234/396 5304/5234/395 
f 5306/5234/378 5308/5234/378 5309/5234/369 5307/5234/396 
f 5308/5234/378 5296/5234/378 5305/5234/371 5309/5234/369 
f 5302/5234/378 5300/5234/378 5310/5234/395 5311/5234/371 
f 5300/5234/378 5312/5234/378 5313/5234/396 5310/5234/395 
f 5312/5234/378 5314/5234/378 5315/5234/369 5313/5234/396 
f 5314/5234/378 5302/5234/378 5311/5234/371 5315/5234/369 
f 5308/5234/378 5306/5234/378 5316/5234/372 5317/5234/371 
f 5306/5234/378 5318/5234/368 5319/5234/370 5316/5234/372 
f 5318/5234/368 5320/5234/368 5321/5234/369 5319/5234/370 
f 5320/5234/368 5308/5234/378 5317/5234/371 5321/5234/369 
f 5314/5234/378 5312/5234/378 5322/5234/372 5323/5234/371 
f 5312/5234/378 5324/5234/368 5325/5234/370 5322/5234/372 
f 5324/5234/368 5326/5234/368 5327/5234/369 5325/5234/370 
f 5326/5234/368 5314/5234/378 5323/5234/371 5327/5234/369 
f 5320/5234/368 5318/5234/368 5328/5234/395 5329/5234/397 
f 5318/5234/368 5330/5234/368 5331/5234/396 5328/5234/395 
f 5330/5234/368 5332/5234/368 5333/5234/398 5331/5234/396 
f 5332/5234/368 5320/5234/368 5329/5234/397 5333/5234/398 
f 5326/5234/368 5324/5234/368 5334/5234/395 5335/5234/397 
f 5324/5234/368 5336/5234/368 5337/5234/386 5334/5234/395 
f 5336/5234/368 5338/5234/368 5339/5234/398 5337/5234/386 
f 5338/5234/368 5326/5234/368 5335/5234/397 5339/5234/398 
f 5332/5234/368 5330/5234/368 5340/5234/372 5341/5234/371 
f 5330/5234/368 5342/5234/378 5343/5234/370 5340/5234/372 
f 5342/5234/378 5344/5234/378 5345/5234/369 5343/5234/370 
f 5344/5234/378 5332/5234/368 5341/5234/371 5345/5234/369 
f 5338/5234/368 5336/5234/368 5346/5234/372 5347/5234/371 
f 5336/5234/368 5348/5234/378 5349/5234/370 5346/5234/372 
f 5348/5234/378 5350/5234/378 5351/5234/369 5349/5234/370 
f 5350/5234/378 5338/5234/368 5347/5234/371 5351/5234/369 
f 5344/5234/378 5342/5234/378 5352/5234/395 5353/5234/393 
f 5342/5234/378 5354/5234/379 5355/5234/370 5352/5234/395 
f 5354/5234/379 5356/5234/379 5357/5234/369 5355/5234/370 
f 5356/5234/379 5344/5234/378 5353/5234/393 5357/5234/369 
f 5350/5234/378 5348/5234/378 5358/5234/395 5359/5234/393 
f 5348/5234/378 5360/5234/379 5361/5234/370 5358/5234/395 
f 5360/5234/379 5362/5234/379 5363/5234/369 5361/5234/370 
f 5362/5234/379 5350/5234/378 5359/5234/393 5363/5234/369 
f 5356/5234/379 5354/5234/379 5364/5234/372 5365/5234/371 
f 5354/5234/379 5366/5234/379 5367/5234/370 5364/5234/372 
f 5366/5234/379 5368/5234/379 5369/5234/369 5367/5234/370 
f 5368/5234/379 5356/5234/379 5365/5234/371 5369/5234/369 
f 5362/5234/379 5360/5234/379 5370/5234/372 5371/5234/371 
f 5360/5234/379 5372/5234/379 5373/5234/370 5370/5234/372 
f 5372/5234/379 5374/5234/379 5375/5234/369 5373/5234/370 
f 5374/5234/379 5362/5234/379 5371/5234/371 5375/5234/369 
f 5376/5234/379 5377/5234/377 5378/5234/399 5379/5234/370 
f 5377/5234/377 5380/5234/377 5381/5234/400 5378/5234/399 
f 5380/5234/377 5382/5234/379 5383/5234/372 5381/5234/400 
f 5382/5234/379 5376/5234/379 5379/5234/370 5383/5234/372 
f 5384/5234/379 5385/5234/379 5386/5234/372 5387/5234/371 
f 5385/5234/379 5388/5234/379 5389/5234/370 5386/5234/372 
f 5388/5234/379 5390/5234/379 5391/5234/369 5389/5234/370 
f 5390/5234/379 5384/5234/379 5387/5234/371 5391/5234/369 
f 5392/5234/378 5393/5234/378 5394/5234/369 5395/5234/370 
f 5393/5234/378 5396/5234/378 5397/5234/371 5394/5234/369 
f 5396/5234/378 5398/5234/378 5399/5234/372 5397/5234/371 
f 5398/5234/378 5392/5234/378 5395/5234/370 5399/5234/372 
f 5400/5234/379 5401/5234/379 5402/5234/399 5403/5234/386 
f 5401/5234/379 5404/5234/379 5405/5234/371 5402/5234/399 
f 5404/5234/379 5406/5234/379 5407/5234/372 5405/5234/371 
f 5406/5234/379 5400/5234/379 5403/5234/386 5407/5234/372 
f 5408/5234/379 5409/5234/379 5410/5234/395 5411/5234/371 
f 5409/5234/379 5412/5234/379 5413/5234/370 5410/5234/395 
f 5412/5234/379 5414/5234/379 5415/5234/369 5413/5234/370 
f 5414/5234/379 5408/5234/379 5411/5234/371 5415/5234/369 
f 5416/5234/401 5417/5234/401 5418/5234/402 5419/5234/403 
f 5417/5234/401 5420/5234/401 5421/5234/404 5418/5234/402 
f 5420/5234/401 5422/5234/401 5423/5234/405 5421/5234/404 
f 5422/5234/401 5416/5234/401 5419/5234/403 5423/5234/405 
f 5265/5237/378 5264/5238/378 5424/5238/394 5425/5237/406 
f 5264/5238/378 5232/5239/378 5426/5239/393 5424/5238/394 
f 5232/5239/378 5230/5240/378 5427/5240/407 5426/5239/393 
f 5230/5240/378 5265/5237/378 5425/5237/406 5427/5240/407 
f 5273/5224/378 5272/5224/378 5428/5224/408 5429/5224/406 
f 5272/5224/378 5254/5224/378 5430/5224/409 5428/5224/408 
f 5254/5224/378 5252/5224/378 5431/5224/407 5430/5224/409 
f 5252/5224/378 5273/5224/378 5429/5224/406 5431/5224/407 
f 5432/5241/368 5433/5242/368 5434/5242/395 5435/5241/410 
f 5433/5242/368 5436/5242/368 5437/5242/386 5434/5242/395 
f 5436/5242/368 5438/5241/368 5439/5241/382 5437/5242/386 
f 5438/5241/368 5432/5241/368 5435/5241/410 5439/5241/382 
f 5440/5241/368 5441/5242/368 5442/5242/372 5443/5241/371 
f 5441/5242/368 5444/5242/368 5445/5242/370 5442/5242/372 
f 5444/5242/368 5446/5241/368 5447/5241/369 5445/5242/370 
f 5446/5241/368 5440/5241/368 5443/5241/371 5447/5241/369 
f 5448/5241/379 5449/5242/379 5450/5242/372 5451/5241/371 
f 5449/5242/379 5452/5242/379 5453/5242/370 5450/5242/372 
f 5452/5242/379 5454/5241/379 5455/5241/369 5453/5242/370 
f 5454/5241/379 5448/5241/379 5451/5241/371 5455/5241/369 
f 5456/5241/378 5457/5242/378 5458/5242/372 5459/5241/371 
f 5457/5242/378 5460/5242/378 5461/5242/370 5458/5242/372 
f 5460/5242/378 5462/5241/378 5463/5241/369 5461/5242/370 
f 5462/5241/378 5456/5241/378 5459/5241/371 5463/5241/369 
f 5464/5241/378 5465/5242/378 5466/5242/407 5467/5241/393 
f 5465/5242/378 5468/5242/378 5469/5242/406 5466/5242/407 
f 5468/5242/378 5470/5241/378 5471/5241/394 5469/5242/406 
f 5470/5241/378 5464/5241/378 5467/5241/393 5471/5241/394 
f 5433/5242/368 5432/5241/368 5472/5241/369 5473/5242/370 
f 5432/5241/368 5474/5241/368 5475/5241/371 5472/5241/369 
f 5474/5241/368 5476/5242/368 5477/5242/372 5475/5241/371 
f 5476/5242/368 5433/5242/368 5473/5242/370 5477/5242/372 
f 5478/5243/368 5479/5243/368 5480/5243/372 5481/5243/371 
f 5479/5243/368 5482/5243/368 5483/5243/370 5480/5243/372 
f 5482/5243/368 5484/5243/368 5485/5243/369 5483/5243/370 
f 5484/5243/368 5478/5243/368 5481/5243/371 5485/5243/369 
f 5486/5243/377 5487/5243/377 5488/5243/372 5489/5243/371 
f 5487/5243/377 5490/5243/377 5491/5243/370 5488/5243/372 
f 5490/5243/377 5492/5243/377 5493/5243/369 5491/5243/370 
f 5492/5243/377 5486/5243/377 5489/5243/371 5493/5243/369 
f 5193/5234/377 5494/5234/368 5495/5234/372 5496/5234/371 
f 5494/5234/368 5497/5234/377 5498/5234/370 5495/5234/372 
f 5497/5234/377 5196/5234/368 5499/5234/369 5498/5234/370 
f 5196/5234/368 5193/5234/377 5496/5234/371 5499/5234/369 
f 5198/5234/368 5500/5234/368 5501/5234/369 5502/5234/370 
f 5500/5234/368 5503/5234/377 5504/5234/371 5501/5234/369 
f 5503/5234/377 5192/5234/377 5505/5234/372 5504/5234/371 
f 5192/5234/377 5198/5234/368 5502/5234/370 5505/5234/372 
f 5201/5234/379 5506/5234/379 5507/5234/372 5508/5234/371 
f 5506/5234/379 5509/5234/377 5510/5234/370 5507/5234/372 
f 5509/5234/377 5204/5234/377 5511/5234/369 5510/5234/370 
f 5204/5234/377 5201/5234/379 5508/5234/371 5511/5234/369 
f 5206/5234/377 5512/5234/368 5513/5234/369 5514/5234/370 
f 5512/5234/368 5515/5234/378 5516/5234/371 5513/5234/369 
f 5515/5234/378 5200/5234/379 5517/5234/372 5516/5234/371 
f 5200/5234/379 5206/5234/377 5514/5234/370 5517/5234/372 
f 5196/5234/368 5497/5234/377 5518/5234/372 5519/5234/371 
f 5497/5234/377 5234/5234/377 5520/5234/370 5518/5234/372 
f 5234/5234/377 5210/5234/368 5521/5234/369 5520/5234/370 
f 5210/5234/368 5196/5234/368 5519/5234/371 5521/5234/369 
f 5212/5234/368 5221/5234/377 5522/5234/369 5523/5234/370 
f 5221/5234/377 5500/5234/368 5524/5234/371 5522/5234/369 
f 5500/5234/368 5198/5234/368 5525/5234/372 5524/5234/371 
f 5198/5234/368 5212/5234/368 5523/5234/370 5525/5234/372 
f 5204/5234/377 5509/5234/377 5526/5234/372 5527/5234/371 
f 5509/5234/377 5256/5234/368 5528/5234/370 5526/5234/372 
f 5256/5234/368 5216/5234/377 5529/5234/369 5528/5234/370 
f 5216/5234/377 5204/5234/377 5527/5234/371 5529/5234/369 
f 5218/5234/377 5243/5234/388 5530/5234/382 5531/5234/370 
f 5243/5234/388 5512/5234/368 5532/5234/411 5530/5234/382 
f 5512/5234/368 5206/5234/377 5533/5234/372 5532/5234/411 
f 5206/5234/377 5218/5234/377 5531/5234/370 5533/5234/372 
f 5210/5234/368 5234/5234/377 5534/5234/372 5535/5234/371 
f 5234/5234/377 5240/5234/377 5536/5234/370 5534/5234/372 
f 5240/5234/377 5230/5234/378 5537/5234/369 5536/5234/370 
f 5230/5234/378 5210/5234/368 5535/5234/371 5537/5234/369 
f 5232/5234/378 5224/5234/379 5538/5234/369 5539/5234/370 
f 5224/5234/379 5221/5234/377 5540/5234/371 5538/5234/369 
f 5221/5234/377 5212/5234/368 5541/5234/372 5540/5234/371 
f 5212/5234/368 5232/5234/378 5539/5234/370 5541/5234/372 
f 5216/5234/377 5256/5234/368 5542/5234/372 5543/5234/371 
f 5256/5234/368 5262/5234/378 5544/5234/370 5542/5234/372 
f 5262/5234/378 5252/5234/378 5545/5234/369 5544/5234/370 
f 5252/5234/378 5216/5234/377 5543/5234/371 5545/5234/369 
f 5254/5234/378 5246/5234/388 5546/5234/369 5547/5234/370 
f 5246/5234/388 5243/5234/388 5548/5234/371 5546/5234/369 
f 5243/5234/388 5218/5234/377 5549/5234/372 5548/5234/371 
f 5218/5234/377 5254/5234/378 5547/5234/370 5549/5234/372 
f 5265/5234/378 5550/5234/378 5551/5234/372 5552/5234/371 
f 5550/5234/378 5553/5234/378 5554/5234/370 5551/5234/372 
f 5553/5234/378 5268/5234/379 5555/5234/369 5554/5234/370 
f 5268/5234/379 5265/5234/378 5552/5234/371 5555/5234/369 
f 5270/5234/379 5556/5234/379 5557/5234/369 5558/5234/370 
f 5556/5234/379 5559/5234/379 5560/5234/371 5557/5234/369 
f 5559/5234/379 5264/5234/378 5561/5234/372 5560/5234/371 
f 5264/5234/378 5270/5234/379 5558/5234/370 5561/5234/372 
f 5273/5234/378 5562/5234/378 5563/5234/372 5564/5234/371 
f 5562/5234/378 5565/5234/378 5566/5234/370 5563/5234/372 
f 5565/5234/378 5276/5234/379 5567/5234/369 5566/5234/370 
f 5276/5234/379 5273/5234/378 5564/5234/371 5567/5234/369 
f 5278/5234/379 5568/5234/379 5569/5234/369 5570/5234/370 
f 5568/5234/379 5571/5234/379 5572/5234/371 5569/5234/369 
f 5571/5234/379 5272/5234/378 5573/5234/372 5572/5234/371 
f 5272/5234/378 5278/5234/379 5570/5234/370 5573/5234/372 
f 5268/5234/379 5553/5234/378 5574/5234/372 5575/5234/393 
f 5553/5234/378 5576/5234/379 5577/5234/370 5574/5234/372 
f 5576/5234/379 5282/5234/379 5578/5234/394 5577/5234/370 
f 5282/5234/379 5268/5234/379 5575/5234/393 5578/5234/394 
f 5284/5234/379 5579/5234/378 5580/5234/394 5581/5234/370 
f 5579/5234/378 5556/5234/379 5582/5234/393 5580/5234/394 
f 5556/5234/379 5270/5234/379 5583/5234/372 5582/5234/393 
f 5270/5234/379 5284/5234/379 5581/5234/370 5583/5234/372 
f 5276/5234/379 5565/5234/378 5584/5234/372 5585/5234/393 
f 5565/5234/378 5586/5234/379 5587/5234/370 5584/5234/372 
f 5586/5234/379 5288/5234/379 5588/5234/394 5587/5234/370 
f 5288/5234/379 5276/5234/379 5585/5234/393 5588/5234/394 
f 5290/5234/379 5589/5234/378 5590/5234/394 5591/5234/370 
f 5589/5234/378 5568/5234/379 5592/5234/393 5590/5234/394 
f 5568/5234/379 5278/5234/379 5593/5234/372 5592/5234/393 
f 5278/5234/379 5290/5234/379 5591/5234/370 5593/5234/372 
f 5282/5234/379 5576/5234/379 5594/5234/372 5595/5234/371 
f 5576/5234/379 5596/5234/378 5597/5234/370 5594/5234/372 
f 5596/5234/378 5294/5234/378 5598/5234/369 5597/5234/370 
f 5294/5234/378 5282/5234/379 5595/5234/371 5598/5234/369 
f 5296/5234/378 5599/5234/379 5600/5234/369 5601/5234/370 
f 5599/5234/379 5579/5234/378 5602/5234/371 5600/5234/369 
f 5579/5234/378 5284/5234/379 5603/5234/372 5602/5234/371 
f 5284/5234/379 5296/5234/378 5601/5234/370 5603/5234/372 
f 5288/5234/379 5586/5234/379 5604/5234/372 5605/5234/371 
f 5586/5234/379 5606/5234/378 5607/5234/370 5604/5234/372 
f 5606/5234/378 5300/5234/378 5608/5234/369 5607/5234/370 
f 5300/5234/378 5288/5234/379 5605/5234/371 5608/5234/369 
f 5302/5234/378 5609/5234/379 5610/5234/369 5611/5234/370 
f 5609/5234/379 5589/5234/378 5612/5234/371 5610/5234/369 
f 5589/5234/378 5290/5234/379 5613/5234/372 5612/5234/371 
f 5290/5234/379 5302/5234/378 5611/5234/370 5613/5234/372 
f 5294/5234/378 5596/5234/378 5614/5234/395 5615/5234/371 
f 5596/5234/378 5616/5234/379 5617/5234/396 5614/5234/395 
f 5616/5234/379 5306/5234/378 5618/5234/369 5617/5234/396 
f 5306/5234/378 5294/5234/378 5615/5234/371 5618/5234/369 
f 5308/5234/378 5619/5234/378 5620/5234/369 5621/5234/396 
f 5619/5234/378 5599/5234/379 5622/5234/371 5620/5234/369 
f 5599/5234/379 5296/5234/378 5623/5234/395 5622/5234/371 
f 5296/5234/378 5308/5234/378 5621/5234/396 5623/5234/395 
f 5300/5234/378 5606/5234/378 5624/5234/395 5625/5234/371 
f 5606/5234/378 5626/5234/379 5627/5234/396 5624/5234/395 
f 5626/5234/379 5312/5234/378 5628/5234/369 5627/5234/396 
f 5312/5234/378 5300/5234/378 5625/5234/371 5628/5234/369 
f 5314/5234/378 5629/5234/378 5630/5234/369 5631/5234/396 
f 5629/5234/378 5609/5234/379 5632/5234/371 5630/5234/369 
f 5609/5234/379 5302/5234/378 5633/5234/395 5632/5234/371 
f 5302/5234/378 5314/5234/378 5631/5234/396 5633/5234/395 
f 5306/5234/378 5616/5234/379 5634/5234/372 5635/5234/371 
f 5616/5234/379 5636/5234/368 5637/5234/370 5634/5234/372 
f 5636/5234/368 5318/5234/368 5638/5234/369 5637/5234/370 
f 5318/5234/368 5306/5234/378 5635/5234/371 5638/5234/369 
f 5320/5234/368 5639/5234/377 5640/5234/369 5641/5234/370 
f 5639/5234/377 5619/5234/378 5642/5234/371 5640/5234/369 
f 5619/5234/378 5308/5234/378 5643/5234/372 5642/5234/371 
f 5308/5234/378 5320/5234/368 5641/5234/370 5643/5234/372 
f 5312/5234/378 5626/5234/379 5644/5234/372 5645/5234/371 
f 5626/5234/379 5646/5234/368 5647/5234/370 5644/5234/372 
f 5646/5234/368 5324/5234/368 5648/5234/369 5647/5234/370 
f 5324/5234/368 5312/5234/378 5645/5234/371 5648/5234/369 
f 5326/5234/368 5649/5234/377 5650/5234/369 5651/5234/370 
f 5649/5234/377 5629/5234/378 5652/5234/371 5650/5234/369 
f 5629/5234/378 5314/5234/378 5653/5234/372 5652/5234/371 
f 5314/5234/378 5326/5234/368 5651/5234/370 5653/5234/372 
f 5318/5234/368 5636/5234/368 5654/5234/395 5655/5234/397 
f 5636/5234/368 5656/5234/377 5657/5234/386 5654/5234/395 
f 5656/5234/377 5330/5234/368 5658/5234/398 5657/5234/386 
f 5330/5234/368 5318/5234/368 5655/5234/397 5658/5234/398 
f 5332/5234/368 5659/5234/368 5660/5234/398 5661/5234/386 
f 5659/5234/368 5639/5234/377 5662/5234/397 5660/5234/398 
f 5639/5234/377 5320/5234/368 5663/5234/395 5662/5234/397 
f 5320/5234/368 5332/5234/368 5661/5234/386 5663/5234/395 
f 5324/5234/368 5646/5234/368 5664/5234/395 5665/5234/397 
f 5646/5234/368 5666/5234/377 5667/5234/386 5664/5234/395 
f 5666/5234/377 5336/5234/368 5668/5234/398 5667/5234/386 
f 5336/5234/368 5324/5234/368 5665/5234/397 5668/5234/398 
f 5338/5234/368 5669/5234/368 5670/5234/398 5671/5234/386 
f 5669/5234/368 5649/5234/377 5672/5234/397 5670/5234/398 
f 5649/5234/377 5326/5234/368 5673/5234/395 5672/5234/397 
f 5326/5234/368 5338/5234/368 5671/5234/386 5673/5234/395 
f 5330/5234/368 5656/5234/377 5674/5234/372 5675/5234/371 
f 5656/5234/377 5676/5234/378 5677/5234/370 5674/5234/372 
f 5676/5234/378 5342/5234/378 5678/5234/369 5677/5234/370 
f 5342/5234/378 5330/5234/368 5675/5234/371 5678/5234/369 
f 5344/5234/378 5679/5234/379 5680/5234/369 5681/5234/370 
f 5679/5234/379 5659/5234/368 5682/5234/371 5680/5234/369 
f 5659/5234/368 5332/5234/368 5683/5234/372 5682/5234/371 
f 5332/5234/368 5344/5234/378 5681/5234/370 5683/5234/372 
f 5336/5234/368 5666/5234/377 5684/5234/372 5685/5234/371 
f 5666/5234/377 5686/5234/378 5687/5234/370 5684/5234/372 
f 5686/5234/378 5348/5234/378 5688/5234/369 5687/5234/370 
f 5348/5234/378 5336/5234/368 5685/5234/371 5688/5234/369 
f 5350/5234/378 5689/5234/379 5690/5234/369 5691/5234/370 
f 5689/5234/379 5669/5234/368 5692/5234/371 5690/5234/369 
f 5669/5234/368 5338/5234/368 5693/5234/372 5692/5234/371 
f 5338/5234/368 5350/5234/378 5691/5234/370 5693/5234/372 
f 5342/5234/378 5676/5234/378 5694/5234/395 5695/5234/393 
f 5676/5234/378 5696/5234/378 5697/5234/370 5694/5234/395 
f 5696/5234/378 5354/5234/379 5698/5234/369 5697/5234/370 
f 5354/5234/379 5342/5234/378 5695/5234/393 5698/5234/369 
f 5356/5234/379 5699/5234/379 5700/5234/369 5701/5234/370 
f 5699/5234/379 5679/5234/379 5702/5234/393 5700/5234/369 
f 5679/5234/379 5344/5234/378 5703/5234/395 5702/5234/393 
f 5344/5234/378 5356/5234/379 5701/5234/370 5703/5234/395 
f 5348/5234/378 5686/5234/378 5704/5234/395 5705/5234/393 
f 5686/5234/378 5706/5234/378 5707/5234/370 5704/5234/395 
f 5706/5234/378 5360/5234/379 5708/5234/369 5707/5234/370 
f 5360/5234/379 5348/5234/378 5705/5234/393 5708/5234/369 
f 5362/5234/379 5709/5234/379 5710/5234/369 5711/5234/370 
f 5709/5234/379 5689/5234/379 5712/5234/393 5710/5234/369 
f 5689/5234/379 5350/5234/378 5713/5234/395 5712/5234/393 
f 5350/5234/378 5362/5234/379 5711/5234/370 5713/5234/395 
f 5354/5234/379 5696/5234/378 5714/5234/372 5715/5234/371 
f 5696/5234/378 5716/5234/379 5717/5234/370 5714/5234/372 
f 5716/5234/379 5366/5234/379 5718/5234/369 5717/5234/370 
f 5366/5234/379 5354/5234/379 5715/5234/371 5718/5234/369 
f 5368/5234/379 5719/5234/378 5720/5234/369 5721/5234/370 
f 5719/5234/378 5699/5234/379 5722/5234/371 5720/5234/369 
f 5699/5234/379 5356/5234/379 5723/5234/372 5722/5234/371 
f 5356/5234/379 5368/5234/379 5721/5234/370 5723/5234/372 
f 5360/5234/379 5706/5234/378 5724/5234/372 5725/5234/371 
f 5706/5234/378 5726/5234/379 5727/5234/370 5724/5234/372 
f 5726/5234/379 5372/5234/379 5728/5234/369 5727/5234/370 
f 5372/5234/379 5360/5234/379 5725/5234/371 5728/5234/369 
f 5374/5234/379 5729/5234/378 5730/5234/369 5731/5234/370 
f 5729/5234/378 5709/5234/379 5732/5234/371 5730/5234/369 
f 5709/5234/379 5362/5234/379 5733/5234/372 5732/5234/371 
f 5362/5234/379 5374/5234/379 5731/5234/370 5733/5234/372 
f 5377/5234/377 5238/5234/383 5734/5234/399 5735/5234/370 
f 5238/5234/383 5235/5234/383 5736/5234/400 5734/5234/399 
f 5235/5234/383 5380/5234/377 5737/5234/372 5736/5234/400 
f 5380/5234/377 5377/5234/377 5735/5234/370 5737/5234/372 
f 5382/5234/379 5738/5234/379 5739/5234/372 5740/5234/371 
f 5738/5234/379 5741/5234/379 5742/5234/386 5739/5234/372 
f 5741/5234/379 5376/5234/379 5743/5234/399 5742/5234/386 
f 5376/5234/379 5382/5234/379 5740/5234/371 5743/5234/399 
f 5385/5234/379 5744/5234/378 5745/5234/372 5746/5234/371 
f 5744/5234/378 5747/5234/378 5748/5234/370 5745/5234/372 
f 5747/5234/378 5388/5234/379 5749/5234/369 5748/5234/370 
f 5388/5234/379 5385/5234/379 5746/5234/371 5749/5234/369 
f 5390/5234/379 5741/5234/379 5750/5234/369 5751/5234/370 
f 5741/5234/379 5738/5234/379 5752/5234/371 5750/5234/369 
f 5738/5234/379 5384/5234/379 5753/5234/372 5752/5234/371 
f 5384/5234/379 5390/5234/379 5751/5234/370 5753/5234/372 
f 5393/5234/378 5747/5234/378 5754/5234/369 5755/5234/370 
f 5747/5234/378 5744/5234/378 5756/5234/371 5754/5234/369 
f 5744/5234/378 5396/5234/378 5757/5234/372 5756/5234/371 
f 5396/5234/378 5393/5234/378 5755/5234/370 5757/5234/372 
f 5398/5234/378 5242/5234/387 5758/5234/372 5759/5234/371 
f 5242/5234/387 5248/5234/387 5760/5234/370 5758/5234/372 
f 5248/5234/387 5392/5234/378 5761/5234/369 5760/5234/370 
f 5392/5234/378 5398/5234/378 5759/5234/371 5761/5234/369 
f 5401/5234/379 5260/5234/379 5762/5234/399 5763/5234/386 
f 5260/5234/379 5257/5234/379 5764/5234/371 5762/5234/399 
f 5257/5234/379 5404/5234/379 5765/5234/372 5764/5234/371 
f 5404/5234/379 5401/5234/379 5763/5234/386 5765/5234/372 
f 5406/5234/379 5766/5234/379 5767/5234/372 5768/5234/371 
f 5766/5234/379 5769/5234/379 5770/5234/386 5767/5234/372 
f 5769/5234/379 5400/5234/379 5771/5234/399 5770/5234/386 
f 5400/5234/379 5406/5234/379 5768/5234/371 5771/5234/399 
f 5409/5234/379 5772/5234/412 5773/5234/395 5774/5234/371 
f 5772/5234/412 5775/5234/412 5776/5234/370 5773/5234/395 
f 5775/5234/412 5412/5234/379 5777/5234/369 5776/5234/370 
f 5412/5234/379 5409/5234/379 5774/5234/371 5777/5234/369 
f 5414/5234/379 5769/5234/379 5778/5234/369 5779/5234/370 
f 5769/5234/379 5766/5234/379 5780/5234/371 5778/5234/369 
f 5766/5234/379 5408/5234/379 5781/5234/395 5780/5234/371 
f 5408/5234/379 5414/5234/379 5779/5234/370 5781/5234/395 
f 5264/5238/378 5559/5244/379 5782/5244/394 5783/5238/406 
f 5559/5244/379 5224/5245/379 5784/5245/393 5782/5244/394 
f 5224/5245/379 5232/5239/378 5785/5239/407 5784/5245/393 
f 5232/5239/378 5264/5238/378 5783/5238/406 5785/5239/407 
f 5230/5240/378 5240/5224/377 5786/5224/407 5787/5240/393 
f 5240/5224/377 5550/5243/378 5788/5243/406 5786/5224/407 
f 5550/5243/378 5265/5237/378 5789/5237/394 5788/5243/406 
f 5265/5237/378 5230/5240/378 5787/5240/393 5789/5237/394 
f 5272/5224/378 5571/5224/379 5790/5224/408 5791/5224/406 
f 5571/5224/379 5246/5224/388 5792/5224/409 5790/5224/408 
f 5246/5224/388 5254/5224/378 5793/5224/407 5792/5224/409 
f 5254/5224/378 5272/5224/378 5791/5224/406 5793/5224/407 
f 5252/5224/378 5262/5224/378 5794/5224/407 5795/5224/409 
f 5262/5224/378 5562/5224/378 5796/5224/406 5794/5224/407 
f 5562/5224/378 5273/5224/378 5797/5224/394 5796/5224/406 
f 5273/5224/378 5252/5224/378 5795/5224/409 5797/5224/394 
f 5433/5242/368 5798/5243/368 5799/5243/395 5800/5242/410 
f 5798/5243/368 5801/5243/377 5802/5243/386 5799/5243/395 
f 5801/5243/377 5436/5242/368 5803/5242/382 5802/5243/386 
f 5436/5242/368 5433/5242/368 5800/5242/410 5803/5242/382 
f 5438/5241/368 5804/5246/368 5805/5246/382 5806/5241/386 
f 5804/5246/368 5807/5246/377 5808/5246/410 5805/5246/382 
f 5807/5246/377 5432/5241/368 5809/5241/395 5808/5246/410 
f 5432/5241/368 5438/5241/368 5806/5241/386 5809/5241/395 
f 5441/5242/368 5810/5243/377 5811/5243/372 5812/5242/371 
f 5810/5243/377 5813/5243/368 5814/5243/370 5811/5243/372 
f 5813/5243/368 5444/5242/368 5815/5242/369 5814/5243/370 
f 5444/5242/368 5441/5242/368 5812/5242/371 5815/5242/369 
f 5446/5241/368 5816/5246/377 5817/5246/369 5818/5241/370 
f 5816/5246/377 5819/5246/368 5820/5246/371 5817/5246/369 
f 5819/5246/368 5440/5241/368 5821/5241/372 5820/5246/371 
f 5440/5241/368 5446/5241/368 5818/5241/370 5821/5241/372 
f 5449/5242/379 5822/5243/378 5823/5243/372 5824/5242/371 
f 5822/5243/378 5825/5243/379 5826/5243/370 5823/5243/372 
f 5825/5243/379 5452/5242/379 5827/5242/369 5826/5243/370 
f 5452/5242/379 5449/5242/379 5824/5242/371 5827/5242/369 
f 5454/5241/379 5828/5246/378 5829/5246/369 5830/5241/370 
f 5828/5246/378 5831/5246/379 5832/5246/371 5829/5246/369 
f 5831/5246/379 5448/5241/379 5833/5241/372 5832/5246/371 
f 5448/5241/379 5454/5241/379 5830/5241/370 5833/5241/372 
f 5457/5242/378 5834/5243/379 5835/5243/372 5836/5242/371 
f 5834/5243/379 5837/5243/378 5838/5243/370 5835/5243/372 
f 5837/5243/378 5460/5242/378 5839/5242/369 5838/5243/370 
f 5460/5242/378 5457/5242/378 5836/5242/371 5839/5242/369 
f 5462/5241/378 5840/5246/379 5841/5246/369 5842/5241/370 
f 5840/5246/379 5843/5246/378 5844/5246/371 5841/5246/369 
f 5843/5246/378 5456/5241/378 5845/5241/372 5844/5246/371 
f 5456/5241/378 5462/5241/378 5842/5241/370 5845/5241/372 
f 5465/5242/378 5846/5243/379 5847/5243/407 5848/5242/393 
f 5846/5243/379 5849/5243/378 5850/5243/406 5847/5243/407 
f 5849/5243/378 5468/5242/378 5851/5242/394 5850/5243/406 
f 5468/5242/378 5465/5242/378 5848/5242/393 5851/5242/394 
f 5470/5241/378 5852/5246/379 5853/5246/394 5854/5241/406 
f 5852/5246/379 5855/5246/378 5856/5246/393 5853/5246/394 
f 5855/5246/378 5464/5241/378 5857/5241/407 5856/5246/393 
f 5464/5241/378 5470/5241/378 5854/5241/406 5857/5241/407 
f 5432/5241/368 5807/5246/377 5858/5246/369 5859/5241/370 
f 5807/5246/377 5860/5246/377 5861/5246/371 5858/5246/369 
f 5860/5246/377 5474/5241/368 5862/5241/372 5861/5246/371 
f 5474/5241/368 5432/5241/368 5859/5241/370 5862/5241/372 
f 5476/5242/368 5863/5243/368 5864/5243/372 5865/5242/371 
f 5863/5243/368 5798/5243/368 5866/5243/370 5864/5243/372 
f 5798/5243/368 5433/5242/368 5867/5242/369 5866/5243/370 
f 5433/5242/368 5476/5242/368 5865/5242/371 5867/5242/369 
f 5479/5243/368 5868/5243/368 5869/5243/372 5870/5243/371 
f 5868/5243/368 5871/5243/377 5872/5243/370 5869/5243/372 
f 5871/5243/377 5482/5243/368 5873/5243/369 5872/5243/370 
f 5482/5243/368 5479/5243/368 5870/5243/371 5873/5243/369 
f 5484/5243/368 5798/5243/368 5874/5243/369 5875/5243/370 
f 5798/5243/368 5863/5243/368 5876/5243/371 5874/5243/369 
f 5863/5243/368 5478/5243/368 5877/5243/372 5876/5243/371 
f 5478/5243/368 5484/5243/368 5875/5243/370 5877/5243/372 
f 5487/5243/377 5220/5243/377 5878/5243/372 5879/5243/371 
f 5220/5243/377 5226/5243/377 5880/5243/370 5878/5243/372 
f 5226/5243/377 5490/5243/377 5881/5243/369 5880/5243/370 
f 5490/5243/377 5487/5243/377 5879/5243/371 5881/5243/369 
f 5492/5243/377 5871/5243/377 5882/5243/369 5883/5243/370 
f 5871/5243/377 5868/5243/368 5884/5243/371 5882/5243/369 
f 5868/5243/368 5486/5243/377 5885/5243/372 5884/5243/371 
f 5486/5243/377 5492/5243/377 5883/5243/370 5885/5243/372 
f 5886/5234/401 5887/5234/401 5888/5234/402 5889/5234/403 
f 5887/5234/401 5890/5234/401 5891/5234/404 5888/5234/402 
f 5890/5234/401 5892/5234/401 5893/5234/405 5891/5234/404 
f 5892/5234/401 5886/5234/401 5889/5234/403 5893/5234/405 
f 5417/5234/401 5894/5234/401 5895/5234/402 5896/5234/403 
f 5894/5234/401 5897/5234/401 5898/5234/404 5895/5234/402 
f 5897/5234/401 5420/5234/401 5899/5234/405 5898/5234/404 
f 5420/5234/401 5417/5234/401 5896/5234/403 5899/5234/405 
f 5422/5234/401 5900/5234/413 5901/5234/405 5902/5234/404 
f 5900/5234/413 5903/5234/401 5904/5234/403 5901/5234/405 
f 5903/5234/401 5416/5234/401 5905/5234/402 5904/5234/403 
f 5416/5234/401 5422/5234/401 5902/5234/404 5905/5234/402 
f 5887/5234/401 5775/5234/412 5906/5234/402 5907/5234/403 
f 5775/5234/412 5772/5234/412 5908/5234/404 5906/5234/402 
f 5772/5234/412 5890/5234/401 5909/5234/405 5908/5234/404 
f 5890/5234/401 5887/5234/401 5907/5234/403 5909/5234/405 
f 5892/5234/401 5897/5234/401 5910/5234/405 5911/5234/404 
f 5897/5234/401 5894/5234/401 5912/5234/403 5910/5234/405 
f 5894/5234/401 5886/5234/401 5913/5234/402 5912/5234/403 
f 5886/5234/401 5892/5234/401 5911/5234/404 5913/5234/402 
f 5195/5234/371 5194/5234/372 5914/5234/376 5915/5234/375 
f 5194/5234/372 5197/5234/370 5916/5234/374 5914/5234/376 
f 5197/5234/370 5199/5234/369 5917/5234/373 5916/5234/374 
f 5199/5234/369 5195/5234/371 5915/5234/375 5917/5234/373 
f 5203/5234/371 5202/5234/372 5918/5234/376 5919/5234/375 
f 5202/5234/372 5205/5234/370 5920/5234/374 5918/5234/376 
f 5205/5234/370 5207/5234/369 5921/5234/373 5920/5234/374 
f 5207/5234/369 5203/5234/371 5919/5234/375 5921/5234/373 
f 5209/5234/371 5208/5234/372 5922/5234/376 5923/5234/375 
f 5208/5234/372 5211/5234/370 5924/5234/374 5922/5234/376 
f 5211/5234/370 5213/5234/369 5925/5234/373 5924/5234/374 
f 5213/5234/369 5209/5234/371 5923/5234/375 5925/5234/373 
f 5215/5234/371 5214/5234/372 5926/5234/376 5927/5234/375 
f 5214/5234/372 5217/5234/370 5928/5234/374 5926/5234/376 
f 5217/5234/370 5219/5234/382 5929/5234/373 5928/5234/374 
f 5219/5234/382 5215/5234/371 5927/5234/375 5929/5234/373 
f 5223/5235/371 5222/5236/372 5930/5236/376 5931/5235/375 
f 5222/5236/372 5225/5236/370 5932/5236/374 5930/5236/376 
f 5225/5236/370 5227/5235/369 5933/5235/373 5932/5236/374 
f 5227/5235/369 5223/5235/371 5931/5235/375 5933/5235/373 
f 5229/5234/371 5228/5234/372 5934/5234/376 5935/5234/375 
f 5228/5234/372 5231/5234/370 5936/5234/374 5934/5234/376 
f 5231/5234/370 5233/5234/369 5937/5234/373 5936/5234/374 
f 5233/5234/369 5229/5234/371 5935/5234/375 5937/5234/373 
f 5237/5234/385 5236/5234/384 5938/5234/414 5939/5234/415 
f 5236/5234/384 5239/5234/386 5940/5234/416 5938/5234/414 
f 5239/5234/386 5241/5234/382 5941/5234/417 5940/5234/416 
f 5241/5234/382 5237/5234/385 5939/5234/415 5941/5234/417 
f 5245/5234/390 5244/5234/389 5942/5234/418 5943/5234/419 
f 5244/5234/389 5247/5234/391 5944/5234/420 5942/5234/418 
f 5247/5234/391 5249/5234/392 5945/5234/421 5944/5234/420 
f 5249/5234/392 5245/5234/390 5943/5234/419 5945/5234/421 
f 5251/5234/371 5250/5234/372 5946/5234/376 5947/5234/375 
f 5250/5234/372 5253/5234/370 5948/5234/374 5946/5234/376 
f 5253/5234/370 5255/5234/369 5949/5234/373 5948/5234/374 
f 5255/5234/369 5251/5234/371 5947/5234/375 5949/5234/373 
f 5259/5234/371 5258/5234/372 5950/5234/376 5951/5234/375 
f 5258/5234/372 5261/5234/370 5952/5234/374 5950/5234/376 
f 5261/5234/370 5263/5234/369 5953/5234/373 5952/5234/374 
f 5263/5234/369 5259/5234/371 5951/5234/375 5953/5234/373 
f 5267/5234/371 5266/5234/372 5954/5234/376 5955/5234/375 
f 5266/5234/372 5269/5234/370 5956/5234/374 5954/5234/376 
f 5269/5234/370 5271/5234/369 5957/5234/373 5956/5234/374 
f 5271/5234/369 5267/5234/371 5955/5234/375 5957/5234/373 
f 5275/5234/371 5274/5234/372 5958/5234/376 5959/5234/375 
f 5274/5234/372 5277/5234/370 5960/5234/374 5958/5234/376 
f 5277/5234/370 5279/5234/369 5961/5234/373 5960/5234/374 
f 5279/5234/369 5275/5234/371 5959/5234/375 5961/5234/373 
f 5281/5234/393 5280/5234/372 5962/5234/422 5963/5234/381 
f 5280/5234/372 5283/5234/370 5964/5234/423 5962/5234/422 
f 5283/5234/370 5285/5234/394 5965/5234/373 5964/5234/423 
f 5285/5234/394 5281/5234/393 5963/5234/381 5965/5234/373 
f 5287/5234/393 5286/5234/372 5966/5234/380 5967/5234/381 
f 5286/5234/372 5289/5234/370 5968/5234/374 5966/5234/380 
f 5289/5234/370 5291/5234/394 5969/5234/373 5968/5234/374 
f 5291/5234/394 5287/5234/393 5967/5234/381 5969/5234/373 
f 5293/5234/371 5292/5234/372 5970/5234/376 5971/5234/375 
f 5292/5234/372 5295/5234/370 5972/5234/374 5970/5234/376 
f 5295/5234/370 5297/5234/369 5973/5234/373 5972/5234/374 
f 5297/5234/369 5293/5234/371 5971/5234/375 5973/5234/373 
f 5299/5234/371 5298/5234/372 5974/5234/376 5975/5234/375 
f 5298/5234/372 5301/5234/370 5976/5234/374 5974/5234/376 
f 5301/5234/370 5303/5234/369 5977/5234/373 5976/5234/374 
f 5303/5234/369 5299/5234/371 5975/5234/375 5977/5234/373 
f 5305/5234/371 5304/5234/395 5978/5234/424 5979/5234/381 
f 5304/5234/395 5307/5234/396 5980/5234/425 5978/5234/424 
f 5307/5234/396 5309/5234/369 5981/5234/373 5980/5234/425 
f 5309/5234/369 5305/5234/371 5979/5234/381 5981/5234/373 
f 5311/5234/371 5310/5234/395 5982/5234/380 5983/5234/381 
f 5310/5234/395 5313/5234/396 5984/5234/374 5982/5234/380 
f 5313/5234/396 5315/5234/369 5985/5234/373 5984/5234/374 
f 5315/5234/369 5311/5234/371 5983/5234/381 5985/5234/373 
f 5317/5234/371 5316/5234/372 5986/5234/376 5987/5234/375 
f 5316/5234/372 5319/5234/370 5988/5234/374 5986/5234/376 
f 5319/5234/370 5321/5234/369 5989/5234/373 5988/5234/374 
f 5321/5234/369 5317/5234/371 5987/5234/375 5989/5234/373 
f 5323/5234/371 5322/5234/372 5990/5234/376 5991/5234/375 
f 5322/5234/372 5325/5234/370 5992/5234/374 5990/5234/376 
f 5325/5234/370 5327/5234/369 5993/5234/373 5992/5234/374 
f 5327/5234/369 5323/5234/371 5991/5234/375 5993/5234/373 
f 5329/5234/397 5328/5234/395 5994/5234/426 5995/5234/427 
f 5328/5234/395 5331/5234/396 5996/5234/428 5994/5234/426 
f 5331/5234/396 5333/5234/398 5997/5234/429 5996/5234/428 
f 5333/5234/398 5329/5234/397 5995/5234/427 5997/5234/429 
f 5335/5234/397 5334/5234/395 5998/5234/426 5999/5234/427 
f 5334/5234/395 5337/5234/386 6000/5234/428 5998/5234/426 
f 5337/5234/386 5339/5234/398 6001/5234/429 6000/5234/428 
f 5339/5234/398 5335/5234/397 5999/5234/427 6001/5234/429 
f 5341/5234/371 5340/5234/372 6002/5234/376 6003/5234/375 
f 5340/5234/372 5343/5234/370 6004/5234/374 6002/5234/376 
f 5343/5234/370 5345/5234/369 6005/5234/373 6004/5234/374 
f 5345/5234/369 5341/5234/371 6003/5234/375 6005/5234/373 
f 5347/5234/371 5346/5234/372 6006/5234/376 6007/5234/375 
f 5346/5234/372 5349/5234/370 6008/5234/374 6006/5234/376 
f 5349/5234/370 5351/5234/369 6009/5234/373 6008/5234/374 
f 5351/5234/369 5347/5234/371 6007/5234/375 6009/5234/373 
f 5353/5234/393 5352/5234/395 6010/5234/380 6011/5234/381 
f 5352/5234/395 5355/5234/370 6012/5234/374 6010/5234/380 
f 5355/5234/370 5357/5234/369 6013/5234/373 6012/5234/374 
f 5357/5234/369 5353/5234/393 6011/5234/381 6013/5234/373 
f 5359/5234/393 5358/5234/395 6014/5234/380 6015/5234/381 
f 5358/5234/395 5361/5234/370 6016/5234/374 6014/5234/380 
f 5361/5234/370 5363/5234/369 6017/5234/373 6016/5234/374 
f 5363/5234/369 5359/5234/393 6015/5234/381 6017/5234/373 
f 5365/5234/371 5364/5234/372 6018/5234/380 6019/5234/381 
f 5364/5234/372 5367/5234/370 6020/5234/374 6018/5234/380 
f 5367/5234/370 5369/5234/369 6021/5234/373 6020/5234/374 
f 5369/5234/369 5365/5234/371 6019/5234/381 6021/5234/373 
f 5371/5234/371 5370/5234/372 6022/5234/380 6023/5234/381 
f 5370/5234/372 5373/5234/370 6024/5234/374 6022/5234/380 
f 5373/5234/370 5375/5234/369 6025/5234/373 6024/5234/374 
f 5375/5234/369 5371/5234/371 6023/5234/381 6025/5234/373 
f 5379/5234/370 5378/5234/399 6026/5234/430 6027/5234/374 
f 5378/5234/399 5381/5234/400 6028/5234/415 6026/5234/430 
f 5381/5234/400 5383/5234/372 6029/5234/376 6028/5234/415 
f 5383/5234/372 5379/5234/370 6027/5234/374 6029/5234/376 
f 5387/5234/371 5386/5234/372 6030/5234/380 6031/5234/381 
f 5386/5234/372 5389/5234/370 6032/5234/374 6030/5234/380 
f 5389/5234/370 5391/5234/369 6033/5234/373 6032/5234/374 
f 5391/5234/369 5387/5234/371 6031/5234/381 6033/5234/373 
f 5395/5234/370 5394/5234/369 6034/5234/373 6035/5234/374 
f 5394/5234/369 5397/5234/371 6036/5234/375 6034/5234/373 
f 5397/5234/371 5399/5234/372 6037/5234/376 6036/5234/375 
f 5399/5234/372 5395/5234/370 6035/5234/374 6037/5234/376 
f 5403/5234/386 5402/5234/399 6038/5234/417 6039/5234/416 
f 5402/5234/399 5405/5234/371 6040/5234/415 6038/5234/417 
f 5405/5234/371 5407/5234/372 6041/5234/414 6040/5234/415 
f 5407/5234/372 5403/5234/386 6039/5234/416 6041/5234/414 
f 5411/5234/371 5410/5234/395 6042/5234/380 6043/5234/381 
f 5410/5234/395 5413/5234/370 6044/5234/374 6042/5234/380 
f 5413/5234/370 5415/5234/369 6045/5234/373 6044/5234/374 
f 5415/5234/369 5411/5234/371 6043/5234/381 6045/5234/373 
f 5419/5234/403 5418/5234/402 6046/5234/431 6047/5234/432 
f 5418/5234/402 5421/5234/404 6048/5234/433 6046/5234/431 
f 5421/5234/404 5423/5234/405 6049/5234/434 6048/5234/433 
f 5423/5234/405 5419/5234/403 6047/5234/432 6049/5234/434 
f 5425/5237/406 5424/5238/394 6050/5238/435 6051/5237/436 
f 5424/5238/394 5426/5239/393 6052/5239/437 6050/5238/435 
f 5426/5239/393 5427/5240/407 6053/5240/438 6052/5239/437 
f 5427/5240/407 5425/5237/406 6051/5237/436 6053/5240/438 
f 5429/5224/406 5428/5224/408 6054/5224/439 6055/5224/440 
f 5428/5224/408 5430/5224/409 6056/5224/441 6054/5224/439 
f 5430/5224/409 5431/5224/407 6057/5224/442 6056/5224/441 
f 5431/5224/407 5429/5224/406 6055/5224/440 6057/5224/442 
f 5435/5241/410 5434/5242/395 6058/5242/426 6059/5241/427 
f 5434/5242/395 5437/5242/386 6060/5242/443 6058/5242/426 
f 5437/5242/386 5439/5241/382 6061/5241/444 6060/5242/443 
f 5439/5241/382 5435/5241/410 6059/5241/427 6061/5241/444 
f 5443/5241/371 5442/5242/372 6062/5242/376 6063/5241/375 
f 5442/5242/372 5445/5242/370 6064/5242/374 6062/5242/376 
f 5445/5242/370 5447/5241/369 6065/5241/373 6064/5242/374 
f 5447/5241/369 5443/5241/371 6063/5241/375 6065/5241/373 
f 5451/5241/371 5450/5242/372 6066/5242/376 6067/5241/375 
f 5450/5242/372 5453/5242/370 6068/5242/374 6066/5242/376 
f 5453/5242/370 5455/5241/369 6069/5241/373 6068/5242/374 
f 5455/5241/369 5451/5241/371 6067/5241/375 6069/5241/373 
f 5459/5241/371 5458/5242/372 6070/5242/380 6071/5241/381 
f 5458/5242/372 5461/5242/370 6072/5242/374 6070/5242/380 
f 5461/5242/370 5463/5241/369 6073/5241/373 6072/5242/374 
f 5463/5241/369 5459/5241/371 6071/5241/381 6073/5241/373 
f 5467/5241/393 5466/5242/407 6074/5242/438 6075/5241/437 
f 5466/5242/407 5469/5242/406 6076/5242/436 6074/5242/438 
f 5469/5242/406 5471/5241/394 6077/5241/435 6076/5242/436 
f 5471/5241/394 5467/5241/393 6075/5241/437 6077/5241/435 
f 5473/5242/370 5472/5241/369 6078/5241/373 6079/5242/374 
f 5472/5241/369 5475/5241/371 6080/5241/375 6078/5241/373 
f 5475/5241/371 5477/5242/372 6081/5242/376 6080/5241/375 
f 5477/5242/372 5473/5242/370 6079/5242/374 6081/5242/376 
f 5481/5243/371 5480/5243/372 6082/5243/376 6083/5243/375 
f 5480/5243/372 5483/5243/370 6084/5243/374 6082/5243/376 
f 5483/5243/370 5485/5243/369 6085/5243/373 6084/5243/374 
f 5485/5243/369 5481/5243/371 6083/5243/375 6085/5243/373 
f 5489/5243/371 5488/5243/372 6086/5243/376 6087/5243/375 
f 5488/5243/372 5491/5243/370 6088/5243/374 6086/5243/376 
f 5491/5243/370 5493/5243/369 6089/5243/373 6088/5243/374 
f 5493/5243/369 5489/5243/371 6087/5243/375 6089/5243/373 
f 5496/5234/371 5495/5234/372 6090/5234/376 6091/5234/375 
f 5495/5234/372 5498/5234/370 6092/5234/374 6090/5234/376 
f 5498/5234/370 5499/5234/369 6093/5234/373 6092/5234/374 
f 5499/5234/369 5496/5234/371 6091/5234/375 6093/5234/373 
f 5502/5234/370 5501/5234/369 6094/5234/373 6095/5234/374 
f 5501/5234/369 5504/5234/371 6096/5234/375 6094/5234/373 
f 5504/5234/371 5505/5234/372 6097/5234/376 6096/5234/375 
f 5505/5234/372 5502/5234/370 6095/5234/374 6097/5234/376 
f 5508/5234/371 5507/5234/372 6098/5234/376 6099/5234/375 
f 5507/5234/372 5510/5234/370 6100/5234/374 6098/5234/376 
f 5510/5234/370 5511/5234/369 6101/5234/373 6100/5234/374 
f 5511/5234/369 5508/5234/371 6099/5234/375 6101/5234/373 
f 5514/5234/370 5513/5234/369 6102/5234/373 6103/5234/374 
f 5513/5234/369 5516/5234/371 6104/5234/375 6102/5234/373 
f 5516/5234/371 5517/5234/372 6105/5234/376 6104/5234/375 
f 5517/5234/372 5514/5234/370 6103/5234/374 6105/5234/376 
f 5519/5234/371 5518/5234/372 6106/5234/376 6107/5234/375 
f 5518/5234/372 5520/5234/370 6108/5234/374 6106/5234/376 
f 5520/5234/370 5521/5234/369 6109/5234/373 6108/5234/374 
f 5521/5234/369 5519/5234/371 6107/5234/375 6109/5234/373 
f 5523/5234/370 5522/5234/369 6110/5234/373 6111/5234/374 
f 5522/5234/369 5524/5234/371 6112/5234/375 6110/5234/373 
f 5524/5234/371 5525/5234/372 6113/5234/376 6112/5234/375 
f 5525/5234/372 5523/5234/370 6111/5234/374 6113/5234/376 
f 5527/5234/371 5526/5234/372 6114/5234/376 6115/5234/375 
f 5526/5234/372 5528/5234/370 6116/5234/374 6114/5234/376 
f 5528/5234/370 5529/5234/369 6117/5234/373 6116/5234/374 
f 5529/5234/369 5527/5234/371 6115/5234/375 6117/5234/373 
f 5531/5234/370 5530/5234/382 6118/5234/445 6119/5234/374 
f 5530/5234/382 5532/5234/411 6120/5234/446 6118/5234/445 
f 5532/5234/411 5533/5234/372 6121/5234/376 6120/5234/446 
f 5533/5234/372 5531/5234/370 6119/5234/374 6121/5234/376 
f 5535/5234/371 5534/5234/372 6122/5234/376 6123/5234/375 
f 5534/5234/372 5536/5234/370 6124/5234/374 6122/5234/376 
f 5536/5234/370 5537/5234/369 6125/5234/373 6124/5234/374 
f 5537/5234/369 5535/5234/371 6123/5234/375 6125/5234/373 
f 5539/5234/370 5538/5234/369 6126/5234/373 6127/5234/374 
f 5538/5234/369 5540/5234/371 6128/5234/375 6126/5234/373 
f 5540/5234/371 5541/5234/372 6129/5234/376 6128/5234/375 
f 5541/5234/372 5539/5234/370 6127/5234/374 6129/5234/376 
f 5543/5234/371 5542/5234/372 6130/5234/376 6131/5234/375 
f 5542/5234/372 5544/5234/370 6132/5234/374 6130/5234/376 
f 5544/5234/370 5545/5234/369 6133/5234/373 6132/5234/374 
f 5545/5234/369 5543/5234/371 6131/5234/375 6133/5234/373 
f 5547/5234/370 5546/5234/369 6134/5234/373 6135/5234/374 
f 5546/5234/369 5548/5234/371 6136/5234/375 6134/5234/373 
f 5548/5234/371 5549/5234/372 6137/5234/376 6136/5234/375 
f 5549/5234/372 5547/5234/370 6135/5234/374 6137/5234/376 
f 5552/5234/371 5551/5234/372 6138/5234/376 6139/5234/375 
f 5551/5234/372 5554/5234/370 6140/5234/374 6138/5234/376 
f 5554/5234/370 5555/5234/369 6141/5234/373 6140/5234/374 
f 5555/5234/369 5552/5234/371 6139/5234/375 6141/5234/373 
f 5558/5234/370 5557/5234/369 6142/5234/373 6143/5234/374 
f 5557/5234/369 5560/5234/371 6144/5234/375 6142/5234/373 
f 5560/5234/371 5561/5234/372 6145/5234/376 6144/5234/375 
f 5561/5234/372 5558/5234/370 6143/5234/374 6145/5234/376 
f 5564/5234/371 5563/5234/372 6146/5234/376 6147/5234/375 
f 5563/5234/372 5566/5234/370 6148/5234/374 6146/5234/376 
f 5566/5234/370 5567/5234/369 6149/5234/373 6148/5234/374 
f 5567/5234/369 5564/5234/371 6147/5234/375 6149/5234/373 
f 5570/5234/370 5569/5234/369 6150/5234/373 6151/5234/374 
f 5569/5234/369 5572/5234/371 6152/5234/375 6150/5234/373 
f 5572/5234/371 5573/5234/372 6153/5234/376 6152/5234/375 
f 5573/5234/372 5570/5234/370 6151/5234/374 6153/5234/376 
f 5575/5234/393 5574/5234/372 6154/5234/422 6155/5234/381 
f 5574/5234/372 5577/5234/370 6156/5234/423 6154/5234/422 
f 5577/5234/370 5578/5234/394 6157/5234/373 6156/5234/423 
f 5578/5234/394 5575/5234/393 6155/5234/381 6157/5234/373 
f 5581/5234/370 5580/5234/394 6158/5234/447 6159/5234/374 
f 5580/5234/394 5582/5234/393 6160/5234/448 6158/5234/447 
f 5582/5234/393 5583/5234/372 6161/5234/380 6160/5234/448 
f 5583/5234/372 5581/5234/370 6159/5234/374 6161/5234/380 
f 5585/5234/393 5584/5234/372 6162/5234/380 6163/5234/381 
f 5584/5234/372 5587/5234/370 6164/5234/374 6162/5234/380 
f 5587/5234/370 5588/5234/394 6165/5234/373 6164/5234/374 
f 5588/5234/394 5585/5234/393 6163/5234/381 6165/5234/373 
f 5591/5234/370 5590/5234/394 6166/5234/373 6167/5234/374 
f 5590/5234/394 5592/5234/393 6168/5234/381 6166/5234/373 
f 5592/5234/393 5593/5234/372 6169/5234/380 6168/5234/381 
f 5593/5234/372 5591/5234/370 6167/5234/374 6169/5234/380 
f 5595/5234/371 5594/5234/372 6170/5234/376 6171/5234/375 
f 5594/5234/372 5597/5234/370 6172/5234/374 6170/5234/376 
f 5597/5234/370 5598/5234/369 6173/5234/373 6172/5234/374 
f 5598/5234/369 5595/5234/371 6171/5234/375 6173/5234/373 
f 5601/5234/370 5600/5234/369 6174/5234/373 6175/5234/374 
f 5600/5234/369 5602/5234/371 6176/5234/375 6174/5234/373 
f 5602/5234/371 5603/5234/372 6177/5234/376 6176/5234/375 
f 5603/5234/372 5601/5234/370 6175/5234/374 6177/5234/376 
f 5605/5234/371 5604/5234/372 6178/5234/376 6179/5234/375 
f 5604/5234/372 5607/5234/370 6180/5234/374 6178/5234/376 
f 5607/5234/370 5608/5234/369 6181/5234/373 6180/5234/374 
f 5608/5234/369 5605/5234/371 6179/5234/375 6181/5234/373 
f 5611/5234/370 5610/5234/369 6182/5234/373 6183/5234/374 
f 5610/5234/369 5612/5234/371 6184/5234/375 6182/5234/373 
f 5612/5234/371 5613/5234/372 6185/5234/376 6184/5234/375 
f 5613/5234/372 5611/5234/370 6183/5234/374 6185/5234/376 
f 5615/5234/371 5614/5234/395 6186/5234/424 6187/5234/381 
f 5614/5234/395 5617/5234/396 6188/5234/425 6186/5234/424 
f 5617/5234/396 5618/5234/369 6189/5234/373 6188/5234/425 
f 5618/5234/369 5615/5234/371 6187/5234/381 6189/5234/373 
f 5621/5234/396 5620/5234/369 6190/5234/445 6191/5234/374 
f 5620/5234/369 5622/5234/371 6192/5234/449 6190/5234/445 
f 5622/5234/371 5623/5234/395 6193/5234/380 6192/5234/449 
f 5623/5234/395 5621/5234/396 6191/5234/374 6193/5234/380 
f 5625/5234/371 5624/5234/395 6194/5234/380 6195/5234/381 
f 5624/5234/395 5627/5234/396 6196/5234/374 6194/5234/380 
f 5627/5234/396 5628/5234/369 6197/5234/373 6196/5234/374 
f 5628/5234/369 5625/5234/371 6195/5234/381 6197/5234/373 
f 5631/5234/396 5630/5234/369 6198/5234/373 6199/5234/374 
f 5630/5234/369 5632/5234/371 6200/5234/381 6198/5234/373 
f 5632/5234/371 5633/5234/395 6201/5234/380 6200/5234/381 
f 5633/5234/395 5631/5234/396 6199/5234/374 6201/5234/380 
f 5635/5234/371 5634/5234/372 6202/5234/376 6203/5234/375 
f 5634/5234/372 5637/5234/370 6204/5234/374 6202/5234/376 
f 5637/5234/370 5638/5234/369 6205/5234/373 6204/5234/374 
f 5638/5234/369 5635/5234/371 6203/5234/375 6205/5234/373 
f 5641/5234/370 5640/5234/369 6206/5234/373 6207/5234/374 
f 5640/5234/369 5642/5234/371 6208/5234/375 6206/5234/373 
f 5642/5234/371 5643/5234/372 6209/5234/376 6208/5234/375 
f 5643/5234/372 5641/5234/370 6207/5234/374 6209/5234/376 
f 5645/5234/371 5644/5234/372 6210/5234/376 6211/5234/375 
f 5644/5234/372 5647/5234/370 6212/5234/374 6210/5234/376 
f 5647/5234/370 5648/5234/369 6213/5234/373 6212/5234/374 
f 5648/5234/369 5645/5234/371 6211/5234/375 6213/5234/373 
f 5651/5234/370 5650/5234/369 6214/5234/373 6215/5234/374 
f 5650/5234/369 5652/5234/371 6216/5234/375 6214/5234/373 
f 5652/5234/371 5653/5234/372 6217/5234/376 6216/5234/375 
f 5653/5234/372 5651/5234/370 6215/5234/374 6217/5234/376 
f 5655/5234/397 5654/5234/395 6218/5234/426 6219/5234/427 
f 5654/5234/395 5657/5234/386 6220/5234/428 6218/5234/426 
f 5657/5234/386 5658/5234/398 6221/5234/429 6220/5234/428 
f 5658/5234/398 5655/5234/397 6219/5234/427 6221/5234/429 
f 5661/5234/386 5660/5234/398 6222/5234/429 6223/5234/428 
f 5660/5234/398 5662/5234/397 6224/5234/427 6222/5234/429 
f 5662/5234/397 5663/5234/395 6225/5234/426 6224/5234/427 
f 5663/5234/395 5661/5234/386 6223/5234/428 6225/5234/426 
f 5665/5234/397 5664/5234/395 6226/5234/426 6227/5234/427 
f 5664/5234/395 5667/5234/386 6228/5234/428 6226/5234/426 
f 5667/5234/386 5668/5234/398 6229/5234/429 6228/5234/428 
f 5668/5234/398 5665/5234/397 6227/5234/427 6229/5234/429 
f 5671/5234/386 5670/5234/398 6230/5234/429 6231/5234/428 
f 5670/5234/398 5672/5234/397 6232/5234/427 6230/5234/429 
f 5672/5234/397 5673/5234/395 6233/5234/426 6232/5234/427 
f 5673/5234/395 5671/5234/386 6231/5234/428 6233/5234/426 
f 5675/5234/371 5674/5234/372 6234/5234/376 6235/5234/375 
f 5674/5234/372 5677/5234/370 6236/5234/374 6234/5234/376 
f 5677/5234/370 5678/5234/369 6237/5234/373 6236/5234/374 
f 5678/5234/369 5675/5234/371 6235/5234/375 6237/5234/373 
f 5681/5234/370 5680/5234/369 6238/5234/373 6239/5234/374 
f 5680/5234/369 5682/5234/371 6240/5234/375 6238/5234/373 
f 5682/5234/371 5683/5234/372 6241/5234/376 6240/5234/375 
f 5683/5234/372 5681/5234/370 6239/5234/374 6241/5234/376 
f 5685/5234/371 5684/5234/372 6242/5234/376 6243/5234/375 
f 5684/5234/372 5687/5234/370 6244/5234/374 6242/5234/376 
f 5687/5234/370 5688/5234/369 6245/5234/373 6244/5234/374 
f 5688/5234/369 5685/5234/371 6243/5234/375 6245/5234/373 
f 5691/5234/370 5690/5234/369 6246/5234/373 6247/5234/374 
f 5690/5234/369 5692/5234/371 6248/5234/375 6246/5234/373 
f 5692/5234/371 5693/5234/372 6249/5234/376 6248/5234/375 
f 5693/5234/372 5691/5234/370 6247/5234/374 6249/5234/376 
f 5695/5234/393 5694/5234/395 6250/5234/380 6251/5234/381 
f 5694/5234/395 5697/5234/370 6252/5234/374 6250/5234/380 
f 5697/5234/370 5698/5234/369 6253/5234/373 6252/5234/374 
f 5698/5234/369 5695/5234/393 6251/5234/381 6253/5234/373 
f 5701/5234/370 5700/5234/369 6254/5234/373 6255/5234/374 
f 5700/5234/369 5702/5234/393 6256/5234/381 6254/5234/373 
f 5702/5234/393 5703/5234/395 6257/5234/380 6256/5234/381 
f 5703/5234/395 5701/5234/370 6255/5234/374 6257/5234/380 
f 5705/5234/393 5704/5234/395 6258/5234/380 6259/5234/381 
f 5704/5234/395 5707/5234/370 6260/5234/374 6258/5234/380 
f 5707/5234/370 5708/5234/369 6261/5234/373 6260/5234/374 
f 5708/5234/369 5705/5234/393 6259/5234/381 6261/5234/373 
f 5711/5234/370 5710/5234/369 6262/5234/373 6263/5234/374 
f 5710/5234/369 5712/5234/393 6264/5234/381 6262/5234/373 
f 5712/5234/393 5713/5234/395 6265/5234/380 6264/5234/381 
f 5713/5234/395 5711/5234/370 6263/5234/374 6265/5234/380 
f 5715/5234/371 5714/5234/372 6266/5234/380 6267/5234/381 
f 5714/5234/372 5717/5234/370 6268/5234/374 6266/5234/380 
f 5717/5234/370 5718/5234/369 6269/5234/373 6268/5234/374 
f 5718/5234/369 5715/5234/371 6267/5234/381 6269/5234/373 
f 5721/5234/370 5720/5234/369 6270/5234/373 6271/5234/374 
f 5720/5234/369 5722/5234/371 6272/5234/381 6270/5234/373 
f 5722/5234/371 5723/5234/372 6273/5234/380 6272/5234/381 
f 5723/5234/372 5721/5234/370 6271/5234/374 6273/5234/380 
f 5725/5234/371 5724/5234/372 6274/5234/380 6275/5234/381 
f 5724/5234/372 5727/5234/370 6276/5234/374 6274/5234/380 
f 5727/5234/370 5728/5234/369 6277/5234/373 6276/5234/374 
f 5728/5234/369 5725/5234/371 6275/5234/381 6277/5234/373 
f 5731/5234/370 5730/5234/369 6278/5234/373 6279/5234/374 
f 5730/5234/369 5732/5234/371 6280/5234/381 6278/5234/373 
f 5732/5234/371 5733/5234/372 6281/5234/380 6280/5234/381 
f 5733/5234/372 5731/5234/370 6279/5234/374 6281/5234/380 
f 5735/5234/370 5734/5234/399 6282/5234/430 6283/5234/374 
f 5734/5234/399 5736/5234/400 6284/5234/415 6282/5234/430 
f 5736/5234/400 5737/5234/372 6285/5234/376 6284/5234/415 
f 5737/5234/372 5735/5234/370 6283/5234/374 6285/5234/376 
f 5740/5234/371 5739/5234/372 6286/5234/376 6287/5234/381 
f 5739/5234/372 5742/5234/386 6288/5234/374 6286/5234/376 
f 5742/5234/386 5743/5234/399 6289/5234/417 6288/5234/374 
f 5743/5234/399 5740/5234/371 6287/5234/381 6289/5234/417 
f 5746/5234/371 5745/5234/372 6290/5234/380 6291/5234/381 
f 5745/5234/372 5748/5234/370 6292/5234/374 6290/5234/380 
f 5748/5234/370 5749/5234/369 6293/5234/373 6292/5234/374 
f 5749/5234/369 5746/5234/371 6291/5234/381 6293/5234/373 
f 5751/5234/370 5750/5234/369 6294/5234/373 6295/5234/374 
f 5750/5234/369 5752/5234/371 6296/5234/381 6294/5234/373 
f 5752/5234/371 5753/5234/372 6297/5234/380 6296/5234/381 
f 5753/5234/372 5751/5234/370 6295/5234/374 6297/5234/380 
f 5755/5234/370 5754/5234/369 6298/5234/373 6299/5234/374 
f 5754/5234/369 5756/5234/371 6300/5234/375 6298/5234/373 
f 5756/5234/371 5757/5234/372 6301/5234/376 6300/5234/375 
f 5757/5234/372 5755/5234/370 6299/5234/374 6301/5234/376 
f 5759/5234/371 5758/5234/372 6302/5234/376 6303/5234/375 
f 5758/5234/372 5760/5234/370 6304/5234/374 6302/5234/376 
f 5760/5234/370 5761/5234/369 6305/5234/373 6304/5234/374 
f 5761/5234/369 5759/5234/371 6303/5234/375 6305/5234/373 
f 5763/5234/386 5762/5234/399 6306/5234/430 6307/5234/416 
f 5762/5234/399 5764/5234/371 6308/5234/381 6306/5234/430 
f 5764/5234/371 5765/5234/372 6309/5234/414 6308/5234/381 
f 5765/5234/372 5763/5234/386 6307/5234/416 6309/5234/414 
f 5768/5234/371 5767/5234/372 6310/5234/376 6311/5234/415 
f 5767/5234/372 5770/5234/386 6312/5234/416 6310/5234/376 
f 5770/5234/386 5771/5234/399 6313/5234/430 6312/5234/416 
f 5771/5234/399 5768/5234/371 6311/5234/415 6313/5234/430 
f 5774/5234/371 5773/5234/395 6314/5234/380 6315/5234/381 
f 5773/5234/395 5776/5234/370 6316/5234/374 6314/5234/380 
f 5776/5234/370 5777/5234/369 6317/5234/373 6316/5234/374 
f 5777/5234/369 5774/5234/371 6315/5234/381 6317/5234/373 
f 5779/5234/370 5778/5234/369 6318/5234/373 6319/5234/374 
f 5778/5234/369 5780/5234/371 6320/5234/381 6318/5234/373 
f 5780/5234/371 5781/5234/395 6321/5234/380 6320/5234/381 
f 5781/5234/395 5779/5234/370 6319/5234/374 6321/5234/380 
f 5783/5238/406 5782/5244/394 6322/5244/435 6323/5238/436 
f 5782/5244/394 5784/5245/393 6324/5245/437 6322/5244/435 
f 5784/5245/393 5785/5239/407 6325/5239/438 6324/5245/437 
f 5785/5239/407 5783/5238/406 6323/5238/436 6325/5239/438 
f 5787/5240/393 5786/5224/407 6326/5224/438 6327/5240/437 
f 5786/5224/407 5788/5243/406 6328/5243/436 6326/5224/438 
f 5788/5243/406 5789/5237/394 6329/5237/435 6328/5243/436 
f 5789/5237/394 5787/5240/393 6327/5240/437 6329/5237/435 
f 5791/5224/406 5790/5224/408 6330/5224/439 6331/5224/450 
f 5790/5224/408 5792/5224/409 6332/5224/441 6330/5224/439 
f 5792/5224/409 5793/5224/407 6333/5224/451 6332/5224/441 
f 5793/5224/407 5791/5224/406 6331/5224/450 6333/5224/451 
f 5795/5224/409 5794/5224/407 6334/5224/438 6335/5224/452 
f 5794/5224/407 5796/5224/406 6336/5224/436 6334/5224/438 
f 5796/5224/406 5797/5224/394 6337/5224/453 6336/5224/436 
f 5797/5224/394 5795/5224/409 6335/5224/452 6337/5224/453 
f 5800/5242/410 5799/5243/395 6338/5243/426 6339/5242/427 
f 5799/5243/395 5802/5243/386 6340/5243/443 6338/5243/426 
f 5802/5243/386 5803/5242/382 6341/5242/444 6340/5243/443 
f 5803/5242/382 5800/5242/410 6339/5242/427 6341/5242/444 
f 5806/5241/386 5805/5246/382 6342/5246/444 6343/5241/443 
f 5805/5246/382 5808/5246/410 6344/5246/427 6342/5246/444 
f 5808/5246/410 5809/5241/395 6345/5241/426 6344/5246/427 
f 5809/5241/395 5806/5241/386 6343/5241/443 6345/5241/426 
f 5812/5242/371 5811/5243/372 6346/5243/376 6347/5242/375 
f 5811/5243/372 5814/5243/370 6348/5243/374 6346/5243/376 
f 5814/5243/370 5815/5242/369 6349/5242/373 6348/5243/374 
f 5815/5242/369 5812/5242/371 6347/5242/375 6349/5242/373 
f 5818/5241/370 5817/5246/369 6350/5246/373 6351/5241/374 
f 5817/5246/369 5820/5246/371 6352/5246/375 6350/5246/373 
f 5820/5246/371 5821/5241/372 6353/5241/376 6352/5246/375 
f 5821/5241/372 5818/5241/370 6351/5241/374 6353/5241/376 
f 5824/5242/371 5823/5243/372 6354/5243/376 6355/5242/375 
f 5823/5243/372 5826/5243/370 6356/5243/374 6354/5243/376 
f 5826/5243/370 5827/5242/369 6357/5242/373 6356/5243/374 
f 5827/5242/369 5824/5242/371 6355/5242/375 6357/5242/373 
f 5830/5241/370 5829/5246/369 6358/5246/373 6359/5241/374 
f 5829/5246/369 5832/5246/371 6360/5246/375 6358/5246/373 
f 5832/5246/371 5833/5241/372 6361/5241/376 6360/5246/375 
f 5833/5241/372 5830/5241/370 6359/5241/374 6361/5241/376 
f 5836/5242/371 5835/5243/372 6362/5243/380 6363/5242/381 
f 5835/5243/372 5838/5243/370 6364/5243/374 6362/5243/380 
f 5838/5243/370 5839/5242/369 6365/5242/373 6364/5243/374 
f 5839/5242/369 5836/5242/371 6363/5242/381 6365/5242/373 
f 5842/5241/370 5841/5246/369 6366/5246/373 6367/5241/374 
f 5841/5246/369 5844/5246/371 6368/5246/381 6366/5246/373 
f 5844/5246/371 5845/5241/372 6369/5241/380 6368/5246/381 
f 5845/5241/372 5842/5241/370 6367/5241/374 6369/5241/380 
f 5848/5242/393 5847/5243/407 6370/5243/438 6371/5242/437 
f 5847/5243/407 5850/5243/406 6372/5243/436 6370/5243/438 
f 5850/5243/406 5851/5242/394 6373/5242/435 6372/5243/436 
f 5851/5242/394 5848/5242/393 6371/5242/437 6373/5242/435 
f 5854/5241/406 5853/5246/394 6374/5246/435 6375/5241/436 
f 5853/5246/394 5856/5246/393 6376/5246/437 6374/5246/435 
f 5856/5246/393 5857/5241/407 6377/5241/438 6376/5246/437 
f 5857/5241/407 5854/5241/406 6375/5241/436 6377/5241/438 
f 5859/5241/370 5858/5246/369 6378/5246/373 6379/5241/374 
f 5858/5246/369 5861/5246/371 6380/5246/375 6378/5246/373 
f 5861/5246/371 5862/5241/372 6381/5241/376 6380/5246/375 
f 5862/5241/372 5859/5241/370 6379/5241/374 6381/5241/376 
f 5865/5242/371 5864/5243/372 6382/5243/376 6383/5242/375 
f 5864/5243/372 5866/5243/370 6384/5243/374 6382/5243/376 
f 5866/5243/370 5867/5242/369 6385/5242/373 6384/5243/374 
f 5867/5242/369 5865/5242/371 6383/5242/375 6385/5242/373 
f 5870/5243/371 5869/5243/372 6386/5243/376 6387/5243/375 
f 5869/5243/372 5872/5243/370 6388/5243/374 6386/5243/376 
f 5872/5243/370 5873/5243/369 6389/5243/373 6388/5243/374 
f 5873/5243/369 5870/5243/371 6387/5243/375 6389/5243/373 
f 5875/5243/370 5874/5243/369 6390/5243/373 6391/5243/374 
f 5874/5243/369 5876/5243/371 6392/5243/375 6390/5243/373 
f 5876/5243/371 5877/5243/372 6393/5243/376 6392/5243/375 
f 5877/5243/372 5875/5243/370 6391/5243/374 6393/5243/376 
f 5879/5243/371 5878/5243/372 6394/5243/376 6395/5243/375 
f 5878/5243/372 5880/5243/370 6396/5243/374 6394/5243/376 
f 5880/5243/370 5881/5243/369 6397/5243/373 6396/5243/374 
f 5881/5243/369 5879/5243/371 6395/5243/375 6397/5243/373 
f 5883/5243/370 5882/5243/369 6398/5243/373 6399/5243/374 
f 5882/5243/369 5884/5243/371 6400/5243/375 6398/5243/373 
f 5884/5243/371 5885/5243/372 6401/5243/376 6400/5243/375 
f 5885/5243/372 5883/5243/370 6399/5243/374 6401/5243/376 
f 5889/5234/403 5888/5234/402 6402/5234/431 6403/5234/432 
f 5888/5234/402 5891/5234/404 6404/5234/433 6402/5234/431 
f 5891/5234/404 5893/5234/405 6405/5234/434 6404/5234/433 
f 5893/5234/405 5889/5234/403 6403/5234/432 6405/5234/434 
f 5896/5234/403 5895/5234/402 6406/5234/431 6407/5234/454 
f 5895/5234/402 5898/5234/404 6408/5234/433 6406/5234/431 
f 5898/5234/404 5899/5234/405 6409/5234/434 6408/5234/433 
f 5899/5234/405 5896/5234/403 6407/5234/454 6409/5234/434 
f 5902/5234/404 5901/5234/405 6410/5234/434 6411/5234/433 
f 5901/5234/405 5904/5234/403 6412/5234/432 6410/5234/434 
f 5904/5234/403 5905/5234/402 6413/5234/431 6412/5234/432 
f 5905/5234/402 5902/5234/404 6411/5234/433 6413/5234/431 
f 5907/5234/403 5906/5234/402 6414/5234/431 6415/5234/454 
f 5906/5234/402 5908/5234/404 6416/5234/433 6414/5234/431 
f 5908/5234/404 5909/5234/405 6417/5234/434 6416/5234/433 
f 5909/5234/405 5907/5234/403 6415/5234/454 6417/5234/434 
f 5911/5234/404 5910/5234/405 6418/5234/434 6419/5234/433 
f 5910/5234/405 5912/5234/403 6420/5234/432 6418/5234/434 
f 5912/5234/403 5913/5234/402 6421/5234/431 6420/5234/432 
f 5913/5234/402 5911/5234/404 6419/5234/433 6421/5234/431 
f 6422/5247/368 6423/5248/377 6424/5248/372 6425/5247/371 
f 6423/5248/377 6426/5248/377 6427/5248/370 6424/5248/372 
f 6426/5248/377 6428/5247/377 6429/5247/369 6427/5248/370 
f 6428/5247/377 6422/5247/368 6425/5247/371 6429/5247/369 
f 6430/5249/377 6431/5250/377 6432/5250/372 6433/5249/371 
f 6431/5250/377 6434/5250/377 6435/5250/370 6432/5250/372 
f 6434/5250/377 6436/5249/377 6437/5249/369 6435/5250/370 
f 6436/5249/377 6430/5249/377 6433/5249/371 6437/5249/369 
f 6438/5247/368 6439/5248/368 6440/5248/372 6441/5247/371 
f 6439/5248/368 6442/5248/368 6443/5248/370 6440/5248/372 
f 6442/5248/368 6444/5247/377 6445/5247/369 6443/5248/370 
f 6444/5247/377 6438/5247/368 6441/5247/371 6445/5247/369 
f 6446/5249/377 6447/5250/377 6448/5250/372 6449/5249/371 
f 6447/5250/377 6450/5250/377 6451/5250/370 6448/5250/372 
f 6450/5250/377 6452/5249/377 6453/5249/369 6451/5250/370 
f 6452/5249/377 6446/5249/377 6449/5249/371 6453/5249/369 
f 6454/5247/378 6455/5248/378 6456/5248/372 6457/5247/371 
f 6455/5248/378 6458/5248/378 6459/5248/370 6456/5248/372 
f 6458/5248/378 6460/5247/379 6461/5247/369 6459/5248/370 
f 6460/5247/379 6454/5247/378 6457/5247/371 6461/5247/369 
f 6462/5249/379 6463/5250/379 6464/5250/372 6465/5249/371 
f 6463/5250/379 6466/5250/379 6467/5250/370 6464/5250/372 
f 6466/5250/379 6468/5249/379 6469/5249/369 6467/5250/370 
f 6468/5249/379 6462/5249/379 6465/5249/371 6469/5249/369 
f 6470/5247/379 6471/5248/379 6472/5248/372 6473/5247/371 
f 6471/5248/379 6474/5248/378 6475/5248/370 6472/5248/372 
f 6474/5248/378 6476/5247/379 6477/5247/369 6475/5248/370 
f 6476/5247/379 6470/5247/379 6473/5247/371 6477/5247/369 
f 6478/5249/379 6479/5250/379 6480/5250/372 6481/5249/371 
f 6479/5250/379 6482/5250/379 6483/5250/370 6480/5250/372 
f 6482/5250/379 6484/5249/379 6485/5249/369 6483/5250/370 
f 6484/5249/379 6478/5249/379 6481/5249/371 6485/5249/369 
f 6486/5247/378 6487/5248/378 6488/5248/372 6489/5247/371 
f 6487/5248/378 6490/5248/378 6491/5248/370 6488/5248/372 
f 6490/5248/378 6492/5247/379 6493/5247/369 6491/5248/370 
f 6492/5247/379 6486/5247/378 6489/5247/371 6493/5247/369 
f 6494/5249/379 6495/5250/379 6496/5250/372 6497/5249/371 
f 6495/5250/379 6498/5250/379 6499/5250/370 6496/5250/372 
f 6498/5250/379 6500/5249/379 6501/5249/369 6499/5250/370 
f 6500/5249/379 6494/5249/379 6497/5249/371 6501/5249/369 
f 6423/5248/377 6502/5251/377 6503/5251/372 6504/5248/371 
f 6502/5251/377 6505/5251/368 6506/5251/370 6503/5251/372 
f 6505/5251/368 6426/5248/377 6507/5248/369 6506/5251/370 
f 6426/5248/377 6423/5248/377 6504/5248/371 6507/5248/369 
f 6431/5250/377 6508/5252/377 6509/5252/372 6510/5250/371 
f 6508/5252/377 6511/5252/377 6512/5252/370 6509/5252/372 
f 6511/5252/377 6434/5250/377 6513/5250/369 6512/5252/370 
f 6434/5250/377 6431/5250/377 6510/5250/371 6513/5250/369 
f 6436/5249/377 6514/5244/377 6515/5244/369 6516/5249/370 
f 6514/5244/377 6517/5244/368 6518/5244/371 6515/5244/369 
f 6517/5244/368 6430/5249/377 6519/5249/372 6518/5244/371 
f 6430/5249/377 6436/5249/377 6516/5249/370 6519/5249/372 
f 6439/5248/368 6520/5251/377 6521/5251/372 6522/5248/371 
f 6520/5251/377 6523/5251/368 6524/5251/370 6521/5251/372 
f 6523/5251/368 6442/5248/368 6525/5248/369 6524/5251/370 
f 6442/5248/368 6439/5248/368 6522/5248/371 6525/5248/369 
f 6447/5250/377 6526/5252/377 6527/5252/372 6528/5250/371 
f 6526/5252/377 6529/5252/377 6530/5252/370 6527/5252/372 
f 6529/5252/377 6450/5250/377 6531/5250/369 6530/5252/370 
f 6450/5250/377 6447/5250/377 6528/5250/371 6531/5250/369 
f 6452/5249/377 6532/5244/377 6533/5244/369 6534/5249/370 
f 6532/5244/377 6535/5244/368 6536/5244/371 6533/5244/369 
f 6535/5244/368 6446/5249/377 6537/5249/372 6536/5244/371 
f 6446/5249/377 6452/5249/377 6534/5249/370 6537/5249/372 
f 6455/5248/378 6538/5251/379 6539/5251/372 6540/5248/371 
f 6538/5251/379 6541/5251/378 6542/5251/370 6539/5251/372 
f 6541/5251/378 6458/5248/378 6543/5248/369 6542/5251/370 
f 6458/5248/378 6455/5248/378 6540/5248/371 6543/5248/369 
f 6463/5250/379 6544/5252/379 6545/5252/372 6546/5250/371 
f 6544/5252/379 6547/5252/378 6548/5252/370 6545/5252/372 
f 6547/5252/378 6466/5250/379 6549/5250/369 6548/5252/370 
f 6466/5250/379 6463/5250/379 6546/5250/371 6549/5250/369 
f 6468/5249/379 6550/5244/379 6551/5244/369 6552/5249/370 
f 6550/5244/379 6553/5244/378 6554/5244/371 6551/5244/369 
f 6553/5244/378 6462/5249/379 6555/5249/372 6554/5244/371 
f 6462/5249/379 6468/5249/379 6552/5249/370 6555/5249/372 
f 6471/5248/379 6556/5251/378 6557/5251/372 6558/5248/371 
f 6556/5251/378 6559/5251/378 6560/5251/370 6557/5251/372 
f 6559/5251/378 6474/5248/378 6561/5248/369 6560/5251/370 
f 6474/5248/378 6471/5248/379 6558/5248/371 6561/5248/369 
f 6479/5250/379 6562/5252/379 6563/5252/372 6564/5250/371 
f 6562/5252/379 6565/5252/379 6566/5252/370 6563/5252/372 
f 6565/5252/379 6482/5250/379 6567/5250/369 6566/5252/370 
f 6482/5250/379 6479/5250/379 6564/5250/371 6567/5250/369 
f 6484/5249/379 6568/5244/379 6569/5244/369 6570/5249/370 
f 6568/5244/379 6571/5244/379 6572/5244/371 6569/5244/369 
f 6571/5244/379 6478/5249/379 6573/5249/372 6572/5244/371 
f 6478/5249/379 6484/5249/379 6570/5249/370 6573/5249/372 
f 6487/5248/378 6574/5251/379 6575/5251/372 6576/5248/371 
f 6574/5251/379 6577/5251/378 6578/5251/370 6575/5251/372 
f 6577/5251/378 6490/5248/378 6579/5248/369 6578/5251/370 
f 6490/5248/378 6487/5248/378 6576/5248/371 6579/5248/369 
f 6495/5250/379 6580/5252/379 6581/5252/372 6582/5250/371 
f 6580/5252/379 6583/5252/379 6584/5252/370 6581/5252/372 
f 6583/5252/379 6498/5250/379 6585/5250/369 6584/5252/370 
f 6498/5250/379 6495/5250/379 6582/5250/371 6585/5250/369 
f 6500/5249/379 6586/5244/379 6587/5244/369 6588/5249/370 
f 6586/5244/379 6589/5244/378 6590/5244/371 6587/5244/369 
f 6589/5244/378 6494/5249/379 6591/5249/372 6590/5244/371 
f 6494/5249/379 6500/5249/379 6588/5249/370 6591/5249/372 
f 6425/5247/371 6424/5248/372 6592/5248/376 6593/5247/375 
f 6424/5248/372 6427/5248/370 6594/5248/374 6592/5248/376 
f 6427/5248/370 6429/5247/369 6595/5247/373 6594/5248/374 
f 6429/5247/369 6425/5247/371 6593/5247/375 6595/5247/373 
f 6433/5249/371 6432/5250/372 6596/5250/376 6597/5249/375 
f 6432/5250/372 6435/5250/370 6598/5250/374 6596/5250/376 
f 6435/5250/370 6437/5249/369 6599/5249/373 6598/5250/374 
f 6437/5249/369 6433/5249/371 6597/5249/375 6599/5249/373 
f 6441/5247/371 6440/5248/372 6600/5248/376 6601/5247/375 
f 6440/5248/372 6443/5248/370 6602/5248/374 6600/5248/376 
f 6443/5248/370 6445/5247/369 6603/5247/373 6602/5248/374 
f 6445/5247/369 6441/5247/371 6601/5247/375 6603/5247/373 
f 6449/5249/371 6448/5250/372 6604/5250/376 6605/5249/375 
f 6448/5250/372 6451/5250/370 6606/5250/374 6604/5250/376 
f 6451/5250/370 6453/5249/369 6607/5249/373 6606/5250/374 
f 6453/5249/369 6449/5249/371 6605/5249/375 6607/5249/373 
f 6457/5247/371 6456/5248/372 6608/5248/376 6609/5247/375 
f 6456/5248/372 6459/5248/370 6610/5248/374 6608/5248/376 
f 6459/5248/370 6461/5247/369 6611/5247/373 6610/5248/374 
f 6461/5247/369 6457/5247/371 6609/5247/375 6611/5247/373 
f 6465/5249/371 6464/5250/372 6612/5250/376 6613/5249/375 
f 6464/5250/372 6467/5250/370 6614/5250/374 6612/5250/376 
f 6467/5250/370 6469/5249/369 6615/5249/373 6614/5250/374 
f 6469/5249/369 6465/5249/371 6613/5249/375 6615/5249/373 
f 6473/5247/371 6472/5248/372 6616/5248/380 6617/5247/381 
f 6472/5248/372 6475/5248/370 6618/5248/374 6616/5248/380 
f 6475/5248/370 6477/5247/369 6619/5247/373 6618/5248/374 
f 6477/5247/369 6473/5247/371 6617/5247/381 6619/5247/373 
f 6481/5249/371 6480/5250/372 6620/5250/380 6621/5249/381 
f 6480/5250/372 6483/5250/370 6622/5250/374 6620/5250/380 
f 6483/5250/370 6485/5249/369 6623/5249/373 6622/5250/374 
f 6485/5249/369 6481/5249/371 6621/5249/381 6623/5249/373 
f 6489/5247/371 6488/5248/372 6624/5248/380 6625/5247/381 
f 6488/5248/372 6491/5248/370 6626/5248/374 6624/5248/380 
f 6491/5248/370 6493/5247/369 6627/5247/373 6626/5248/374 
f 6493/5247/369 6489/5247/371 6625/5247/381 6627/5247/373 
f 6497/5249/371 6496/5250/372 6628/5250/380 6629/5249/381 
f 6496/5250/372 6499/5250/370 6630/5250/374 6628/5250/380 
f 6499/5250/370 6501/5249/369 6631/5249/373 6630/5250/374 
f 6501/5249/369 6497/5249/371 6629/5249/381 6631/5249/373 
f 6504/5248/371 6503/5251/372 6632/5251/376 6633/5248/375 
f 6503/5251/372 6506/5251/370 6634/5251/374 6632/5251/376 
f 6506/5251/370 6507/5248/369 6635/5248/373 6634/5251/374 
f 6507/5248/369 6504/5248/371 6633/5248/375 6635/5248/373 
f 6510/5250/371 6509/5252/372 6636/5252/376 6637/5250/375 
f 6509/5252/372 6512/5252/370 6638/5252/374 6636/5252/376 
f 6512/5252/370 6513/5250/369 6639/5250/373 6638/5252/374 
f 6513/5250/369 6510/5250/371 6637/5250/375 6639/5250/373 
f 6516/5249/370 6515/5244/369 6640/5244/373 6641/5249/374 
f 6515/5244/369 6518/5244/371 6642/5244/375 6640/5244/373 
f 6518/5244/371 6519/5249/372 6643/5249/376 6642/5244/375 
f 6519/5249/372 6516/5249/370 6641/5249/374 6643/5249/376 
f 6522/5248/371 6521/5251/372 6644/5251/376 6645/5248/375 
f 6521/5251/372 6524/5251/370 6646/5251/374 6644/5251/376 
f 6524/5251/370 6525/5248/369 6647/5248/373 6646/5251/374 
f 6525/5248/369 6522/5248/371 6645/5248/375 6647/5248/373 
f 6528/5250/371 6527/5252/372 6648/5252/376 6649/5250/375 
f 6527/5252/372 6530/5252/370 6650/5252/374 6648/5252/376 
f 6530/5252/370 6531/5250/369 6651/5250/373 6650/5252/374 
f 6531/5250/369 6528/5250/371 6649/5250/375 6651/5250/373 
f 6534/5249/370 6533/5244/369 6652/5244/373 6653/5249/374 
f 6533/5244/369 6536/5244/371 6654/5244/375 6652/5244/373 
f 6536/5244/371 6537/5249/372 6655/5249/376 6654/5244/375 
f 6537/5249/372 6534/5249/370 6653/5249/374 6655/5249/376 
f 6540/5248/371 6539/5251/372 6656/5251/376 6657/5248/375 
f 6539/5251/372 6542/5251/370 6658/5251/374 6656/5251/376 
f 6542/5251/370 6543/5248/369 6659/5248/373 6658/5251/374 
f 6543/5248/369 6540/5248/371 6657/5248/375 6659/5248/373 
f 6546/5250/371 6545/5252/372 6660/5252/376 6661/5250/375 
f 6545/5252/372 6548/5252/370 6662/5252/374 6660/5252/376 
f 6548/5252/370 6549/5250/369 6663/5250/373 6662/5252/374 
f 6549/5250/369 6546/5250/371 6661/5250/375 6663/5250/373 
f 6552/5249/370 6551/5244/369 6664/5244/373 6665/5249/374 
f 6551/5244/369 6554/5244/371 6666/5244/375 6664/5244/373 
f 6554/5244/371 6555/5249/372 6667/5249/376 6666/5244/375 
f 6555/5249/372 6552/5249/370 6665/5249/374 6667/5249/376 
f 6558/5248/371 6557/5251/372 6668/5251/380 6669/5248/381 
f 6557/5251/372 6560/5251/370 6670/5251/374 6668/5251/380 
f 6560/5251/370 6561/5248/369 6671/5248/373 6670/5251/374 
f 6561/5248/369 6558/5248/371 6669/5248/381 6671/5248/373 
f 6564/5250/371 6563/5252/372 6672/5252/376 6673/5250/375 
f 6563/5252/372 6566/5252/370 6674/5252/374 6672/5252/376 
f 6566/5252/370 6567/5250/369 6675/5250/373 6674/5252/374 
f 6567/5250/369 6564/5250/371 6673/5250/375 6675/5250/373 
f 6570/5249/370 6569/5244/369 6676/5244/373 6677/5249/374 
f 6569/5244/369 6572/5244/371 6678/5244/381 6676/5244/373 
f 6572/5244/371 6573/5249/372 6679/5249/380 6678/5244/381 
f 6573/5249/372 6570/5249/370 6677/5249/374 6679/5249/380 
f 6576/5248/371 6575/5251/372 6680/5251/380 6681/5248/381 
f 6575/5251/372 6578/5251/370 6682/5251/374 6680/5251/380 
f 6578/5251/370 6579/5248/369 6683/5248/373 6682/5251/374 
f 6579/5248/369 6576/5248/371 6681/5248/381 6683/5248/373 
f 6582/5250/371 6581/5252/372 6684/5252/380 6685/5250/381 
f 6581/5252/372 6584/5252/370 6686/5252/374 6684/5252/380 
f 6584/5252/370 6585/5250/369 6687/5250/373 6686/5252/374 
f 6585/5250/369 6582/5250/371 6685/5250/381 6687/5250/373 
f 6588/5249/370 6587/5244/369 6688/5244/373 6689/5249/374 
f 6587/5244/369 6590/5244/371 6690/5244/381 6688/5244/373 
f 6590/5244/371 6591/5249/372 6691/5249/380 6690/5244/381 
f 6591/5249/372 6588/5249/370 6689/5249/374 6691/5249/380 
f 6692/5230/455 6693/5230/456 6694/5230/457 6695/5230/458 
f 6693/5230/456 6696/5230/455 6697/5230/459 6694/5230/457 
f 6696/5230/455 6698/5230/456 6699/5230/460 6697/5230/459 
f 6698/5230/456 6692/5230/455 6695/5230/458 6699/5230/460 
f 6700/5230/455 6701/5230/456 6702/5230/457 6703/5230/458 
f 6701/5230/456 6704/5230/455 6705/5230/459 6702/5230/457 
f 6704/5230/455 6706/5230/456 6707/5230/460 6705/5230/459 
f 6706/5230/456 6700/5230/455 6703/5230/458 6707/5230/460 
f 6708/5230/455 6709/5230/456 6710/5230/457 6711/5230/458 
f 6709/5230/456 6712/5230/455 6713/5230/459 6710/5230/457 
f 6712/5230/455 6714/5230/456 6715/5230/460 6713/5230/459 
f 6714/5230/456 6708/5230/455 6711/5230/458 6715/5230/460 
f 6716/5230/455 6717/5230/456 6718/5230/457 6719/5230/458 
f 6717/5230/456 6720/5230/455 6721/5230/459 6718/5230/457 
f 6720/5230/455 6722/5230/456 6723/5230/460 6721/5230/459 
f 6722/5230/456 6716/5230/455 6719/5230/458 6723/5230/460 
f 6724/5229/455 6725/5229/456 6726/5229/457 6727/5229/458 
f 6725/5229/456 6728/5253/455 6729/5253/459 6726/5229/457 
f 6728/5253/455 6730/5253/456 6731/5253/460 6729/5253/459 
f 6730/5253/456 6724/5229/455 6727/5229/458 6731/5253/460 
f 6693/5230/456 6732/5230/455 6733/5230/457 6734/5230/458 
f 6732/5230/455 6735/5230/455 6736/5230/459 6733/5230/457 
f 6735/5230/455 6696/5230/455 6737/5230/460 6736/5230/459 
f 6696/5230/455 6693/5230/456 6734/5230/458 6737/5230/460 
f 6701/5230/456 6738/5230/455 6739/5230/457 6740/5230/458 
f 6738/5230/455 6741/5230/455 6742/5230/459 6739/5230/457 
f 6741/5230/455 6704/5230/455 6743/5230/460 6742/5230/459 
f 6704/5230/455 6701/5230/456 6740/5230/458 6743/5230/460 
f 6709/5230/456 6744/5230/455 6745/5230/457 6746/5230/458 
f 6744/5230/455 6747/5230/455 6748/5230/459 6745/5230/457 
f 6747/5230/455 6712/5230/455 6749/5230/460 6748/5230/459 
f 6712/5230/455 6709/5230/456 6746/5230/458 6749/5230/460 
f 6717/5230/456 6750/5230/455 6751/5230/457 6752/5230/458 
f 6750/5230/455 6753/5230/455 6754/5230/459 6751/5230/457 
f 6753/5230/455 6720/5230/455 6755/5230/460 6754/5230/459 
f 6720/5230/455 6717/5230/456 6752/5230/458 6755/5230/460 
f 6725/5229/456 6756/5229/455 6757/5229/457 6758/5229/458 
f 6756/5229/455 6759/5253/455 6760/5253/459 6757/5229/457 
f 6759/5253/455 6728/5253/455 6761/5253/460 6760/5253/459 
f 6728/5253/455 6725/5229/456 6758/5229/458 6761/5253/460 
f 6695/5230/458 6694/5230/457 6762/5230/374 6763/5230/373 
f 6694/5230/457 6697/5230/459 6764/5230/376 6762/5230/374 
f 6697/5230/459 6699/5230/460 6765/5230/375 6764/5230/376 
f 6699/5230/460 6695/5230/458 6763/5230/373 6765/5230/375 
f 6703/5230/458 6702/5230/457 6766/5230/374 6767/5230/373 
f 6702/5230/457 6705/5230/459 6768/5230/376 6766/5230/374 
f 6705/5230/459 6707/5230/460 6769/5230/375 6768/5230/376 
f 6707/5230/460 6703/5230/458 6767/5230/373 6769/5230/375 
f 6711/5230/458 6710/5230/457 6770/5230/374 6771/5230/373 
f 6710/5230/457 6713/5230/459 6772/5230/376 6770/5230/374 
f 6713/5230/459 6715/5230/460 6773/5230/375 6772/5230/376 
f 6715/5230/460 6711/5230/458 6771/5230/373 6773/5230/375 
f 6719/5230/458 6718/5230/457 6774/5230/374 6775/5230/373 
f 6718/5230/457 6721/5230/459 6776/5230/376 6774/5230/374 
f 6721/5230/459 6723/5230/460 6777/5230/375 6776/5230/376 
f 6723/5230/460 6719/5230/458 6775/5230/373 6777/5230/375 
f 6727/5229/458 6726/5229/457 6778/5229/374 6779/5229/373 
f 6726/5229/457 6729/5253/459 6780/5253/376 6778/5229/374 
f 6729/5253/459 6731/5253/460 6781/5253/375 6780/5253/376 
f 6731/5253/460 6727/5229/458 6779/5229/373 6781/5253/375 
f 6734/5230/458 6733/5230/457 6782/5230/374 6783/5230/373 
f 6733/5230/457 6736/5230/459 6784/5230/376 6782/5230/374 
f 6736/5230/459 6737/5230/460 6785/5230/375 6784/5230/376 
f 6737/5230/460 6734/5230/458 6783/5230/373 6785/5230/375 
f 6740/5230/458 6739/5230/457 6786/5230/374 6787/5230/373 
f 6739/5230/457 6742/5230/459 6788/5230/376 6786/5230/374 
f 6742/5230/459 6743/5230/460 6789/5230/375 6788/5230/376 
f 6743/5230/460 6740/5230/458 6787/5230/373 6789/5230/375 
f 6746/5230/458 6745/5230/457 6790/5230/374 6791/5230/373 
f 6745/5230/457 6748/5230/459 6792/5230/376 6790/5230/374 
f 6748/5230/459 6749/5230/460 6793/5230/375 6792/5230/376 
f 6749/5230/460 6746/5230/458 6791/5230/373 6793/5230/375 
f 6752/5230/458 6751/5230/457 6794/5230/374 6795/5230/373 
f 6751/5230/457 6754/5230/459 6796/5230/376 6794/5230/374 
f 6754/5230/459 6755/5230/460 6797/5230/375 6796/5230/376 
f 6755/5230/460 6752/5230/458 6795/5230/373 6797/5230/375 
f 6758/5229/458 6757/5229/457 6798/5229/374 6799/5229/373 
f 6757/5229/457 6760/5253/459 6800/5253/376 6798/5229/374 
f 6760/5253/459 6761/5253/460 6801/5253/375 6800/5253/376 
f 6761/5253/460 6758/5229/458 6799/5229/373 6801/5253/375 
f 6802/5230/455 6803/5230/455 6804/5230/457 6805/5230/458 
f 6803/5230/455 6806/5230/455 6807/5230/459 6804/5230/457 
f 6806/5230/455 6808/5230/455 6809/5230/460 6807/5230/459 
f 6808/5230/455 6802/5230/455 6805/5230/458 6809/5230/460 
f 6810/5230/455 6811/5230/455 6812/5230/457 6813/5230/458 
f 6811/5230/455 6814/5230/455 6815/5230/459 6812/5230/457 
f 6814/5230/455 6816/5230/455 6817/5230/460 6815/5230/459 
f 6816/5230/455 6810/5230/455 6813/5230/458 6817/5230/460 
f 6818/5230/455 6819/5230/455 6820/5230/457 6821/5230/458 
f 6819/5230/455 6822/5230/455 6823/5230/459 6820/5230/457 
f 6822/5230/455 6824/5230/455 6825/5230/460 6823/5230/459 
f 6824/5230/455 6818/5230/455 6821/5230/458 6825/5230/460 
f 6826/5230/455 6827/5230/455 6828/5230/457 6829/5230/458 
f 6827/5230/455 6830/5230/455 6831/5230/459 6828/5230/457 
f 6830/5230/455 6832/5230/455 6833/5230/460 6831/5230/459 
f 6832/5230/455 6826/5230/455 6829/5230/458 6833/5230/460 
f 6834/5229/455 6835/5229/455 6836/5229/457 6837/5229/458 
f 6835/5229/455 6838/5253/455 6839/5253/459 6836/5229/457 
f 6838/5253/455 6840/5253/455 6841/5253/460 6839/5253/459 
f 6840/5253/455 6834/5229/455 6837/5229/458 6841/5253/460 
f 6803/5230/455 6842/5230/455 6843/5230/457 6844/5230/458 
f 6842/5230/455 6845/5230/455 6846/5230/459 6843/5230/457 
f 6845/5230/455 6806/5230/455 6847/5230/460 6846/5230/459 
f 6806/5230/455 6803/5230/455 6844/5230/458 6847/5230/460 
f 6811/5230/455 6848/5230/455 6849/5230/457 6850/5230/458 
f 6848/5230/455 6851/5230/455 6852/5230/459 6849/5230/457 
f 6851/5230/455 6814/5230/455 6853/5230/460 6852/5230/459 
f 6814/5230/455 6811/5230/455 6850/5230/458 6853/5230/460 
f 6819/5230/455 6854/5230/455 6855/5230/457 6856/5230/458 
f 6854/5230/455 6857/5230/455 6858/5230/459 6855/5230/457 
f 6857/5230/455 6822/5230/455 6859/5230/460 6858/5230/459 
f 6822/5230/455 6819/5230/455 6856/5230/458 6859/5230/460 
f 6827/5230/455 6860/5230/455 6861/5230/457 6862/5230/458 
f 6860/5230/455 6863/5230/455 6864/5230/459 6861/5230/457 
f 6863/5230/455 6830/5230/455 6865/5230/460 6864/5230/459 
f 6830/5230/455 6827/5230/455 6862/5230/458 6865/5230/460 
f 6835/5229/455 6866/5229/455 6867/5229/457 6868/5229/458 
f 6866/5229/455 6869/5253/455 6870/5253/459 6867/5229/457 
f 6869/5253/455 6838/5253/455 6871/5253/460 6870/5253/459 
f 6838/5253/455 6835/5229/455 6868/5229/458 6871/5253/460 
f 6805/5230/458 6804/5230/457 6872/5230/374 6873/5230/373 
f 6804/5230/457 6807/5230/459 6874/5230/376 6872/5230/374 
f 6807/5230/459 6809/5230/460 6875/5230/375 6874/5230/376 
f 6809/5230/460 6805/5230/458 6873/5230/373 6875/5230/375 
f 6813/5230/458 6812/5230/457 6876/5230/374 6877/5230/373 
f 6812/5230/457 6815/5230/459 6878/5230/376 6876/5230/374 
f 6815/5230/459 6817/5230/460 6879/5230/375 6878/5230/376 
f 6817/5230/460 6813/5230/458 6877/5230/373 6879/5230/375 
f 6821/5230/458 6820/5230/457 6880/5230/374 6881/5230/373 
f 6820/5230/457 6823/5230/459 6882/5230/376 6880/5230/374 
f 6823/5230/459 6825/5230/460 6883/5230/375 6882/5230/376 
f 6825/5230/460 6821/5230/458 6881/5230/373 6883/5230/375 
f 6829/5230/458 6828/5230/457 6884/5230/374 6885/5230/373 
f 6828/5230/457 6831/5230/459 6886/5230/376 6884/5230/374 
f 6831/5230/459 6833/5230/460 6887/5230/375 6886/5230/376 
f 6833/5230/460 6829/5230/458 6885/5230/373 6887/5230/375 
f 6837/5229/458 6836/5229/457 6888/5229/374 6889/5229/373 
f 6836/5229/457 6839/5253/459 6890/5253/376 6888/5229/374 
f 6839/5253/459 6841/5253/460 6891/5253/375 6890/5253/376 
f 6841/5253/460 6837/5229/458 6889/5229/373 6891/5253/375 
f 6844/5230/458 6843/5230/457 6892/5230/374 6893/5230/373 
f 6843/5230/457 6846/5230/459 6894/5230/376 6892/5230/374 
f 6846/5230/459 6847/5230/460 6895/5230/375 6894/5230/376 
f 6847/5230/460 6844/5230/458 6893/5230/373 6895/5230/375 
f 6850/5230/458 6849/5230/457 6896/5230/374 6897/5230/373 
f 6849/5230/457 6852/5230/459 6898/5230/376 6896/5230/374 
f 6852/5230/459 6853/5230/460 6899/5230/375 6898/5230/376 
f 6853/5230/460 6850/5230/458 6897/5230/373 6899/5230/375 
f 6856/5230/458 6855/5230/457 6900/5230/374 6901/5230/373 
f 6855/5230/457 6858/5230/459 6902/5230/376 6900/5230/374 
f 6858/5230/459 6859/5230/460 6903/5230/375 6902/5230/376 
f 6859/5230/460 6856/5230/458 6901/5230/373 6903/5230/375 
f 6862/5230/458 6861/5230/457 6904/5230/374 6905/5230/373 
f 6861/5230/457 6864/5230/459 6906/5230/376 6904/5230/374 
f 6864/5230/459 6865/5230/460 6907/5230/375 6906/5230/376 
f 6865/5230/460 6862/5230/458 6905/5230/373 6907/5230/375 
f 6868/5229/458 6867/5229/457 6908/5229/374 6909/5229/373 
f 6867/5229/457 6870/5253/459 6910/5253/376 6908/5229/374 
f 6870/5253/459 6871/5253/460 6911/5253/375 6910/5253/376 
f 6871/5253/460 6868/5229/458 6909/5229/373 6911/5253/375 
f 6912/5254/455 6913/5255/455 6914/5255/457 6915/5254/458 
f 6913/5255/455 6916/5256/455 6917/5256/459 6914/5255/457 
f 6916/5256/455 6918/5257/455 6919/5257/460 6917/5256/459 
f 6918/5257/455 6912/5254/455 6915/5254/458 6919/5257/460 
f 6920/5258/455 6921/5259/455 6922/5259/457 6923/5258/458 
f 6921/5259/455 6924/5259/455 6925/5259/459 6922/5259/457 
f 6924/5259/455 6926/5258/455 6927/5258/460 6925/5259/459 
f 6926/5258/455 6920/5258/455 6923/5258/458 6927/5258/460 
f 6928/5230/455 6929/5230/455 6930/5230/457 6931/5230/458 
f 6929/5230/455 6932/5230/455 6933/5230/459 6930/5230/457 
f 6932/5230/455 6934/5230/455 6935/5230/460 6933/5230/459 
f 6934/5230/455 6928/5230/455 6931/5230/458 6935/5230/460 
f 6936/5258/455 6937/5259/455 6938/5259/457 6939/5258/458 
f 6937/5259/455 6940/5259/455 6941/5259/459 6938/5259/457 
f 6940/5259/455 6942/5258/455 6943/5258/460 6941/5259/459 
f 6942/5258/455 6936/5258/455 6939/5258/458 6943/5258/460 
f 6944/5230/455 6945/5230/455 6946/5230/457 6947/5230/458 
f 6945/5230/455 6948/5230/455 6949/5230/459 6946/5230/457 
f 6948/5230/455 6950/5230/455 6951/5230/460 6949/5230/459 
f 6950/5230/455 6944/5230/455 6947/5230/458 6951/5230/460 
f 6952/5258/455 6953/5259/455 6954/5259/457 6955/5258/458 
f 6953/5259/455 6956/5259/455 6957/5259/459 6954/5259/457 
f 6956/5259/455 6958/5258/455 6959/5258/460 6957/5259/459 
f 6958/5258/455 6952/5258/455 6955/5258/458 6959/5258/460 
f 6960/5230/455 6961/5230/455 6962/5230/457 6963/5230/458 
f 6961/5230/455 6964/5230/455 6965/5230/459 6962/5230/457 
f 6964/5230/455 6966/5230/455 6967/5230/460 6965/5230/459 
f 6966/5230/455 6960/5230/455 6963/5230/458 6967/5230/460 
f 6968/5258/455 6969/5259/455 6970/5259/457 6971/5258/458 
f 6969/5259/455 6972/5259/455 6973/5259/459 6970/5259/457 
f 6972/5259/455 6974/5258/455 6975/5258/460 6973/5259/459 
f 6974/5258/455 6968/5258/455 6971/5258/458 6975/5258/460 
f 6976/5230/455 6977/5230/455 6978/5230/457 6979/5230/458 
f 6977/5230/455 6980/5230/455 6981/5230/459 6978/5230/457 
f 6980/5230/455 6982/5230/455 6983/5230/460 6981/5230/459 
f 6982/5230/455 6976/5230/455 6979/5230/458 6983/5230/460 
f 6984/5258/455 6985/5259/455 6986/5259/457 6987/5258/458 
f 6985/5259/455 6988/5259/455 6989/5259/459 6986/5259/457 
f 6988/5259/455 6990/5258/455 6991/5258/460 6989/5259/459 
f 6990/5258/455 6984/5258/455 6987/5258/458 6991/5258/460 
f 6992/5230/455 6993/5230/455 6994/5230/457 6995/5230/458 
f 6993/5230/455 6996/5230/455 6997/5230/459 6994/5230/457 
f 6996/5230/455 6998/5230/455 6999/5230/460 6997/5230/459 
f 6998/5230/455 6992/5230/455 6995/5230/458 6999/5230/460 
f 7000/5229/455 7001/5229/455 7002/5229/457 7003/5229/458 
f 7001/5229/455 7004/5253/455 7005/5253/459 7002/5229/457 
f 7004/5253/455 7006/5253/455 7007/5253/460 7005/5253/459 
f 7006/5253/455 7000/5229/455 7003/5229/458 7007/5253/460 
f 7008/5230/461 7009/5230/462 7010/5230/457 7011/5230/458 
f 7009/5230/462 7012/5230/461 7013/5230/459 7010/5230/457 
f 7012/5230/461 7014/5230/462 7015/5230/460 7013/5230/459 
f 7014/5230/462 7008/5230/461 7011/5230/458 7015/5230/460 
f 7016/5230/461 7017/5230/462 7018/5230/457 7019/5230/458 
f 7017/5230/462 7020/5230/461 7021/5230/459 7018/5230/457 
f 7020/5230/461 7022/5230/462 7023/5230/460 7021/5230/459 
f 7022/5230/462 7016/5230/461 7019/5230/458 7023/5230/460 
f 7024/5230/461 7025/5230/462 7026/5230/457 7027/5230/458 
f 7025/5230/462 7028/5230/461 7029/5230/459 7026/5230/457 
f 7028/5230/461 7030/5230/462 7031/5230/460 7029/5230/459 
f 7030/5230/462 7024/5230/461 7027/5230/458 7031/5230/460 
f 7032/5230/461 7033/5230/462 7034/5230/457 7035/5230/458 
f 7033/5230/462 7036/5230/461 7037/5230/459 7034/5230/457 
f 7036/5230/461 7038/5230/462 7039/5230/460 7037/5230/459 
f 7038/5230/462 7032/5230/461 7035/5230/458 7039/5230/460 
f 7040/5229/461 7041/5229/462 7042/5229/457 7043/5229/458 
f 7041/5229/462 7044/5253/461 7045/5253/459 7042/5229/457 
f 7044/5253/461 7046/5253/462 7047/5253/460 7045/5253/459 
f 7046/5253/462 7040/5229/461 7043/5229/458 7047/5253/460 
f 6913/5255/455 7048/5260/455 7049/5260/457 7050/5255/458 
f 7048/5260/455 7051/5261/455 7052/5261/459 7049/5260/457 
f 7051/5261/455 6916/5256/455 7053/5256/460 7052/5261/459 
f 6916/5256/455 6913/5255/455 7050/5255/458 7053/5256/460 
f 6918/5257/455 7054/5248/455 7055/5248/460 7056/5257/459 
f 7054/5248/455 7057/5225/455 7058/5225/458 7055/5248/460 
f 7057/5225/455 6912/5254/455 7059/5254/457 7058/5225/458 
f 6912/5254/455 6918/5257/455 7056/5257/459 7059/5254/457 
f 6921/5259/455 7060/5262/455 7061/5262/457 7062/5259/458 
f 7060/5262/455 7063/5262/455 7064/5262/459 7061/5262/457 
f 7063/5262/455 6924/5259/455 7065/5259/460 7064/5262/459 
f 6924/5259/455 6921/5259/455 7062/5259/458 7065/5259/460 
f 6926/5258/455 7066/5263/455 7067/5263/460 7068/5258/459 
f 7066/5263/455 7069/5263/455 7070/5263/458 7067/5263/460 
f 7069/5263/455 6920/5258/455 7071/5258/457 7070/5263/458 
f 6920/5258/455 6926/5258/455 7068/5258/459 7071/5258/457 
f 6929/5230/455 7072/5230/455 7073/5230/457 7074/5230/458 
f 7072/5230/455 7075/5230/455 7076/5230/459 7073/5230/457 
f 7075/5230/455 6932/5230/455 7077/5230/460 7076/5230/459 
f 6932/5230/455 6929/5230/455 7074/5230/458 7077/5230/460 
f 6934/5230/455 7078/5230/455 7079/5230/460 7080/5230/459 
f 7078/5230/455 7081/5230/455 7082/5230/458 7079/5230/460 
f 7081/5230/455 6928/5230/455 7083/5230/457 7082/5230/458 
f 6928/5230/455 6934/5230/455 7080/5230/459 7083/5230/457 
f 6937/5259/455 7084/5262/455 7085/5262/457 7086/5259/458 
f 7084/5262/455 7087/5262/455 7088/5262/459 7085/5262/457 
f 7087/5262/455 6940/5259/455 7089/5259/460 7088/5262/459 
f 6940/5259/455 6937/5259/455 7086/5259/458 7089/5259/460 
f 6942/5258/455 7090/5263/455 7091/5263/460 7092/5258/459 
f 7090/5263/455 7093/5263/455 7094/5263/458 7091/5263/460 
f 7093/5263/455 6936/5258/455 7095/5258/457 7094/5263/458 
f 6936/5258/455 6942/5258/455 7092/5258/459 7095/5258/457 
f 6945/5230/455 7096/5230/455 7097/5230/457 7098/5230/458 
f 7096/5230/455 7099/5230/455 7100/5230/459 7097/5230/457 
f 7099/5230/455 6948/5230/455 7101/5230/460 7100/5230/459 
f 6948/5230/455 6945/5230/455 7098/5230/458 7101/5230/460 
f 6950/5230/455 7102/5230/455 7103/5230/460 7104/5230/459 
f 7102/5230/455 7105/5230/455 7106/5230/458 7103/5230/460 
f 7105/5230/455 6944/5230/455 7107/5230/457 7106/5230/458 
f 6944/5230/455 6950/5230/455 7104/5230/459 7107/5230/457 
f 6953/5259/455 7108/5262/455 7109/5262/457 7110/5259/458 
f 7108/5262/455 7111/5262/455 7112/5262/459 7109/5262/457 
f 7111/5262/455 6956/5259/455 7113/5259/460 7112/5262/459 
f 6956/5259/455 6953/5259/455 7110/5259/458 7113/5259/460 
f 6958/5258/455 7114/5263/455 7115/5263/460 7116/5258/459 
f 7114/5263/455 7117/5263/455 7118/5263/458 7115/5263/460 
f 7117/5263/455 6952/5258/455 7119/5258/457 7118/5263/458 
f 6952/5258/455 6958/5258/455 7116/5258/459 7119/5258/457 
f 6961/5230/455 7120/5230/455 7121/5230/457 7122/5230/458 
f 7120/5230/455 7123/5230/455 7124/5230/459 7121/5230/457 
f 7123/5230/455 6964/5230/455 7125/5230/460 7124/5230/459 
f 6964/5230/455 6961/5230/455 7122/5230/458 7125/5230/460 
f 6966/5230/455 7126/5230/455 7127/5230/460 7128/5230/459 
f 7126/5230/455 7129/5230/455 7130/5230/458 7127/5230/460 
f 7129/5230/455 6960/5230/455 7131/5230/457 7130/5230/458 
f 6960/5230/455 6966/5230/455 7128/5230/459 7131/5230/457 
f 6969/5259/455 7132/5262/455 7133/5262/457 7134/5259/458 
f 7132/5262/455 7135/5262/455 7136/5262/459 7133/5262/457 
f 7135/5262/455 6972/5259/455 7137/5259/460 7136/5262/459 
f 6972/5259/455 6969/5259/455 7134/5259/458 7137/5259/460 
f 6974/5258/455 7138/5263/455 7139/5263/460 7140/5258/459 
f 7138/5263/455 7141/5263/455 7142/5263/458 7139/5263/460 
f 7141/5263/455 6968/5258/455 7143/5258/457 7142/5263/458 
f 6968/5258/455 6974/5258/455 7140/5258/459 7143/5258/457 
f 6977/5230/455 7144/5230/455 7145/5230/457 7146/5230/458 
f 7144/5230/455 7147/5230/455 7148/5230/459 7145/5230/457 
f 7147/5230/455 6980/5230/455 7149/5230/460 7148/5230/459 
f 6980/5230/455 6977/5230/455 7146/5230/458 7149/5230/460 
f 6982/5230/455 7150/5230/455 7151/5230/460 7152/5230/459 
f 7150/5230/455 7153/5230/455 7154/5230/458 7151/5230/460 
f 7153/5230/455 6976/5230/455 7155/5230/457 7154/5230/458 
f 6976/5230/455 6982/5230/455 7152/5230/459 7155/5230/457 
f 6985/5259/455 7156/5262/455 7157/5262/457 7158/5259/458 
f 7156/5262/455 7159/5262/455 7160/5262/459 7157/5262/457 
f 7159/5262/455 6988/5259/455 7161/5259/460 7160/5262/459 
f 6988/5259/455 6985/5259/455 7158/5259/458 7161/5259/460 
f 6990/5258/455 7162/5263/455 7163/5263/460 7164/5258/459 
f 7162/5263/455 7165/5263/455 7166/5263/458 7163/5263/460 
f 7165/5263/455 6984/5258/455 7167/5258/457 7166/5263/458 
f 6984/5258/455 6990/5258/455 7164/5258/459 7167/5258/457 
f 6993/5230/455 7168/5230/455 7169/5230/457 7170/5230/458 
f 7168/5230/455 7171/5230/455 7172/5230/459 7169/5230/457 
f 7171/5230/455 6996/5230/455 7173/5230/460 7172/5230/459 
f 6996/5230/455 6993/5230/455 7170/5230/458 7173/5230/460 
f 6998/5230/455 7174/5230/455 7175/5230/460 7176/5230/459 
f 7174/5230/455 7177/5230/455 7178/5230/458 7175/5230/460 
f 7177/5230/455 6992/5230/455 7179/5230/457 7178/5230/458 
f 6992/5230/455 6998/5230/455 7176/5230/459 7179/5230/457 
f 7001/5229/455 7180/5229/455 7181/5229/457 7182/5229/458 
f 7180/5229/455 7183/5253/455 7184/5253/459 7181/5229/457 
f 7183/5253/455 7004/5253/455 7185/5253/460 7184/5253/459 
f 7004/5253/455 7001/5229/455 7182/5229/458 7185/5253/460 
f 7006/5253/455 7186/5253/455 7187/5253/460 7188/5253/459 
f 7186/5253/455 7189/5229/455 7190/5229/458 7187/5253/460 
f 7189/5229/455 7000/5229/455 7191/5229/457 7190/5229/458 
f 7000/5229/455 7006/5253/455 7188/5253/459 7191/5229/457 
f 7009/5230/462 7192/5230/461 7193/5230/457 7194/5230/458 
f 7192/5230/461 7195/5230/462 7196/5230/459 7193/5230/457 
f 7195/5230/462 7012/5230/461 7197/5230/460 7196/5230/459 
f 7012/5230/461 7009/5230/462 7194/5230/458 7197/5230/460 
f 7014/5230/462 7198/5230/461 7199/5230/460 7200/5230/459 
f 7198/5230/461 7201/5230/462 7202/5230/458 7199/5230/460 
f 7201/5230/462 7008/5230/461 7203/5230/457 7202/5230/458 
f 7008/5230/461 7014/5230/462 7200/5230/459 7203/5230/457 
f 7017/5230/462 7204/5230/461 7205/5230/457 7206/5230/458 
f 7204/5230/461 7207/5230/462 7208/5230/459 7205/5230/457 
f 7207/5230/462 7020/5230/461 7209/5230/460 7208/5230/459 
f 7020/5230/461 7017/5230/462 7206/5230/458 7209/5230/460 
f 7022/5230/462 7210/5230/461 7211/5230/460 7212/5230/459 
f 7210/5230/461 7213/5230/462 7214/5230/458 7211/5230/460 
f 7213/5230/462 7016/5230/461 7215/5230/457 7214/5230/458 
f 7016/5230/461 7022/5230/462 7212/5230/459 7215/5230/457 
f 7025/5230/462 7216/5230/461 7217/5230/457 7218/5230/458 
f 7216/5230/461 7219/5230/462 7220/5230/459 7217/5230/457 
f 7219/5230/462 7028/5230/461 7221/5230/460 7220/5230/459 
f 7028/5230/461 7025/5230/462 7218/5230/458 7221/5230/460 
f 7030/5230/462 7222/5230/461 7223/5230/460 7224/5230/459 
f 7222/5230/461 7225/5230/462 7226/5230/458 7223/5230/460 
f 7225/5230/462 7024/5230/461 7227/5230/457 7226/5230/458 
f 7024/5230/461 7030/5230/462 7224/5230/459 7227/5230/457 
f 7033/5230/462 7228/5230/461 7229/5230/457 7230/5230/458 
f 7228/5230/461 7231/5230/462 7232/5230/459 7229/5230/457 
f 7231/5230/462 7036/5230/461 7233/5230/460 7232/5230/459 
f 7036/5230/461 7033/5230/462 7230/5230/458 7233/5230/460 
f 7038/5230/462 7234/5230/461 7235/5230/460 7236/5230/459 
f 7234/5230/461 7237/5230/462 7238/5230/458 7235/5230/460 
f 7237/5230/462 7032/5230/461 7239/5230/457 7238/5230/458 
f 7032/5230/461 7038/5230/462 7236/5230/459 7239/5230/457 
f 7041/5229/462 7240/5229/461 7241/5229/457 7242/5229/458 
f 7240/5229/461 7243/5253/462 7244/5253/459 7241/5229/457 
f 7243/5253/462 7044/5253/461 7245/5253/460 7244/5253/459 
f 7044/5253/461 7041/5229/462 7242/5229/458 7245/5253/460 
f 7046/5253/462 7246/5253/461 7247/5253/460 7248/5253/459 
f 7246/5253/461 7249/5229/462 7250/5229/458 7247/5253/460 
f 7249/5229/462 7040/5229/461 7251/5229/457 7250/5229/458 
f 7040/5229/461 7046/5253/462 7248/5253/459 7251/5229/457 
f 6915/5254/458 6914/5255/457 7252/5255/374 7253/5254/373 
f 6914/5255/457 6917/5256/459 7254/5256/376 7252/5255/374 
f 6917/5256/459 6919/5257/460 7255/5257/375 7254/5256/376 
f 6919/5257/460 6915/5254/458 7253/5254/373 7255/5257/375 
f 6923/5258/458 6922/5259/457 7256/5259/374 7257/5258/373 
f 6922/5259/457 6925/5259/459 7258/5259/376 7256/5259/374 
f 6925/5259/459 6927/5258/460 7259/5258/375 7258/5259/376 
f 6927/5258/460 6923/5258/458 7257/5258/373 7259/5258/375 
f 6931/5230/458 6930/5230/457 7260/5230/374 7261/5230/373 
f 6930/5230/457 6933/5230/459 7262/5230/376 7260/5230/374 
f 6933/5230/459 6935/5230/460 7263/5230/375 7262/5230/376 
f 6935/5230/460 6931/5230/458 7261/5230/373 7263/5230/375 
f 6939/5258/458 6938/5259/457 7264/5259/374 7265/5258/373 
f 6938/5259/457 6941/5259/459 7266/5259/376 7264/5259/374 
f 6941/5259/459 6943/5258/460 7267/5258/375 7266/5259/376 
f 6943/5258/460 6939/5258/458 7265/5258/373 7267/5258/375 
f 6947/5230/458 6946/5230/457 7268/5230/374 7269/5230/373 
f 6946/5230/457 6949/5230/459 7270/5230/376 7268/5230/374 
f 6949/5230/459 6951/5230/460 7271/5230/375 7270/5230/376 
f 6951/5230/460 6947/5230/458 7269/5230/373 7271/5230/375 
f 6955/5258/458 6954/5259/457 7272/5259/374 7273/5258/373 
f 6954/5259/457 6957/5259/459 7274/5259/376 7272/5259/374 
f 6957/5259/459 6959/5258/460 7275/5258/375 7274/5259/376 
f 6959/5258/460 6955/5258/458 7273/5258/373 7275/5258/375 
f 6963/5230/458 6962/5230/457 7276/5230/374 7277/5230/373 
f 6962/5230/457 6965/5230/459 7278/5230/376 7276/5230/374 
f 6965/5230/459 6967/5230/460 7279/5230/375 7278/5230/376 
f 6967/5230/460 6963/5230/458 7277/5230/373 7279/5230/375 
f 6971/5258/458 6970/5259/457 7280/5259/374 7281/5258/373 
f 6970/5259/457 6973/5259/459 7282/5259/376 7280/5259/374 
f 6973/5259/459 6975/5258/460 7283/5258/375 7282/5259/376 
f 6975/5258/460 6971/5258/458 7281/5258/373 7283/5258/375 
f 6979/5230/458 6978/5230/457 7284/5230/374 7285/5230/373 
f 6978/5230/457 6981/5230/459 7286/5230/376 7284/5230/374 
f 6981/5230/459 6983/5230/460 7287/5230/375 7286/5230/376 
f 6983/5230/460 6979/5230/458 7285/5230/373 7287/5230/375 
f 6987/5258/458 6986/5259/457 7288/5259/374 7289/5258/373 
f 6986/5259/457 6989/5259/459 7290/5259/376 7288/5259/374 
f 6989/5259/459 6991/5258/460 7291/5258/375 7290/5259/376 
f 6991/5258/460 6987/5258/458 7289/5258/373 7291/5258/375 
f 6995/5230/458 6994/5230/457 7292/5230/374 7293/5230/373 
f 6994/5230/457 6997/5230/459 7294/5230/376 7292/5230/374 
f 6997/5230/459 6999/5230/460 7295/5230/375 7294/5230/376 
f 6999/5230/460 6995/5230/458 7293/5230/373 7295/5230/375 
f 7003/5229/458 7002/5229/457 7296/5229/374 7297/5229/373 
f 7002/5229/457 7005/5253/459 7298/5253/376 7296/5229/374 
f 7005/5253/459 7007/5253/460 7299/5253/375 7298/5253/376 
f 7007/5253/460 7003/5229/458 7297/5229/373 7299/5253/375 
f 7011/5230/458 7010/5230/457 7300/5230/374 7301/5230/373 
f 7010/5230/457 7013/5230/459 7302/5230/376 7300/5230/374 
f 7013/5230/459 7015/5230/460 7303/5230/375 7302/5230/376 
f 7015/5230/460 7011/5230/458 7301/5230/373 7303/5230/375 
f 7019/5230/458 7018/5230/457 7304/5230/374 7305/5230/373 
f 7018/5230/457 7021/5230/459 7306/5230/376 7304/5230/374 
f 7021/5230/459 7023/5230/460 7307/5230/375 7306/5230/376 
f 7023/5230/460 7019/5230/458 7305/5230/373 7307/5230/375 
f 7027/5230/458 7026/5230/457 7308/5230/374 7309/5230/373 
f 7026/5230/457 7029/5230/459 7310/5230/376 7308/5230/374 
f 7029/5230/459 7031/5230/460 7311/5230/375 7310/5230/376 
f 7031/5230/460 7027/5230/458 7309/5230/373 7311/5230/375 
f 7035/5230/458 7034/5230/457 7312/5230/374 7313/5230/373 
f 7034/5230/457 7037/5230/459 7314/5230/376 7312/5230/374 
f 7037/5230/459 7039/5230/460 7315/5230/375 7314/5230/376 
f 7039/5230/460 7035/5230/458 7313/5230/373 7315/5230/375 
f 7043/5229/458 7042/5229/457 7316/5229/374 7317/5229/373 
f 7042/5229/457 7045/5253/459 7318/5253/376 7316/5229/374 
f 7045/5253/459 7047/5253/460 7319/5253/375 7318/5253/376 
f 7047/5253/460 7043/5229/458 7317/5229/373 7319/5253/375 
f 7050/5255/458 7049/5260/457 7320/5260/374 7321/5255/373 
f 7049/5260/457 7052/5261/459 7322/5261/376 7320/5260/374 
f 7052/5261/459 7053/5256/460 7323/5256/375 7322/5261/376 
f 7053/5256/460 7050/5255/458 7321/5255/373 7323/5256/375 
f 7056/5257/459 7055/5248/460 7324/5248/375 7325/5257/376 
f 7055/5248/460 7058/5225/458 7326/5225/373 7324/5248/375 
f 7058/5225/458 7059/5254/457 7327/5254/374 7326/5225/373 
f 7059/5254/457 7056/5257/459 7325/5257/376 7327/5254/374 
f 7062/5259/458 7061/5262/457 7328/5262/374 7329/5259/373 
f 7061/5262/457 7064/5262/459 7330/5262/376 7328/5262/374 
f 7064/5262/459 7065/5259/460 7331/5259/375 7330/5262/376 
f 7065/5259/460 7062/5259/458 7329/5259/373 7331/5259/375 
f 7068/5258/459 7067/5263/460 7332/5263/375 7333/5258/376 
f 7067/5263/460 7070/5263/458 7334/5263/373 7332/5263/375 
f 7070/5263/458 7071/5258/457 7335/5258/374 7334/5263/373 
f 7071/5258/457 7068/5258/459 7333/5258/376 7335/5258/374 
f 7074/5230/458 7073/5230/457 7336/5230/374 7337/5230/373 
f 7073/5230/457 7076/5230/459 7338/5230/376 7336/5230/374 
f 7076/5230/459 7077/5230/460 7339/5230/375 7338/5230/376 
f 7077/5230/460 7074/5230/458 7337/5230/373 7339/5230/375 
f 7080/5230/459 7079/5230/460 7340/5230/375 7341/5230/376 
f 7079/5230/460 7082/5230/458 7342/5230/373 7340/5230/375 
f 7082/5230/458 7083/5230/457 7343/5230/374 7342/5230/373 
f 7083/5230/457 7080/5230/459 7341/5230/376 7343/5230/374 
f 7086/5259/458 7085/5262/457 7344/5262/374 7345/5259/373 
f 7085/5262/457 7088/5262/459 7346/5262/376 7344/5262/374 
f 7088/5262/459 7089/5259/460 7347/5259/375 7346/5262/376 
f 7089/5259/460 7086/5259/458 7345/5259/373 7347/5259/375 
f 7092/5258/459 7091/5263/460 7348/5263/375 7349/5258/376 
f 7091/5263/460 7094/5263/458 7350/5263/373 7348/5263/375 
f 7094/5263/458 7095/5258/457 7351/5258/374 7350/5263/373 
f 7095/5258/457 7092/5258/459 7349/5258/376 7351/5258/374 
f 7098/5230/458 7097/5230/457 7352/5230/374 7353/5230/373 
f 7097/5230/457 7100/5230/459 7354/5230/376 7352/5230/374 
f 7100/5230/459 7101/5230/460 7355/5230/375 7354/5230/376 
f 7101/5230/460 7098/5230/458 7353/5230/373 7355/5230/375 
f 7104/5230/459 7103/5230/460 7356/5230/375 7357/5230/376 
f 7103/5230/460 7106/5230/458 7358/5230/373 7356/5230/375 
f 7106/5230/458 7107/5230/457 7359/5230/374 7358/5230/373 
f 7107/5230/457 7104/5230/459 7357/5230/376 7359/5230/374 
f 7110/5259/458 7109/5262/457 7360/5262/374 7361/5259/373 
f 7109/5262/457 7112/5262/459 7362/5262/376 7360/5262/374 
f 7112/5262/459 7113/5259/460 7363/5259/375 7362/5262/376 
f 7113/5259/460 7110/5259/458 7361/5259/373 7363/5259/375 
f 7116/5258/459 7115/5263/460 7364/5263/375 7365/5258/376 
f 7115/5263/460 7118/5263/458 7366/5263/373 7364/5263/375 
f 7118/5263/458 7119/5258/457 7367/5258/374 7366/5263/373 
f 7119/5258/457 7116/5258/459 7365/5258/376 7367/5258/374 
f 7122/5230/458 7121/5230/457 7368/5230/374 7369/5230/373 
f 7121/5230/457 7124/5230/459 7370/5230/376 7368/5230/374 
f 7124/5230/459 7125/5230/460 7371/5230/375 7370/5230/376 
f 7125/5230/460 7122/5230/458 7369/5230/373 7371/5230/375 
f 7128/5230/459 7127/5230/460 7372/5230/375 7373/5230/376 
f 7127/5230/460 7130/5230/458 7374/5230/373 7372/5230/375 
f 7130/5230/458 7131/5230/457 7375/5230/374 7374/5230/373 
f 7131/5230/457 7128/5230/459 7373/5230/376 7375/5230/374 
f 7134/5259/458 7133/5262/457 7376/5262/374 7377/5259/373 
f 7133/5262/457 7136/5262/459 7378/5262/376 7376/5262/374 
f 7136/5262/459 7137/5259/460 7379/5259/375 7378/5262/376 
f 7137/5259/460 7134/5259/458 7377/5259/373 7379/5259/375 
f 7140/5258/459 7139/5263/460 7380/5263/375 7381/5258/376 
f 7139/5263/460 7142/5263/458 7382/5263/373 7380/5263/375 
f 7142/5263/458 7143/5258/457 7383/5258/374 7382/5263/373 
f 7143/5258/457 7140/5258/459 7381/5258/376 7383/5258/374 
f 7146/5230/458 7145/5230/457 7384/5230/374 7385/5230/373 
f 7145/5230/457 7148/5230/459 7386/5230/376 7384/5230/374 
f 7148/5230/459 7149/5230/460 7387/5230/375 7386/5230/376 
f 7149/5230/460 7146/5230/458 7385/5230/373 7387/5230/375 
f 7152/5230/459 7151/5230/460 7388/5230/375 7389/5230/376 
f 7151/5230/460 7154/5230/458 7390/5230/373 7388/5230/375 
f 7154/5230/458 7155/5230/457 7391/5230/374 7390/5230/373 
f 7155/5230/457 7152/5230/459 7389/5230/376 7391/5230/374 
f 7158/5259/458 7157/5262/457 7392/5262/374 7393/5259/373 
f 7157/5262/457 7160/5262/459 7394/5262/376 7392/5262/374 
f 7160/5262/459 7161/5259/460 7395/5259/375 7394/5262/376 
f 7161/5259/460 7158/5259/458 7393/5259/373 7395/5259/375 
f 7164/5258/459 7163/5263/460 7396/5263/375 7397/5258/376 
f 7163/5263/460 7166/5263/458 7398/5263/373 7396/5263/375 
f 7166/5263/458 7167/5258/457 7399/5258/374 7398/5263/373 
f 7167/5258/457 7164/5258/459 7397/5258/376 7399/5258/374 
f 7170/5230/458 7169/5230/457 7400/5230/374 7401/5230/373 
f 7169/5230/457 7172/5230/459 7402/5230/376 7400/5230/374 
f 7172/5230/459 7173/5230/460 7403/5230/375 7402/5230/376 
f 7173/5230/460 7170/5230/458 7401/5230/373 7403/5230/375 
f 7176/5230/459 7175/5230/460 7404/5230/375 7405/5230/376 
f 7175/5230/460 7178/5230/458 7406/5230/373 7404/5230/375 
f 7178/5230/458 7179/5230/457 7407/5230/374 7406/5230/373 
f 7179/5230/457 7176/5230/459 7405/5230/376 7407/5230/374 
f 7182/5229/458 7181/5229/457 7408/5229/374 7409/5229/373 
f 7181/5229/457 7184/5253/459 7410/5253/376 7408/5229/374 
f 7184/5253/459 7185/5253/460 7411/5253/375 7410/5253/376 
f 7185/5253/460 7182/5229/458 7409/5229/373 7411/5253/375 
f 7188/5253/459 7187/5253/460 7412/5253/375 7413/5253/376 
f 7187/5253/460 7190/5229/458 7414/5229/373 7412/5253/375 
f 7190/5229/458 7191/5229/457 7415/5229/374 7414/5229/373 
f 7191/5229/457 7188/5253/459 7413/5253/376 7415/5229/374 
f 7194/5230/458 7193/5230/457 7416/5230/374 7417/5230/373 
f 7193/5230/457 7196/5230/459 7418/5230/376 7416/5230/374 
f 7196/5230/459 7197/5230/460 7419/5230/375 7418/5230/376 
f 7197/5230/460 7194/5230/458 7417/5230/373 7419/5230/375 
f 7200/5230/459 7199/5230/460 7420/5230/375 7421/5230/376 
f 7199/5230/460 7202/5230/458 7422/5230/373 7420/5230/375 
f 7202/5230/458 7203/5230/457 7423/5230/374 7422/5230/373 
f 7203/5230/457 7200/5230/459 7421/5230/376 7423/5230/374 
f 7206/5230/458 7205/5230/457 7424/5230/374 7425/5230/373 
f 7205/5230/457 7208/5230/459 7426/5230/376 7424/5230/374 
f 7208/5230/459 7209/5230/460 7427/5230/375 7426/5230/376 
f 7209/5230/460 7206/5230/458 7425/5230/373 7427/5230/375 
f 7212/5230/459 7211/5230/460 7428/5230/375 7429/5230/376 
f 7211/5230/460 7214/5230/458 7430/5230/373 7428/5230/375 
f 7214/5230/458 7215/5230/457 7431/5230/374 7430/5230/373 
f 7215/5230/457 7212/5230/459 7429/5230/376 7431/5230/374 
f 7218/5230/458 7217/5230/457 7432/5230/374 7433/5230/373 
f 7217/5230/457 7220/5230/459 7434/5230/376 7432/5230/374 
f 7220/5230/459 7221/5230/460 7435/5230/375 7434/5230/376 
f 7221/5230/460 7218/5230/458 7433/5230/373 7435/5230/375 
f 7224/5230/459 7223/5230/460 7436/5230/375 7437/5230/376 
f 7223/5230/460 7226/5230/458 7438/5230/373 7436/5230/375 
f 7226/5230/458 7227/5230/457 7439/5230/374 7438/5230/373 
f 7227/5230/457 7224/5230/459 7437/5230/376 7439/5230/374 
f 7230/5230/458 7229/5230/457 7440/5230/374 7441/5230/373 
f 7229/5230/457 7232/5230/459 7442/5230/376 7440/5230/374 
f 7232/5230/459 7233/5230/460 7443/5230/375 7442/5230/376 
f 7233/5230/460 7230/5230/458 7441/5230/373 7443/5230/375 
f 7236/5230/459 7235/5230/460 7444/5230/375 7445/5230/376 
f 7235/5230/460 7238/5230/458 7446/5230/373 7444/5230/375 
f 7238/5230/458 7239/5230/457 7447/5230/374 7446/5230/373 
f 7239/5230/457 7236/5230/459 7445/5230/376 7447/5230/374 
f 7242/5229/458 7241/5229/457 7448/5229/374 7449/5229/373 
f 7241/5229/457 7244/5253/459 7450/5253/376 7448/5229/374 
f 7244/5253/459 7245/5253/460 7451/5253/375 7450/5253/376 
f 7245/5253/460 7242/5229/458 7449/5229/373 7451/5253/375 
f 7248/5253/459 7247/5253/460 7452/5253/375 7453/5253/376 
f 7247/5253/460 7250/5229/458 7454/5229/373 7452/5253/375 
f 7250/5229/458 7251/5229/457 7455/5229/374 7454/5229/373 
f 7251/5229/457 7248/5253/459 7453/5253/376 7455/5229/374 
f 7456/5226/455 7457/5264/455 7458/5264/457 7459/5226/458 
f 7457/5264/455 7460/5265/455 7461/5265/459 7458/5264/457 
f 7460/5265/455 7462/5266/455 7463/5266/460 7461/5265/459 
f 7462/5266/455 7456/5226/455 7459/5226/458 7463/5266/460 
f 7464/5267/455 7465/5268/455 7466/5268/457 7467/5267/458 
f 7465/5268/455 7468/5268/455 7469/5268/459 7466/5268/457 
f 7468/5268/455 7470/5267/455 7471/5267/460 7469/5268/459 
f 7470/5267/455 7464/5267/455 7467/5267/458 7471/5267/460 
f 7472/5230/455 7473/5230/455 7474/5230/457 7475/5230/458 
f 7473/5230/455 7476/5230/455 7477/5230/459 7474/5230/457 
f 7476/5230/455 7478/5230/455 7479/5230/460 7477/5230/459 
f 7478/5230/455 7472/5230/455 7475/5230/458 7479/5230/460 
f 7480/5267/455 7481/5268/455 7482/5268/457 7483/5267/458 
f 7481/5268/455 7484/5268/455 7485/5268/459 7482/5268/457 
f 7484/5268/455 7486/5267/455 7487/5267/460 7485/5268/459 
f 7486/5267/455 7480/5267/455 7483/5267/458 7487/5267/460 
f 7488/5230/455 7489/5230/455 7490/5230/457 7491/5230/458 
f 7489/5230/455 7492/5230/455 7493/5230/459 7490/5230/457 
f 7492/5230/455 7494/5230/455 7495/5230/460 7493/5230/459 
f 7494/5230/455 7488/5230/455 7491/5230/458 7495/5230/460 
f 7496/5267/455 7497/5268/455 7498/5268/457 7499/5267/458 
f 7497/5268/455 7500/5268/455 7501/5268/459 7498/5268/457 
f 7500/5268/455 7502/5267/455 7503/5267/460 7501/5268/459 
f 7502/5267/455 7496/5267/455 7499/5267/458 7503/5267/460 
f 7504/5230/455 7505/5230/455 7506/5230/457 7507/5230/458 
f 7505/5230/455 7508/5230/455 7509/5230/459 7506/5230/457 
f 7508/5230/455 7510/5230/455 7511/5230/460 7509/5230/459 
f 7510/5230/455 7504/5230/455 7507/5230/458 7511/5230/460 
f 7512/5267/455 7513/5268/455 7514/5268/457 7515/5267/458 
f 7513/5268/455 7516/5268/455 7517/5268/459 7514/5268/457 
f 7516/5268/455 7518/5267/455 7519/5267/460 7517/5268/459 
f 7518/5267/455 7512/5267/455 7515/5267/458 7519/5267/460 
f 7520/5230/455 7521/5230/455 7522/5230/457 7523/5230/458 
f 7521/5230/455 7524/5230/455 7525/5230/459 7522/5230/457 
f 7524/5230/455 7526/5230/455 7527/5230/460 7525/5230/459 
f 7526/5230/455 7520/5230/455 7523/5230/458 7527/5230/460 
f 7528/5267/455 7529/5268/455 7530/5268/457 7531/5267/458 
f 7529/5268/455 7532/5268/455 7533/5268/459 7530/5268/457 
f 7532/5268/455 7534/5267/455 7535/5267/460 7533/5268/459 
f 7534/5267/455 7528/5267/455 7531/5267/458 7535/5267/460 
f 7536/5230/455 7537/5230/455 7538/5230/457 7539/5230/458 
f 7537/5230/455 7540/5230/455 7541/5230/459 7538/5230/457 
f 7540/5230/455 7542/5230/455 7543/5230/460 7541/5230/459 
f 7542/5230/455 7536/5230/455 7539/5230/458 7543/5230/460 
f 7544/5253/455 7545/5229/455 7546/5229/458 7547/5253/460 
f 7545/5229/455 7548/5229/455 7549/5229/457 7546/5229/458 
f 7548/5229/455 7550/5253/455 7551/5253/459 7549/5229/457 
f 7550/5253/455 7544/5253/455 7547/5253/460 7551/5253/459 
f 7552/5269/455 7553/5270/455 7554/5270/457 7555/5269/458 
f 7553/5270/455 7556/5270/455 7557/5270/459 7554/5270/457 
f 7556/5270/455 7558/5269/455 7559/5269/460 7557/5270/459 
f 7558/5269/455 7552/5269/455 7555/5269/458 7559/5269/460 
f 7560/5269/455 7561/5270/455 7562/5270/457 7563/5269/458 
f 7561/5270/455 7564/5270/455 7565/5270/459 7562/5270/457 
f 7564/5270/455 7566/5269/455 7567/5269/460 7565/5270/459 
f 7566/5269/455 7560/5269/455 7563/5269/458 7567/5269/460 
f 7568/5269/455 7569/5270/455 7570/5270/457 7571/5269/458 
f 7569/5270/455 7572/5270/455 7573/5270/459 7570/5270/457 
f 7572/5270/455 7574/5269/455 7575/5269/460 7573/5270/459 
f 7574/5269/455 7568/5269/455 7571/5269/458 7575/5269/460 
f 7576/5269/455 7577/5270/455 7578/5270/457 7579/5269/458 
f 7577/5270/455 7580/5270/455 7581/5270/459 7578/5270/457 
f 7580/5270/455 7582/5269/455 7583/5269/460 7581/5270/459 
f 7582/5269/455 7576/5269/455 7579/5269/458 7583/5269/460 
f 7584/5269/455 7585/5270/455 7586/5270/457 7587/5269/458 
f 7585/5270/455 7588/5270/455 7589/5270/459 7586/5270/457 
f 7588/5270/455 7590/5269/455 7591/5269/460 7589/5270/459 
f 7590/5269/455 7584/5269/455 7587/5269/458 7591/5269/460 
f 7592/5271/455 7593/5272/455 7594/5272/457 7595/5271/458 
f 7593/5272/455 7596/5273/455 7597/5273/459 7594/5272/457 
f 7596/5273/455 7598/5274/455 7599/5274/460 7597/5273/459 
f 7598/5274/455 7592/5271/455 7595/5271/458 7599/5274/460 
f 7600/5230/455 7601/5230/455 7602/5230/457 7603/5230/458 
f 7601/5230/455 7604/5230/455 7605/5230/459 7602/5230/457 
f 7604/5230/455 7606/5230/455 7607/5230/460 7605/5230/459 
f 7606/5230/455 7600/5230/455 7603/5230/458 7607/5230/460 
f 7608/5230/455 7609/5230/455 7610/5230/457 7611/5230/458 
f 7609/5230/455 7612/5230/455 7613/5230/459 7610/5230/457 
f 7612/5230/455 7614/5230/455 7615/5230/460 7613/5230/459 
f 7614/5230/455 7608/5230/455 7611/5230/458 7615/5230/460 
f 7616/5230/455 7617/5230/455 7618/5230/457 7619/5230/458 
f 7617/5230/455 7620/5230/455 7621/5230/459 7618/5230/457 
f 7620/5230/455 7622/5230/455 7623/5230/460 7621/5230/459 
f 7622/5230/455 7616/5230/455 7619/5230/458 7623/5230/460 
f 7624/5230/455 7625/5230/455 7626/5230/457 7627/5230/458 
f 7625/5230/455 7628/5230/455 7629/5230/459 7626/5230/457 
f 7628/5230/455 7630/5230/455 7631/5230/460 7629/5230/459 
f 7630/5230/455 7624/5230/455 7627/5230/458 7631/5230/460 
f 7632/5230/455 7633/5230/455 7634/5230/457 7635/5230/458 
f 7633/5230/455 7636/5230/455 7637/5230/459 7634/5230/457 
f 7636/5230/455 7638/5230/455 7639/5230/460 7637/5230/459 
f 7638/5230/455 7632/5230/455 7635/5230/458 7639/5230/460 
f 7640/5229/455 7641/5229/455 7642/5229/457 7643/5229/458 
f 7641/5229/455 7644/5253/455 7645/5253/459 7642/5229/457 
f 7644/5253/455 7646/5253/455 7647/5253/460 7645/5253/459 
f 7646/5253/455 7640/5229/455 7643/5229/458 7647/5253/460 
f 7457/5264/455 7648/5236/455 7649/5236/457 7650/5264/458 
f 7648/5236/455 7651/5275/455 7652/5275/459 7649/5236/457 
f 7651/5275/455 7460/5265/455 7653/5265/460 7652/5275/459 
f 7460/5265/455 7457/5264/455 7650/5264/458 7653/5265/460 
f 7465/5268/455 7654/5253/455 7655/5253/457 7656/5268/458 
f 7654/5253/455 7657/5253/455 7658/5253/459 7655/5253/457 
f 7657/5253/455 7468/5268/455 7659/5268/460 7658/5253/459 
f 7468/5268/455 7465/5268/455 7656/5268/458 7659/5268/460 
f 7473/5230/455 7660/5230/455 7661/5230/457 7662/5230/458 
f 7660/5230/455 7663/5230/455 7664/5230/459 7661/5230/457 
f 7663/5230/455 7476/5230/455 7665/5230/460 7664/5230/459 
f 7476/5230/455 7473/5230/455 7662/5230/458 7665/5230/460 
f 7481/5268/455 7666/5253/455 7667/5253/457 7668/5268/458 
f 7666/5253/455 7669/5253/455 7670/5253/459 7667/5253/457 
f 7669/5253/455 7484/5268/455 7671/5268/460 7670/5253/459 
f 7484/5268/455 7481/5268/455 7668/5268/458 7671/5268/460 
f 7489/5230/455 7672/5230/455 7673/5230/457 7674/5230/458 
f 7672/5230/455 7675/5230/455 7676/5230/459 7673/5230/457 
f 7675/5230/455 7492/5230/455 7677/5230/460 7676/5230/459 
f 7492/5230/455 7489/5230/455 7674/5230/458 7677/5230/460 
f 7497/5268/455 7678/5253/455 7679/5253/457 7680/5268/458 
f 7678/5253/455 7681/5253/455 7682/5253/459 7679/5253/457 
f 7681/5253/455 7500/5268/455 7683/5268/460 7682/5253/459 
f 7500/5268/455 7497/5268/455 7680/5268/458 7683/5268/460 
f 7505/5230/455 7684/5230/455 7685/5230/457 7686/5230/458 
f 7684/5230/455 7687/5230/455 7688/5230/459 7685/5230/457 
f 7687/5230/455 7508/5230/455 7689/5230/460 7688/5230/459 
f 7508/5230/455 7505/5230/455 7686/5230/458 7689/5230/460 
f 7513/5268/455 7690/5253/455 7691/5253/457 7692/5268/458 
f 7690/5253/455 7693/5253/455 7694/5253/459 7691/5253/457 
f 7693/5253/455 7516/5268/455 7695/5268/460 7694/5253/459 
f 7516/5268/455 7513/5268/455 7692/5268/458 7695/5268/460 
f 7521/5230/455 7696/5230/455 7697/5230/457 7698/5230/458 
f 7696/5230/455 7699/5230/455 7700/5230/459 7697/5230/457 
f 7699/5230/455 7524/5230/455 7701/5230/460 7700/5230/459 
f 7524/5230/455 7521/5230/455 7698/5230/458 7701/5230/460 
f 7529/5268/455 7702/5253/455 7703/5253/457 7704/5268/458 
f 7702/5253/455 7705/5253/455 7706/5253/459 7703/5253/457 
f 7705/5253/455 7532/5268/455 7707/5268/460 7706/5253/459 
f 7532/5268/455 7529/5268/455 7704/5268/458 7707/5268/460 
f 7537/5230/455 7708/5230/455 7709/5230/457 7710/5230/458 
f 7708/5230/455 7711/5230/455 7712/5230/459 7709/5230/457 
f 7711/5230/455 7540/5230/455 7713/5230/460 7712/5230/459 
f 7540/5230/455 7537/5230/455 7710/5230/458 7713/5230/460 
f 7548/5229/455 7714/5229/455 7715/5229/457 7716/5229/458 
f 7714/5229/455 7717/5253/455 7718/5253/459 7715/5229/457 
f 7717/5253/455 7550/5253/455 7719/5253/460 7718/5253/459 
f 7550/5253/455 7548/5229/455 7716/5229/458 7719/5253/460 
f 7553/5270/455 7720/5276/455 7721/5276/457 7722/5270/458 
f 7720/5276/455 7723/5276/455 7724/5276/459 7721/5276/457 
f 7723/5276/455 7556/5270/455 7725/5270/460 7724/5276/459 
f 7556/5270/455 7553/5270/455 7722/5270/458 7725/5270/460 
f 7561/5270/455 7726/5276/455 7727/5276/457 7728/5270/458 
f 7726/5276/455 7729/5276/455 7730/5276/459 7727/5276/457 
f 7729/5276/455 7564/5270/455 7731/5270/460 7730/5276/459 
f 7564/5270/455 7561/5270/455 7728/5270/458 7731/5270/460 
f 7569/5270/455 7732/5276/455 7733/5276/457 7734/5270/458 
f 7732/5276/455 7735/5276/455 7736/5276/459 7733/5276/457 
f 7735/5276/455 7572/5270/455 7737/5270/460 7736/5276/459 
f 7572/5270/455 7569/5270/455 7734/5270/458 7737/5270/460 
f 7577/5270/455 7738/5276/455 7739/5276/457 7740/5270/458 
f 7738/5276/455 7741/5276/455 7742/5276/459 7739/5276/457 
f 7741/5276/455 7580/5270/455 7743/5270/460 7742/5276/459 
f 7580/5270/455 7577/5270/455 7740/5270/458 7743/5270/460 
f 7585/5270/455 7744/5276/455 7745/5276/457 7746/5270/458 
f 7744/5276/455 7747/5276/455 7748/5276/459 7745/5276/457 
f 7747/5276/455 7588/5270/455 7749/5270/460 7748/5276/459 
f 7588/5270/455 7585/5270/455 7746/5270/458 7749/5270/460 
f 7593/5272/455 7750/5277/455 7751/5277/457 7752/5272/458 
f 7750/5277/455 7753/5278/455 7754/5278/459 7751/5277/457 
f 7753/5278/455 7596/5273/455 7755/5273/460 7754/5278/459 
f 7596/5273/455 7593/5272/455 7752/5272/458 7755/5273/460 
f 7601/5230/455 7756/5230/455 7757/5230/457 7758/5230/458 
f 7756/5230/455 7759/5230/455 7760/5230/459 7757/5230/457 
f 7759/5230/455 7604/5230/455 7761/5230/460 7760/5230/459 
f 7604/5230/455 7601/5230/455 7758/5230/458 7761/5230/460 
f 7609/5230/455 7762/5230/455 7763/5230/457 7764/5230/458 
f 7762/5230/455 7765/5230/455 7766/5230/459 7763/5230/457 
f 7765/5230/455 7612/5230/455 7767/5230/460 7766/5230/459 
f 7612/5230/455 7609/5230/455 7764/5230/458 7767/5230/460 
f 7617/5230/455 7768/5230/455 7769/5230/457 7770/5230/458 
f 7768/5230/455 7771/5230/455 7772/5230/459 7769/5230/457 
f 7771/5230/455 7620/5230/455 7773/5230/460 7772/5230/459 
f 7620/5230/455 7617/5230/455 7770/5230/458 7773/5230/460 
f 7625/5230/455 7774/5230/455 7775/5230/457 7776/5230/458 
f 7774/5230/455 7777/5230/455 7778/5230/459 7775/5230/457 
f 7777/5230/455 7628/5230/455 7779/5230/460 7778/5230/459 
f 7628/5230/455 7625/5230/455 7776/5230/458 7779/5230/460 
f 7633/5230/455 7780/5230/455 7781/5230/457 7782/5230/458 
f 7780/5230/455 7783/5230/455 7784/5230/459 7781/5230/457 
f 7783/5230/455 7636/5230/455 7785/5230/460 7784/5230/459 
f 7636/5230/455 7633/5230/455 7782/5230/458 7785/5230/460 
f 7641/5229/455 7786/5229/455 7787/5229/457 7788/5229/458 
f 7786/5229/455 7789/5253/455 7790/5253/459 7787/5229/457 
f 7789/5253/455 7644/5253/455 7791/5253/460 7790/5253/459 
f 7644/5253/455 7641/5229/455 7788/5229/458 7791/5253/460 
f 7459/5226/458 7458/5264/457 7792/5264/374 7793/5226/373 
f 7458/5264/457 7461/5265/459 7794/5265/376 7792/5264/374 
f 7461/5265/459 7463/5266/460 7795/5266/375 7794/5265/376 
f 7463/5266/460 7459/5226/458 7793/5226/373 7795/5266/375 
f 7467/5267/458 7466/5268/457 7796/5268/374 7797/5267/373 
f 7466/5268/457 7469/5268/459 7798/5268/376 7796/5268/374 
f 7469/5268/459 7471/5267/460 7799/5267/375 7798/5268/376 
f 7471/5267/460 7467/5267/458 7797/5267/373 7799/5267/375 
f 7475/5230/458 7474/5230/457 7800/5230/374 7801/5230/373 
f 7474/5230/457 7477/5230/459 7802/5230/376 7800/5230/374 
f 7477/5230/459 7479/5230/460 7803/5230/375 7802/5230/376 
f 7479/5230/460 7475/5230/458 7801/5230/373 7803/5230/375 
f 7483/5267/458 7482/5268/457 7804/5268/374 7805/5267/373 
f 7482/5268/457 7485/5268/459 7806/5268/376 7804/5268/374 
f 7485/5268/459 7487/5267/460 7807/5267/375 7806/5268/376 
f 7487/5267/460 7483/5267/458 7805/5267/373 7807/5267/375 
f 7491/5230/458 7490/5230/457 7808/5230/374 7809/5230/373 
f 7490/5230/457 7493/5230/459 7810/5230/376 7808/5230/374 
f 7493/5230/459 7495/5230/460 7811/5230/375 7810/5230/376 
f 7495/5230/460 7491/5230/458 7809/5230/373 7811/5230/375 
f 7499/5267/458 7498/5268/457 7812/5268/374 7813/5267/373 
f 7498/5268/457 7501/5268/459 7814/5268/376 7812/5268/374 
f 7501/5268/459 7503/5267/460 7815/5267/375 7814/5268/376 
f 7503/5267/460 7499/5267/458 7813/5267/373 7815/5267/375 
f 7507/5230/458 7506/5230/457 7816/5230/374 7817/5230/373 
f 7506/5230/457 7509/5230/459 7818/5230/376 7816/5230/374 
f 7509/5230/459 7511/5230/460 7819/5230/375 7818/5230/376 
f 7511/5230/460 7507/5230/458 7817/5230/373 7819/5230/375 
f 7515/5267/458 7514/5268/457 7820/5268/374 7821/5267/373 
f 7514/5268/457 7517/5268/459 7822/5268/376 7820/5268/374 
f 7517/5268/459 7519/5267/460 7823/5267/375 7822/5268/376 
f 7519/5267/460 7515/5267/458 7821/5267/373 7823/5267/375 
f 7523/5230/458 7522/5230/457 7824/5230/374 7825/5230/373 
f 7522/5230/457 7525/5230/459 7826/5230/376 7824/5230/374 
f 7525/5230/459 7527/5230/460 7827/5230/375 7826/5230/376 
f 7527/5230/460 7523/5230/458 7825/5230/373 7827/5230/375 
f 7531/5267/458 7530/5268/457 7828/5268/374 7829/5267/373 
f 7530/5268/457 7533/5268/459 7830/5268/376 7828/5268/374 
f 7533/5268/459 7535/5267/460 7831/5267/375 7830/5268/376 
f 7535/5267/460 7531/5267/458 7829/5267/373 7831/5267/375 
f 7539/5230/458 7538/5230/457 7832/5230/374 7833/5230/373 
f 7538/5230/457 7541/5230/459 7834/5230/376 7832/5230/374 
f 7541/5230/459 7543/5230/460 7835/5230/375 7834/5230/376 
f 7543/5230/460 7539/5230/458 7833/5230/373 7835/5230/375 
f 7547/5253/460 7546/5229/458 7836/5229/373 7837/5253/375 
f 7546/5229/458 7549/5229/457 7838/5229/374 7836/5229/373 
f 7549/5229/457 7551/5253/459 7839/5253/376 7838/5229/374 
f 7551/5253/459 7547/5253/460 7837/5253/375 7839/5253/376 
f 7555/5269/458 7554/5270/457 7840/5270/374 7841/5269/373 
f 7554/5270/457 7557/5270/459 7842/5270/376 7840/5270/374 
f 7557/5270/459 7559/5269/460 7843/5269/375 7842/5270/376 
f 7559/5269/460 7555/5269/458 7841/5269/373 7843/5269/375 
f 7563/5269/458 7562/5270/457 7844/5270/374 7845/5269/373 
f 7562/5270/457 7565/5270/459 7846/5270/376 7844/5270/374 
f 7565/5270/459 7567/5269/460 7847/5269/375 7846/5270/376 
f 7567/5269/460 7563/5269/458 7845/5269/373 7847/5269/375 
f 7571/5269/458 7570/5270/457 7848/5270/374 7849/5269/373 
f 7570/5270/457 7573/5270/459 7850/5270/376 7848/5270/374 
f 7573/5270/459 7575/5269/460 7851/5269/375 7850/5270/376 
f 7575/5269/460 7571/5269/458 7849/5269/373 7851/5269/375 
f 7579/5269/458 7578/5270/457 7852/5270/374 7853/5269/373 
f 7578/5270/457 7581/5270/459 7854/5270/376 7852/5270/374 
f 7581/5270/459 7583/5269/460 7855/5269/375 7854/5270/376 
f 7583/5269/460 7579/5269/458 7853/5269/373 7855/5269/375 
f 7587/5269/458 7586/5270/457 7856/5270/374 7857/5269/373 
f 7586/5270/457 7589/5270/459 7858/5270/376 7856/5270/374 
f 7589/5270/459 7591/5269/460 7859/5269/375 7858/5270/376 
f 7591/5269/460 7587/5269/458 7857/5269/373 7859/5269/375 
f 7595/5271/458 7594/5272/457 7860/5272/374 7861/5271/373 
f 7594/5272/457 7597/5273/459 7862/5273/376 7860/5272/374 
f 7597/5273/459 7599/5274/460 7863/5274/375 7862/5273/376 
f 7599/5274/460 7595/5271/458 7861/5271/373 7863/5274/375 
f 7603/5230/458 7602/5230/457 7864/5230/374 7865/5230/373 
f 7602/5230/457 7605/5230/459 7866/5230/376 7864/5230/374 
f 7605/5230/459 7607/5230/460 7867/5230/375 7866/5230/376 
f 7607/5230/460 7603/5230/458 7865/5230/373 7867/5230/375 
f 7611/5230/458 7610/5230/457 7868/5230/374 7869/5230/373 
f 7610/5230/457 7613/5230/459 7870/5230/376 7868/5230/374 
f 7613/5230/459 7615/5230/460 7871/5230/375 7870/5230/376 
f 7615/5230/460 7611/5230/458 7869/5230/373 7871/5230/375 
f 7619/5230/458 7618/5230/457 7872/5230/374 7873/5230/373 
f 7618/5230/457 7621/5230/459 7874/5230/376 7872/5230/374 
f 7621/5230/459 7623/5230/460 7875/5230/375 7874/5230/376 
f 7623/5230/460 7619/5230/458 7873/5230/373 7875/5230/375 
f 7627/5230/458 7626/5230/457 7876/5230/374 7877/5230/373 
f 7626/5230/457 7629/5230/459 7878/5230/376 7876/5230/374 
f 7629/5230/459 7631/5230/460 7879/5230/375 7878/5230/376 
f 7631/5230/460 7627/5230/458 7877/5230/373 7879/5230/375 
f 7635/5230/458 7634/5230/457 7880/5230/374 7881/5230/373 
f 7634/5230/457 7637/5230/459 7882/5230/376 7880/5230/374 
f 7637/5230/459 7639/5230/460 7883/5230/375 7882/5230/376 
f 7639/5230/460 7635/5230/458 7881/5230/373 7883/5230/375 
f 7643/5229/458 7642/5229/457 7884/5229/374 7885/5229/373 
f 7642/5229/457 7645/5253/459 7886/5253/376 7884/5229/374 
f 7645/5253/459 7647/5253/460 7887/5253/375 7886/5253/376 
f 7647/5253/460 7643/5229/458 7885/5229/373 7887/5253/375 
f 7650/5264/458 7649/5236/457 7888/5236/374 7889/5264/373 
f 7649/5236/457 7652/5275/459 7890/5275/376 7888/5236/374 
f 7652/5275/459 7653/5265/460 7891/5265/375 7890/5275/376 
f 7653/5265/460 7650/5264/458 7889/5264/373 7891/5265/375 
f 7656/5268/458 7655/5253/457 7892/5253/374 7893/5268/373 
f 7655/5253/457 7658/5253/459 7894/5253/376 7892/5253/374 
f 7658/5253/459 7659/5268/460 7895/5268/375 7894/5253/376 
f 7659/5268/460 7656/5268/458 7893/5268/373 7895/5268/375 
f 7662/5230/458 7661/5230/457 7896/5230/374 7897/5230/373 
f 7661/5230/457 7664/5230/459 7898/5230/376 7896/5230/374 
f 7664/5230/459 7665/5230/460 7899/5230/375 7898/5230/376 
f 7665/5230/460 7662/5230/458 7897/5230/373 7899/5230/375 
f 7668/5268/458 7667/5253/457 7900/5253/374 7901/5268/373 
f 7667/5253/457 7670/5253/459 7902/5253/376 7900/5253/374 
f 7670/5253/459 7671/5268/460 7903/5268/375 7902/5253/376 
f 7671/5268/460 7668/5268/458 7901/5268/373 7903/5268/375 
f 7674/5230/458 7673/5230/457 7904/5230/374 7905/5230/373 
f 7673/5230/457 7676/5230/459 7906/5230/376 7904/5230/374 
f 7676/5230/459 7677/5230/460 7907/5230/375 7906/5230/376 
f 7677/5230/460 7674/5230/458 7905/5230/373 7907/5230/375 
f 7680/5268/458 7679/5253/457 7908/5253/374 7909/5268/373 
f 7679/5253/457 7682/5253/459 7910/5253/376 7908/5253/374 
f 7682/5253/459 7683/5268/460 7911/5268/375 7910/5253/376 
f 7683/5268/460 7680/5268/458 7909/5268/373 7911/5268/375 
f 7686/5230/458 7685/5230/457 7912/5230/374 7913/5230/373 
f 7685/5230/457 7688/5230/459 7914/5230/376 7912/5230/374 
f 7688/5230/459 7689/5230/460 7915/5230/375 7914/5230/376 
f 7689/5230/460 7686/5230/458 7913/5230/373 7915/5230/375 
f 7692/5268/458 7691/5253/457 7916/5253/374 7917/5268/373 
f 7691/5253/457 7694/5253/459 7918/5253/376 7916/5253/374 
f 7694/5253/459 7695/5268/460 7919/5268/375 7918/5253/376 
f 7695/5268/460 7692/5268/458 7917/5268/373 7919/5268/375 
f 7698/5230/458 7697/5230/457 7920/5230/374 7921/5230/373 
f 7697/5230/457 7700/5230/459 7922/5230/376 7920/5230/374 
f 7700/5230/459 7701/5230/460 7923/5230/375 7922/5230/376 
f 7701/5230/460 7698/5230/458 7921/5230/373 7923/5230/375 
f 7704/5268/458 7703/5253/457 7924/5253/374 7925/5268/373 
f 7703/5253/457 7706/5253/459 7926/5253/376 7924/5253/374 
f 7706/5253/459 7707/5268/460 7927/5268/375 7926/5253/376 
f 7707/5268/460 7704/5268/458 7925/5268/373 7927/5268/375 
f 7710/5230/458 7709/5230/457 7928/5230/374 7929/5230/373 
f 7709/5230/457 7712/5230/459 7930/5230/376 7928/5230/374 
f 7712/5230/459 7713/5230/460 7931/5230/375 7930/5230/376 
f 7713/5230/460 7710/5230/458 7929/5230/373 7931/5230/375 
f 7716/5229/458 7715/5229/457 7932/5229/374 7933/5229/373 
f 7715/5229/457 7718/5253/459 7934/5253/376 7932/5229/374 
f 7718/5253/459 7719/5253/460 7935/5253/375 7934/5253/376 
f 7719/5253/460 7716/5229/458 7933/5229/373 7935/5253/375 
f 7722/5270/458 7721/5276/457 7936/5276/374 7937/5270/373 
f 7721/5276/457 7724/5276/459 7938/5276/376 7936/5276/374 
f 7724/5276/459 7725/5270/460 7939/5270/375 7938/5276/376 
f 7725/5270/460 7722/5270/458 7937/5270/373 7939/5270/375 
f 7728/5270/458 7727/5276/457 7940/5276/374 7941/5270/373 
f 7727/5276/457 7730/5276/459 7942/5276/376 7940/5276/374 
f 7730/5276/459 7731/5270/460 7943/5270/375 7942/5276/376 
f 7731/5270/460 7728/5270/458 7941/5270/373 7943/5270/375 
f 7734/5270/458 7733/5276/457 7944/5276/374 7945/5270/373 
f 7733/5276/457 7736/5276/459 7946/5276/376 7944/5276/374 
f 7736/5276/459 7737/5270/460 7947/5270/375 7946/5276/376 
f 7737/5270/460 7734/5270/458 7945/5270/373 7947/5270/375 
f 7740/5270/458 7739/5276/457 7948/5276/374 7949/5270/373 
f 7739/5276/457 7742/5276/459 7950/5276/376 7948/5276/374 
f 7742/5276/459 7743/5270/460 7951/5270/375 7950/5276/376 
f 7743/5270/460 7740/5270/458 7949/5270/373 7951/5270/375 
f 7746/5270/458 7745/5276/457 7952/5276/374 7953/5270/373 
f 7745/5276/457 7748/5276/459 7954/5276/376 7952/5276/374 
f 7748/5276/459 7749/5270/460 7955/5270/375 7954/5276/376 
f 7749/5270/460 7746/5270/458 7953/5270/373 7955/5270/375 
f 7752/5272/458 7751/5277/457 7956/5277/374 7957/5272/373 
f 7751/5277/457 7754/5278/459 7958/5278/376 7956/5277/374 
f 7754/5278/459 7755/5273/460 7959/5273/375 7958/5278/376 
f 7755/5273/460 7752/5272/458 7957/5272/373 7959/5273/375 
f 7758/5230/458 7757/5230/457 7960/5230/374 7961/5230/373 
f 7757/5230/457 7760/5230/459 7962/5230/376 7960/5230/374 
f 7760/5230/459 7761/5230/460 7963/5230/375 7962/5230/376 
f 7761/5230/460 7758/5230/458 7961/5230/373 7963/5230/375 
f 7764/5230/458 7763/5230/457 7964/5230/374 7965/5230/373 
f 7763/5230/457 7766/5230/459 7966/5230/376 7964/5230/374 
f 7766/5230/459 7767/5230/460 7967/5230/375 7966/5230/376 
f 7767/5230/460 7764/5230/458 7965/5230/373 7967/5230/375 
f 7770/5230/458 7769/5230/457 7968/5230/374 7969/5230/373 
f 7769/5230/457 7772/5230/459 7970/5230/376 7968/5230/374 
f 7772/5230/459 7773/5230/460 7971/5230/375 7970/5230/376 
f 7773/5230/460 7770/5230/458 7969/5230/373 7971/5230/375 
f 7776/5230/458 7775/5230/457 7972/5230/374 7973/5230/373 
f 7775/5230/457 7778/5230/459 7974/5230/376 7972/5230/374 
f 7778/5230/459 7779/5230/460 7975/5230/375 7974/5230/376 
f 7779/5230/460 7776/5230/458 7973/5230/373 7975/5230/375 
f 7782/5230/458 7781/5230/457 7976/5230/374 7977/5230/373 
f 7781/5230/457 7784/5230/459 7978/5230/376 7976/5230/374 
f 7784/5230/459 7785/5230/460 7979/5230/375 7978/5230/376 
f 7785/5230/460 7782/5230/458 7977/5230/373 7979/5230/375 
f 7788/5229/458 7787/5229/457 7980/5229/374 7981/5229/373 
f 7787/5229/457 7790/5253/459 7982/5253/376 7980/5229/374 
f 7790/5253/459 7791/5253/460 7983/5253/375 7982/5253/376 
f 7791/5253/460 7788/5229/458 7981/5229/373 7983/5253/375 
f 7984/5253/455 7985/5253/455 7986/5253/457 7987/5253/458 
f 7985/5253/455 7988/5230/455 7989/5230/459 7986/5253/457 
f 7988/5230/455 7990/5230/455 7991/5230/460 7989/5230/459 
f 7990/5230/455 7984/5253/455 7987/5253/458 7991/5230/460 
f 7992/5253/455 7993/5253/455 7994/5253/457 7995/5253/458 
f 7993/5253/455 7996/5230/455 7997/5230/459 7994/5253/457 
f 7996/5230/455 7998/5230/455 7999/5230/460 7997/5230/459 
f 7998/5230/455 7992/5253/455 7995/5253/458 7999/5230/460 
f 7990/5279/455 7988/5280/455 8000/5280/457 8001/5279/458 
f 7988/5280/455 8002/5280/455 8003/5280/459 8000/5280/457 
f 8002/5280/455 8004/5279/455 8005/5279/460 8003/5280/459 
f 8004/5279/455 7990/5279/455 8001/5279/458 8005/5279/460 
f 7998/5281/455 7996/5282/455 8006/5282/457 8007/5281/458 
f 7996/5282/455 8008/5282/455 8009/5282/459 8006/5282/457 
f 8008/5282/455 8010/5281/455 8011/5281/460 8009/5282/459 
f 8010/5281/455 7998/5281/455 8007/5281/458 8011/5281/460 
f 8012/5279/455 8013/5280/455 8014/5280/457 8015/5279/458 
f 8013/5280/455 8016/5280/455 8017/5280/459 8014/5280/457 
f 8016/5280/455 8018/5279/455 8019/5279/460 8017/5280/459 
f 8018/5279/455 8012/5279/455 8015/5279/458 8019/5279/460 
f 8020/5281/455 8021/5282/455 8022/5282/457 8023/5281/458 
f 8021/5282/455 8024/5282/455 8025/5282/459 8022/5282/457 
f 8024/5282/455 8026/5281/455 8027/5281/460 8025/5282/459 
f 8026/5281/455 8020/5281/455 8023/5281/458 8027/5281/460 
f 8028/5279/455 8029/5280/455 8030/5280/457 8031/5279/458 
f 8029/5280/455 8032/5280/455 8033/5280/459 8030/5280/457 
f 8032/5280/455 8034/5279/455 8035/5279/460 8033/5280/459 
f 8034/5279/455 8028/5279/455 8031/5279/458 8035/5279/460 
f 8036/5281/455 8037/5282/455 8038/5282/457 8039/5281/458 
f 8037/5282/455 8040/5282/455 8041/5282/459 8038/5282/457 
f 8040/5282/455 8042/5281/455 8043/5281/460 8041/5282/459 
f 8042/5281/455 8036/5281/455 8039/5281/458 8043/5281/460 
f 8044/5279/455 8045/5280/455 8046/5280/457 8047/5279/458 
f 8045/5280/455 8048/5280/455 8049/5280/459 8046/5280/457 
f 8048/5280/455 8050/5279/455 8051/5279/460 8049/5280/459 
f 8050/5279/455 8044/5279/455 8047/5279/458 8051/5279/460 
f 8052/5281/455 8053/5282/455 8054/5282/457 8055/5281/458 
f 8053/5282/455 8056/5282/455 8057/5282/459 8054/5282/457 
f 8056/5282/455 8058/5281/455 8059/5281/460 8057/5282/459 
f 8058/5281/455 8052/5281/455 8055/5281/458 8059/5281/460 
f 8060/5279/455 8061/5280/455 8062/5280/457 8063/5279/458 
f 8061/5280/455 8064/5280/455 8065/5280/459 8062/5280/457 
f 8064/5280/455 8066/5279/455 8067/5279/460 8065/5280/459 
f 8066/5279/455 8060/5279/455 8063/5279/458 8067/5279/460 
f 8068/5281/455 8069/5282/455 8070/5282/457 8071/5281/458 
f 8069/5282/455 8072/5282/455 8073/5282/459 8070/5282/457 
f 8072/5282/455 8074/5281/455 8075/5281/460 8073/5282/459 
f 8074/5281/455 8068/5281/455 8071/5281/458 8075/5281/460 
f 8076/5229/455 8077/5229/455 8078/5229/457 8079/5229/458 
f 8077/5229/455 7985/5253/455 8080/5253/459 8078/5229/457 
f 7985/5253/455 7984/5253/455 8081/5253/460 8080/5253/459 
f 7984/5253/455 8076/5229/455 8079/5229/458 8081/5253/460 
f 8082/5229/455 8083/5229/455 8084/5229/457 8085/5229/458 
f 8083/5229/455 7993/5253/455 8086/5253/459 8084/5229/457 
f 7993/5253/455 7992/5253/455 8087/5253/460 8086/5253/459 
f 7992/5253/455 8082/5229/455 8085/5229/458 8087/5253/460 
f 8013/5280/455 8012/5279/455 8088/5279/460 8089/5280/459 
f 8012/5279/455 8004/5279/455 8090/5279/458 8088/5279/460 
f 8004/5279/455 8002/5280/455 8091/5280/457 8090/5279/458 
f 8002/5280/455 8013/5280/455 8089/5280/459 8091/5280/457 
f 8021/5282/455 8020/5281/455 8092/5281/460 8093/5282/459 
f 8020/5281/455 8010/5281/455 8094/5281/458 8092/5281/460 
f 8010/5281/455 8008/5282/455 8095/5282/457 8094/5281/458 
f 8008/5282/455 8021/5282/455 8093/5282/459 8095/5282/457 
f 8029/5280/455 8028/5279/455 8096/5279/460 8097/5280/459 
f 8028/5279/455 8018/5279/455 8098/5279/458 8096/5279/460 
f 8018/5279/455 8016/5280/455 8099/5280/457 8098/5279/458 
f 8016/5280/455 8029/5280/455 8097/5280/459 8099/5280/457 
f 8037/5282/455 8036/5281/455 8100/5281/460 8101/5282/459 
f 8036/5281/455 8026/5281/455 8102/5281/458 8100/5281/460 
f 8026/5281/455 8024/5282/455 8103/5282/457 8102/5281/458 
f 8024/5282/455 8037/5282/455 8101/5282/459 8103/5282/457 
f 8045/5280/455 8044/5279/455 8104/5279/460 8105/5280/459 
f 8044/5279/455 8034/5279/455 8106/5279/458 8104/5279/460 
f 8034/5279/455 8032/5280/455 8107/5280/457 8106/5279/458 
f 8032/5280/455 8045/5280/455 8105/5280/459 8107/5280/457 
f 8053/5282/455 8052/5281/455 8108/5281/460 8109/5282/459 
f 8052/5281/455 8042/5281/455 8110/5281/458 8108/5281/460 
f 8042/5281/455 8040/5282/455 8111/5282/457 8110/5281/458 
f 8040/5282/455 8053/5282/455 8109/5282/459 8111/5282/457 
f 8061/5280/455 8060/5279/455 8112/5279/460 8113/5280/459 
f 8060/5279/455 8050/5279/455 8114/5279/458 8112/5279/460 
f 8050/5279/455 8048/5280/455 8115/5280/457 8114/5279/458 
f 8048/5280/455 8061/5280/455 8113/5280/459 8115/5280/457 
f 8069/5282/455 8068/5281/455 8116/5281/460 8117/5282/459 
f 8068/5281/455 8058/5281/455 8118/5281/458 8116/5281/460 
f 8058/5281/455 8056/5282/455 8119/5282/457 8118/5281/458 
f 8056/5282/455 8069/5282/455 8117/5282/459 8119/5282/457 
f 8120/5280/455 8121/5279/461 8122/5279/460 8123/5280/459 
f 8121/5279/461 8066/5279/455 8124/5279/458 8122/5279/460 
f 8066/5279/455 8064/5280/455 8125/5280/457 8124/5279/458 
f 8064/5280/455 8120/5280/455 8123/5280/459 8125/5280/457 
f 8126/5282/455 8127/5281/455 8128/5281/460 8129/5282/459 
f 8127/5281/455 8074/5281/455 8130/5281/458 8128/5281/460 
f 8074/5281/455 8072/5282/455 8131/5282/457 8130/5281/458 
f 8072/5282/455 8126/5282/455 8129/5282/459 8131/5282/457 
f 8121/5279/461 8120/5280/455 8132/5280/457 8133/5279/458 
f 8120/5280/455 8134/5280/461 8135/5280/459 8132/5280/457 
f 8134/5280/461 8136/5279/461 8137/5279/460 8135/5280/459 
f 8136/5279/461 8121/5279/461 8133/5279/458 8137/5279/460 
f 8127/5281/455 8126/5282/455 8138/5282/457 8139/5281/458 
f 8126/5282/455 8140/5282/455 8141/5282/459 8138/5282/457 
f 8140/5282/455 8142/5281/455 8143/5281/460 8141/5282/459 
f 8142/5281/455 8127/5281/455 8139/5281/458 8143/5281/460 
f 7985/5253/455 8144/5253/455 8145/5253/457 8146/5253/458 
f 8144/5253/455 8147/5230/455 8148/5230/459 8145/5253/457 
f 8147/5230/455 7988/5230/455 8149/5230/460 8148/5230/459 
f 7988/5230/455 7985/5253/455 8146/5253/458 8149/5230/460 
f 7990/5230/455 8150/5230/455 8151/5230/460 8152/5230/459 
f 8150/5230/455 8153/5253/455 8154/5253/458 8151/5230/460 
f 8153/5253/455 7984/5253/455 8155/5253/457 8154/5253/458 
f 7984/5253/455 7990/5230/455 8152/5230/459 8155/5253/457 
f 7993/5253/455 8156/5253/455 8157/5253/457 8158/5253/458 
f 8156/5253/455 8159/5230/455 8160/5230/459 8157/5253/457 
f 8159/5230/455 7996/5230/455 8161/5230/460 8160/5230/459 
f 7996/5230/455 7993/5253/455 8158/5253/458 8161/5230/460 
f 7998/5230/455 8162/5230/455 8163/5230/460 8164/5230/459 
f 8162/5230/455 8165/5253/455 8166/5253/458 8163/5230/460 
f 8165/5253/455 7992/5253/455 8167/5253/457 8166/5253/458 
f 7992/5253/455 7998/5230/455 8164/5230/459 8167/5253/457 
f 7988/5280/455 8147/5223/455 8168/5223/457 8169/5280/458 
f 8147/5223/455 8170/5223/455 8171/5223/459 8168/5223/457 
f 8170/5223/455 8002/5280/455 8172/5280/460 8171/5223/459 
f 8002/5280/455 7988/5280/455 8169/5280/458 8172/5280/460 
f 8004/5279/455 8173/5227/455 8174/5227/460 8175/5279/459 
f 8173/5227/455 8150/5227/455 8176/5227/458 8174/5227/460 
f 8150/5227/455 7990/5279/455 8177/5279/457 8176/5227/458 
f 7990/5279/455 8004/5279/455 8175/5279/459 8177/5279/457 
f 7996/5282/455 8159/5230/455 8178/5230/457 8179/5282/458 
f 8159/5230/455 8180/5230/455 8181/5230/459 8178/5230/457 
f 8180/5230/455 8008/5282/455 8182/5282/460 8181/5230/459 
f 8008/5282/455 7996/5282/455 8179/5282/458 8182/5282/460 
f 8010/5281/455 8183/5226/455 8184/5226/460 8185/5281/459 
f 8183/5226/455 8162/5226/455 8186/5226/458 8184/5226/460 
f 8162/5226/455 7998/5281/455 8187/5281/457 8186/5226/458 
f 7998/5281/455 8010/5281/455 8185/5281/459 8187/5281/457 
f 8013/5280/455 8188/5223/455 8189/5223/457 8190/5280/458 
f 8188/5223/455 8191/5223/455 8192/5223/459 8189/5223/457 
f 8191/5223/455 8016/5280/455 8193/5280/460 8192/5223/459 
f 8016/5280/455 8013/5280/455 8190/5280/458 8193/5280/460 
f 8018/5279/455 8194/5227/455 8195/5227/460 8196/5279/459 
f 8194/5227/455 8197/5227/455 8198/5227/458 8195/5227/460 
f 8197/5227/455 8012/5279/455 8199/5279/457 8198/5227/458 
f 8012/5279/455 8018/5279/455 8196/5279/459 8199/5279/457 
f 8021/5282/455 8200/5230/455 8201/5230/457 8202/5282/458 
f 8200/5230/455 8203/5230/455 8204/5230/459 8201/5230/457 
f 8203/5230/455 8024/5282/455 8205/5282/460 8204/5230/459 
f 8024/5282/455 8021/5282/455 8202/5282/458 8205/5282/460 
f 8026/5281/455 8206/5226/455 8207/5226/460 8208/5281/459 
f 8206/5226/455 8209/5226/455 8210/5226/458 8207/5226/460 
f 8209/5226/455 8020/5281/455 8211/5281/457 8210/5226/458 
f 8020/5281/455 8026/5281/455 8208/5281/459 8211/5281/457 
f 8029/5280/455 8212/5223/455 8213/5223/457 8214/5280/458 
f 8212/5223/455 8215/5223/455 8216/5223/459 8213/5223/457 
f 8215/5223/455 8032/5280/455 8217/5280/460 8216/5223/459 
f 8032/5280/455 8029/5280/455 8214/5280/458 8217/5280/460 
f 8034/5279/455 8218/5227/455 8219/5227/460 8220/5279/459 
f 8218/5227/455 8221/5227/455 8222/5227/458 8219/5227/460 
f 8221/5227/455 8028/5279/455 8223/5279/457 8222/5227/458 
f 8028/5279/455 8034/5279/455 8220/5279/459 8223/5279/457 
f 8037/5282/455 8224/5230/455 8225/5230/457 8226/5282/458 
f 8224/5230/455 8227/5230/455 8228/5230/459 8225/5230/457 
f 8227/5230/455 8040/5282/455 8229/5282/460 8228/5230/459 
f 8040/5282/455 8037/5282/455 8226/5282/458 8229/5282/460 
f 8042/5281/455 8230/5226/455 8231/5226/460 8232/5281/459 
f 8230/5226/455 8233/5226/455 8234/5226/458 8231/5226/460 
f 8233/5226/455 8036/5281/455 8235/5281/457 8234/5226/458 
f 8036/5281/455 8042/5281/455 8232/5281/459 8235/5281/457 
f 8045/5280/455 8236/5223/455 8237/5223/457 8238/5280/458 
f 8236/5223/455 8239/5223/455 8240/5223/459 8237/5223/457 
f 8239/5223/455 8048/5280/455 8241/5280/460 8240/5223/459 
f 8048/5280/455 8045/5280/455 8238/5280/458 8241/5280/460 
f 8050/5279/455 8242/5227/455 8243/5227/460 8244/5279/459 
f 8242/5227/455 8245/5227/455 8246/5227/458 8243/5227/460 
f 8245/5227/455 8044/5279/455 8247/5279/457 8246/5227/458 
f 8044/5279/455 8050/5279/455 8244/5279/459 8247/5279/457 
f 8053/5282/455 8248/5230/455 8249/5230/457 8250/5282/458 
f 8248/5230/455 8251/5230/455 8252/5230/459 8249/5230/457 
f 8251/5230/455 8056/5282/455 8253/5282/460 8252/5230/459 
f 8056/5282/455 8053/5282/455 8250/5282/458 8253/5282/460 
f 8058/5281/455 8254/5226/455 8255/5226/460 8256/5281/459 
f 8254/5226/455 8257/5226/455 8258/5226/458 8255/5226/460 
f 8257/5226/455 8052/5281/455 8259/5281/457 8258/5226/458 
f 8052/5281/455 8058/5281/455 8256/5281/459 8259/5281/457 
f 8061/5280/455 8260/5223/455 8261/5223/457 8262/5280/458 
f 8260/5223/455 8263/5223/455 8264/5223/459 8261/5223/457 
f 8263/5223/455 8064/5280/455 8265/5280/460 8264/5223/459 
f 8064/5280/455 8061/5280/455 8262/5280/458 8265/5280/460 
f 8066/5279/455 8266/5227/455 8267/5227/460 8268/5279/459 
f 8266/5227/455 8269/5227/455 8270/5227/458 8267/5227/460 
f 8269/5227/455 8060/5279/455 8271/5279/457 8270/5227/458 
f 8060/5279/455 8066/5279/455 8268/5279/459 8271/5279/457 
f 8069/5282/455 8272/5230/455 8273/5230/457 8274/5282/458 
f 8272/5230/455 8275/5230/455 8276/5230/459 8273/5230/457 
f 8275/5230/455 8072/5282/455 8277/5282/460 8276/5230/459 
f 8072/5282/455 8069/5282/455 8274/5282/458 8277/5282/460 
f 8074/5281/455 8278/5226/455 8279/5226/460 8280/5281/459 
f 8278/5226/455 8281/5226/455 8282/5226/458 8279/5226/460 
f 8281/5226/455 8068/5281/455 8283/5281/457 8282/5226/458 
f 8068/5281/455 8074/5281/455 8280/5281/459 8283/5281/457 
f 8077/5229/455 8284/5229/455 8285/5229/457 8286/5229/458 
f 8284/5229/455 8144/5253/455 8287/5253/459 8285/5229/457 
f 8144/5253/455 7985/5253/455 8288/5253/460 8287/5253/459 
f 7985/5253/455 8077/5229/455 8286/5229/458 8288/5253/460 
f 7984/5253/455 8153/5253/455 8289/5253/460 8290/5253/459 
f 8153/5253/455 8291/5229/455 8292/5229/458 8289/5253/460 
f 8291/5229/455 8076/5229/455 8293/5229/457 8292/5229/458 
f 8076/5229/455 7984/5253/455 8290/5253/459 8293/5229/457 
f 8083/5229/455 8294/5229/455 8295/5229/457 8296/5229/458 
f 8294/5229/455 8156/5253/455 8297/5253/459 8295/5229/457 
f 8156/5253/455 7993/5253/455 8298/5253/460 8297/5253/459 
f 7993/5253/455 8083/5229/455 8296/5229/458 8298/5253/460 
f 7992/5253/455 8165/5253/455 8299/5253/460 8300/5253/459 
f 8165/5253/455 8301/5229/455 8302/5229/458 8299/5253/460 
f 8301/5229/455 8082/5229/455 8303/5229/457 8302/5229/458 
f 8082/5229/455 7992/5253/455 8300/5253/459 8303/5229/457 
f 8012/5279/455 8197/5227/455 8304/5227/460 8305/5279/459 
f 8197/5227/455 8173/5227/455 8306/5227/458 8304/5227/460 
f 8173/5227/455 8004/5279/455 8307/5279/457 8306/5227/458 
f 8004/5279/455 8012/5279/455 8305/5279/459 8307/5279/457 
f 8002/5280/455 8170/5223/455 8308/5223/457 8309/5280/458 
f 8170/5223/455 8188/5223/455 8310/5223/459 8308/5223/457 
f 8188/5223/455 8013/5280/455 8311/5280/460 8310/5223/459 
f 8013/5280/455 8002/5280/455 8309/5280/458 8311/5280/460 
f 8020/5281/455 8209/5226/455 8312/5226/460 8313/5281/459 
f 8209/5226/455 8183/5226/455 8314/5226/458 8312/5226/460 
f 8183/5226/455 8010/5281/455 8315/5281/457 8314/5226/458 
f 8010/5281/455 8020/5281/455 8313/5281/459 8315/5281/457 
f 8008/5282/455 8180/5230/455 8316/5230/457 8317/5282/458 
f 8180/5230/455 8200/5230/455 8318/5230/459 8316/5230/457 
f 8200/5230/455 8021/5282/455 8319/5282/460 8318/5230/459 
f 8021/5282/455 8008/5282/455 8317/5282/458 8319/5282/460 
f 8028/5279/455 8221/5227/455 8320/5227/460 8321/5279/459 
f 8221/5227/455 8194/5227/455 8322/5227/458 8320/5227/460 
f 8194/5227/455 8018/5279/455 8323/5279/457 8322/5227/458 
f 8018/5279/455 8028/5279/455 8321/5279/459 8323/5279/457 
f 8016/5280/455 8191/5223/455 8324/5223/457 8325/5280/458 
f 8191/5223/455 8212/5223/455 8326/5223/459 8324/5223/457 
f 8212/5223/455 8029/5280/455 8327/5280/460 8326/5223/459 
f 8029/5280/455 8016/5280/455 8325/5280/458 8327/5280/460 
f 8036/5281/455 8233/5226/455 8328/5226/460 8329/5281/459 
f 8233/5226/455 8206/5226/455 8330/5226/458 8328/5226/460 
f 8206/5226/455 8026/5281/455 8331/5281/457 8330/5226/458 
f 8026/5281/455 8036/5281/455 8329/5281/459 8331/5281/457 
f 8024/5282/455 8203/5230/455 8332/5230/457 8333/5282/458 
f 8203/5230/455 8224/5230/455 8334/5230/459 8332/5230/457 
f 8224/5230/455 8037/5282/455 8335/5282/460 8334/5230/459 
f 8037/5282/455 8024/5282/455 8333/5282/458 8335/5282/460 
f 8044/5279/455 8245/5227/455 8336/5227/460 8337/5279/459 
f 8245/5227/455 8218/5227/455 8338/5227/458 8336/5227/460 
f 8218/5227/455 8034/5279/455 8339/5279/457 8338/5227/458 
f 8034/5279/455 8044/5279/455 8337/5279/459 8339/5279/457 
f 8032/5280/455 8215/5223/455 8340/5223/457 8341/5280/458 
f 8215/5223/455 8236/5223/455 8342/5223/459 8340/5223/457 
f 8236/5223/455 8045/5280/455 8343/5280/460 8342/5223/459 
f 8045/5280/455 8032/5280/455 8341/5280/458 8343/5280/460 
f 8052/5281/455 8257/5226/455 8344/5226/460 8345/5281/459 
f 8257/5226/455 8230/5226/455 8346/5226/458 8344/5226/460 
f 8230/5226/455 8042/5281/455 8347/5281/457 8346/5226/458 
f 8042/5281/455 8052/5281/455 8345/5281/459 8347/5281/457 
f 8040/5282/455 8227/5230/455 8348/5230/457 8349/5282/458 
f 8227/5230/455 8248/5230/455 8350/5230/459 8348/5230/457 
f 8248/5230/455 8053/5282/455 8351/5282/460 8350/5230/459 
f 8053/5282/455 8040/5282/455 8349/5282/458 8351/5282/460 
f 8060/5279/455 8269/5227/455 8352/5227/460 8353/5279/459 
f 8269/5227/455 8242/5227/455 8354/5227/458 8352/5227/460 
f 8242/5227/455 8050/5279/455 8355/5279/457 8354/5227/458 
f 8050/5279/455 8060/5279/455 8353/5279/459 8355/5279/457 
f 8048/5280/455 8239/5223/455 8356/5223/457 8357/5280/458 
f 8239/5223/455 8260/5223/455 8358/5223/459 8356/5223/457 
f 8260/5223/455 8061/5280/455 8359/5280/460 8358/5223/459 
f 8061/5280/455 8048/5280/455 8357/5280/458 8359/5280/460 
f 8068/5281/455 8281/5226/455 8360/5226/460 8361/5281/459 
f 8281/5226/455 8254/5226/455 8362/5226/458 8360/5226/460 
f 8254/5226/455 8058/5281/455 8363/5281/457 8362/5226/458 
f 8058/5281/455 8068/5281/455 8361/5281/459 8363/5281/457 
f 8056/5282/455 8251/5230/455 8364/5230/457 8365/5282/458 
f 8251/5230/455 8272/5230/455 8366/5230/459 8364/5230/457 
f 8272/5230/455 8069/5282/455 8367/5282/460 8366/5230/459 
f 8069/5282/455 8056/5282/455 8365/5282/458 8367/5282/460 
f 8121/5279/461 8368/5227/455 8369/5227/460 8370/5279/459 
f 8368/5227/455 8266/5227/455 8371/5227/458 8369/5227/460 
f 8266/5227/455 8066/5279/455 8372/5279/457 8371/5227/458 
f 8066/5279/455 8121/5279/461 8370/5279/459 8372/5279/457 
f 8064/5280/455 8263/5223/455 8373/5223/457 8374/5280/458 
f 8263/5223/455 8375/5223/461 8376/5223/459 8373/5223/457 
f 8375/5223/461 8120/5280/455 8377/5280/460 8376/5223/459 
f 8120/5280/455 8064/5280/455 8374/5280/458 8377/5280/460 
f 8127/5281/455 8378/5226/455 8379/5226/460 8380/5281/459 
f 8378/5226/455 8278/5226/455 8381/5226/458 8379/5226/460 
f 8278/5226/455 8074/5281/455 8382/5281/457 8381/5226/458 
f 8074/5281/455 8127/5281/455 8380/5281/459 8382/5281/457 
f 8072/5282/455 8275/5230/455 8383/5230/457 8384/5282/458 
f 8275/5230/455 8385/5230/461 8386/5230/459 8383/5230/457 
f 8385/5230/461 8126/5282/455 8387/5282/460 8386/5230/459 
f 8126/5282/455 8072/5282/455 8384/5282/458 8387/5282/460 
f 8120/5280/455 8375/5223/461 8388/5223/457 8389/5280/458 
f 8375/5223/461 8390/5223/455 8391/5223/459 8388/5223/457 
f 8390/5223/455 8134/5280/461 8392/5280/460 8391/5223/459 
f 8134/5280/461 8120/5280/455 8389/5280/458 8392/5280/460 
f 8136/5279/461 8393/5227/461 8394/5227/460 8395/5279/459 
f 8393/5227/461 8368/5227/455 8396/5227/458 8394/5227/460 
f 8368/5227/455 8121/5279/461 8397/5279/457 8396/5227/458 
f 8121/5279/461 8136/5279/461 8395/5279/459 8397/5279/457 
f 8126/5282/455 8385/5230/461 8398/5230/457 8399/5282/458 
f 8385/5230/461 8400/5230/455 8401/5230/459 8398/5230/457 
f 8400/5230/455 8140/5282/455 8402/5282/460 8401/5230/459 
f 8140/5282/455 8126/5282/455 8399/5282/458 8402/5282/460 
f 8142/5281/455 8403/5226/461 8404/5226/460 8405/5281/459 
f 8403/5226/461 8378/5226/455 8406/5226/458 8404/5226/460 
f 8378/5226/455 8127/5281/455 8407/5281/457 8406/5226/458 
f 8127/5281/455 8142/5281/455 8405/5281/459 8407/5281/457 
f 7987/5253/458 7986/5253/457 8408/5253/374 8409/5253/373 
f 7986/5253/457 7989/5230/459 8410/5230/376 8408/5253/374 
f 7989/5230/459 7991/5230/460 8411/5230/375 8410/5230/376 
f 7991/5230/460 7987/5253/458 8409/5253/373 8411/5230/375 
f 7995/5253/458 7994/5253/457 8412/5253/374 8413/5253/373 
f 7994/5253/457 7997/5230/459 8414/5230/376 8412/5253/374 
f 7997/5230/459 7999/5230/460 8415/5230/375 8414/5230/376 
f 7999/5230/460 7995/5253/458 8413/5253/373 8415/5230/375 
f 8001/5279/458 8000/5280/457 8416/5280/374 8417/5279/373 
f 8000/5280/457 8003/5280/459 8418/5280/376 8416/5280/374 
f 8003/5280/459 8005/5279/460 8419/5279/375 8418/5280/376 
f 8005/5279/460 8001/5279/458 8417/5279/373 8419/5279/375 
f 8007/5281/458 8006/5282/457 8420/5282/374 8421/5281/373 
f 8006/5282/457 8009/5282/459 8422/5282/376 8420/5282/374 
f 8009/5282/459 8011/5281/460 8423/5281/375 8422/5282/376 
f 8011/5281/460 8007/5281/458 8421/5281/373 8423/5281/375 
f 8015/5279/458 8014/5280/457 8424/5280/374 8425/5279/373 
f 8014/5280/457 8017/5280/459 8426/5280/376 8424/5280/374 
f 8017/5280/459 8019/5279/460 8427/5279/375 8426/5280/376 
f 8019/5279/460 8015/5279/458 8425/5279/373 8427/5279/375 
f 8023/5281/458 8022/5282/457 8428/5282/374 8429/5281/373 
f 8022/5282/457 8025/5282/459 8430/5282/376 8428/5282/374 
f 8025/5282/459 8027/5281/460 8431/5281/375 8430/5282/376 
f 8027/5281/460 8023/5281/458 8429/5281/373 8431/5281/375 
f 8031/5279/458 8030/5280/457 8432/5280/374 8433/5279/373 
f 8030/5280/457 8033/5280/459 8434/5280/376 8432/5280/374 
f 8033/5280/459 8035/5279/460 8435/5279/375 8434/5280/376 
f 8035/5279/460 8031/5279/458 8433/5279/373 8435/5279/375 
f 8039/5281/458 8038/5282/457 8436/5282/374 8437/5281/373 
f 8038/5282/457 8041/5282/459 8438/5282/376 8436/5282/374 
f 8041/5282/459 8043/5281/460 8439/5281/375 8438/5282/376 
f 8043/5281/460 8039/5281/458 8437/5281/373 8439/5281/375 
f 8047/5279/458 8046/5280/457 8440/5280/374 8441/5279/373 
f 8046/5280/457 8049/5280/459 8442/5280/376 8440/5280/374 
f 8049/5280/459 8051/5279/460 8443/5279/375 8442/5280/376 
f 8051/5279/460 8047/5279/458 8441/5279/373 8443/5279/375 
f 8055/5281/458 8054/5282/457 8444/5282/374 8445/5281/373 
f 8054/5282/457 8057/5282/459 8446/5282/376 8444/5282/374 
f 8057/5282/459 8059/5281/460 8447/5281/375 8446/5282/376 
f 8059/5281/460 8055/5281/458 8445/5281/373 8447/5281/375 
f 8063/5279/458 8062/5280/457 8448/5280/374 8449/5279/373 
f 8062/5280/457 8065/5280/459 8450/5280/376 8448/5280/374 
f 8065/5280/459 8067/5279/460 8451/5279/375 8450/5280/376 
f 8067/5279/460 8063/5279/458 8449/5279/373 8451/5279/375 
f 8071/5281/458 8070/5282/457 8452/5282/374 8453/5281/373 
f 8070/5282/457 8073/5282/459 8454/5282/376 8452/5282/374 
f 8073/5282/459 8075/5281/460 8455/5281/375 8454/5282/376 
f 8075/5281/460 8071/5281/458 8453/5281/373 8455/5281/375 
f 8079/5229/458 8078/5229/457 8456/5229/374 8457/5229/373 
f 8078/5229/457 8080/5253/459 8458/5253/376 8456/5229/374 
f 8080/5253/459 8081/5253/460 8459/5253/375 8458/5253/376 
f 8081/5253/460 8079/5229/458 8457/5229/373 8459/5253/375 
f 8085/5229/458 8084/5229/457 8460/5229/374 8461/5229/373 
f 8084/5229/457 8086/5253/459 8462/5253/376 8460/5229/374 
f 8086/5253/459 8087/5253/460 8463/5253/375 8462/5253/376 
f 8087/5253/460 8085/5229/458 8461/5229/373 8463/5253/375 
f 8089/5280/459 8088/5279/460 8464/5279/375 8465/5280/376 
f 8088/5279/460 8090/5279/458 8466/5279/373 8464/5279/375 
f 8090/5279/458 8091/5280/457 8467/5280/374 8466/5279/373 
f 8091/5280/457 8089/5280/459 8465/5280/376 8467/5280/374 
f 8093/5282/459 8092/5281/460 8468/5281/375 8469/5282/376 
f 8092/5281/460 8094/5281/458 8470/5281/373 8468/5281/375 
f 8094/5281/458 8095/5282/457 8471/5282/374 8470/5281/373 
f 8095/5282/457 8093/5282/459 8469/5282/376 8471/5282/374 
f 8097/5280/459 8096/5279/460 8472/5279/375 8473/5280/376 
f 8096/5279/460 8098/5279/458 8474/5279/373 8472/5279/375 
f 8098/5279/458 8099/5280/457 8475/5280/374 8474/5279/373 
f 8099/5280/457 8097/5280/459 8473/5280/376 8475/5280/374 
f 8101/5282/459 8100/5281/460 8476/5281/375 8477/5282/376 
f 8100/5281/460 8102/5281/458 8478/5281/373 8476/5281/375 
f 8102/5281/458 8103/5282/457 8479/5282/374 8478/5281/373 
f 8103/5282/457 8101/5282/459 8477/5282/376 8479/5282/374 
f 8105/5280/459 8104/5279/460 8480/5279/375 8481/5280/376 
f 8104/5279/460 8106/5279/458 8482/5279/373 8480/5279/375 
f 8106/5279/458 8107/5280/457 8483/5280/374 8482/5279/373 
f 8107/5280/457 8105/5280/459 8481/5280/376 8483/5280/374 
f 8109/5282/459 8108/5281/460 8484/5281/375 8485/5282/376 
f 8108/5281/460 8110/5281/458 8486/5281/373 8484/5281/375 
f 8110/5281/458 8111/5282/457 8487/5282/374 8486/5281/373 
f 8111/5282/457 8109/5282/459 8485/5282/376 8487/5282/374 
f 8113/5280/459 8112/5279/460 8488/5279/375 8489/5280/376 
f 8112/5279/460 8114/5279/458 8490/5279/373 8488/5279/375 
f 8114/5279/458 8115/5280/457 8491/5280/374 8490/5279/373 
f 8115/5280/457 8113/5280/459 8489/5280/376 8491/5280/374 
f 8117/5282/459 8116/5281/460 8492/5281/375 8493/5282/376 
f 8116/5281/460 8118/5281/458 8494/5281/373 8492/5281/375 
f 8118/5281/458 8119/5282/457 8495/5282/374 8494/5281/373 
f 8119/5282/457 8117/5282/459 8493/5282/376 8495/5282/374 
f 8123/5280/459 8122/5279/460 8496/5279/375 8497/5280/376 
f 8122/5279/460 8124/5279/458 8498/5279/373 8496/5279/375 
f 8124/5279/458 8125/5280/457 8499/5280/374 8498/5279/373 
f 8125/5280/457 8123/5280/459 8497/5280/376 8499/5280/374 
f 8129/5282/459 8128/5281/460 8500/5281/375 8501/5282/376 
f 8128/5281/460 8130/5281/458 8502/5281/373 8500/5281/375 
f 8130/5281/458 8131/5282/457 8503/5282/374 8502/5281/373 
f 8131/5282/457 8129/5282/459 8501/5282/376 8503/5282/374 
f 8133/5279/458 8132/5280/457 8504/5280/374 8505/5279/373 
f 8132/5280/457 8135/5280/459 8506/5280/376 8504/5280/374 
f 8135/5280/459 8137/5279/460 8507/5279/375 8506/5280/376 
f 8137/5279/460 8133/5279/458 8505/5279/373 8507/5279/375 
f 8139/5281/458 8138/5282/457 8508/5282/374 8509/5281/373 
f 8138/5282/457 8141/5282/459 8510/5282/376 8508/5282/374 
f 8141/5282/459 8143/5281/460 8511/5281/375 8510/5282/376 
f 8143/5281/460 8139/5281/458 8509/5281/373 8511/5281/375 
f 8146/5253/458 8145/5253/457 8512/5253/374 8513/5253/373 
f 8145/5253/457 8148/5230/459 8514/5230/376 8512/5253/374 
f 8148/5230/459 8149/5230/460 8515/5230/375 8514/5230/376 
f 8149/5230/460 8146/5253/458 8513/5253/373 8515/5230/375 
f 8152/5230/459 8151/5230/460 8516/5230/375 8517/5230/376 
f 8151/5230/460 8154/5253/458 8518/5253/373 8516/5230/375 
f 8154/5253/458 8155/5253/457 8519/5253/374 8518/5253/373 
f 8155/5253/457 8152/5230/459 8517/5230/376 8519/5253/374 
f 8158/5253/458 8157/5253/457 8520/5253/374 8521/5253/373 
f 8157/5253/457 8160/5230/459 8522/5230/376 8520/5253/374 
f 8160/5230/459 8161/5230/460 8523/5230/375 8522/5230/376 
f 8161/5230/460 8158/5253/458 8521/5253/373 8523/5230/375 
f 8164/5230/459 8163/5230/460 8524/5230/375 8525/5230/376 
f 8163/5230/460 8166/5253/458 8526/5253/373 8524/5230/375 
f 8166/5253/458 8167/5253/457 8527/5253/374 8526/5253/373 
f 8167/5253/457 8164/5230/459 8525/5230/376 8527/5253/374 
f 8169/5280/458 8168/5223/457 8528/5223/374 8529/5280/373 
f 8168/5223/457 8171/5223/459 8530/5223/376 8528/5223/374 
f 8171/5223/459 8172/5280/460 8531/5280/375 8530/5223/376 
f 8172/5280/460 8169/5280/458 8529/5280/373 8531/5280/375 
f 8175/5279/459 8174/5227/460 8532/5227/375 8533/5279/376 
f 8174/5227/460 8176/5227/458 8534/5227/373 8532/5227/375 
f 8176/5227/458 8177/5279/457 8535/5279/374 8534/5227/373 
f 8177/5279/457 8175/5279/459 8533/5279/376 8535/5279/374 
f 8179/5282/458 8178/5230/457 8536/5230/374 8537/5282/373 
f 8178/5230/457 8181/5230/459 8538/5230/376 8536/5230/374 
f 8181/5230/459 8182/5282/460 8539/5282/375 8538/5230/376 
f 8182/5282/460 8179/5282/458 8537/5282/373 8539/5282/375 
f 8185/5281/459 8184/5226/460 8540/5226/375 8541/5281/376 
f 8184/5226/460 8186/5226/458 8542/5226/373 8540/5226/375 
f 8186/5226/458 8187/5281/457 8543/5281/374 8542/5226/373 
f 8187/5281/457 8185/5281/459 8541/5281/376 8543/5281/374 
f 8190/5280/458 8189/5223/457 8544/5223/374 8545/5280/373 
f 8189/5223/457 8192/5223/459 8546/5223/376 8544/5223/374 
f 8192/5223/459 8193/5280/460 8547/5280/375 8546/5223/376 
f 8193/5280/460 8190/5280/458 8545/5280/373 8547/5280/375 
f 8196/5279/459 8195/5227/460 8548/5227/375 8549/5279/376 
f 8195/5227/460 8198/5227/458 8550/5227/373 8548/5227/375 
f 8198/5227/458 8199/5279/457 8551/5279/374 8550/5227/373 
f 8199/5279/457 8196/5279/459 8549/5279/376 8551/5279/374 
f 8202/5282/458 8201/5230/457 8552/5230/374 8553/5282/373 
f 8201/5230/457 8204/5230/459 8554/5230/376 8552/5230/374 
f 8204/5230/459 8205/5282/460 8555/5282/375 8554/5230/376 
f 8205/5282/460 8202/5282/458 8553/5282/373 8555/5282/375 
f 8208/5281/459 8207/5226/460 8556/5226/375 8557/5281/376 
f 8207/5226/460 8210/5226/458 8558/5226/373 8556/5226/375 
f 8210/5226/458 8211/5281/457 8559/5281/374 8558/5226/373 
f 8211/5281/457 8208/5281/459 8557/5281/376 8559/5281/374 
f 8214/5280/458 8213/5223/457 8560/5223/374 8561/5280/373 
f 8213/5223/457 8216/5223/459 8562/5223/376 8560/5223/374 
f 8216/5223/459 8217/5280/460 8563/5280/375 8562/5223/376 
f 8217/5280/460 8214/5280/458 8561/5280/373 8563/5280/375 
f 8220/5279/459 8219/5227/460 8564/5227/375 8565/5279/376 
f 8219/5227/460 8222/5227/458 8566/5227/373 8564/5227/375 
f 8222/5227/458 8223/5279/457 8567/5279/374 8566/5227/373 
f 8223/5279/457 8220/5279/459 8565/5279/376 8567/5279/374 
f 8226/5282/458 8225/5230/457 8568/5230/374 8569/5282/373 
f 8225/5230/457 8228/5230/459 8570/5230/376 8568/5230/374 
f 8228/5230/459 8229/5282/460 8571/5282/375 8570/5230/376 
f 8229/5282/460 8226/5282/458 8569/5282/373 8571/5282/375 
f 8232/5281/459 8231/5226/460 8572/5226/375 8573/5281/376 
f 8231/5226/460 8234/5226/458 8574/5226/373 8572/5226/375 
f 8234/5226/458 8235/5281/457 8575/5281/374 8574/5226/373 
f 8235/5281/457 8232/5281/459 8573/5281/376 8575/5281/374 
f 8238/5280/458 8237/5223/457 8576/5223/374 8577/5280/373 
f 8237/5223/457 8240/5223/459 8578/5223/376 8576/5223/374 
f 8240/5223/459 8241/5280/460 8579/5280/375 8578/5223/376 
f 8241/5280/460 8238/5280/458 8577/5280/373 8579/5280/375 
f 8244/5279/459 8243/5227/460 8580/5227/375 8581/5279/376 
f 8243/5227/460 8246/5227/458 8582/5227/373 8580/5227/375 
f 8246/5227/458 8247/5279/457 8583/5279/374 8582/5227/373 
f 8247/5279/457 8244/5279/459 8581/5279/376 8583/5279/374 
f 8250/5282/458 8249/5230/457 8584/5230/374 8585/5282/373 
f 8249/5230/457 8252/5230/459 8586/5230/376 8584/5230/374 
f 8252/5230/459 8253/5282/460 8587/5282/375 8586/5230/376 
f 8253/5282/460 8250/5282/458 8585/5282/373 8587/5282/375 
f 8256/5281/459 8255/5226/460 8588/5226/375 8589/5281/376 
f 8255/5226/460 8258/5226/458 8590/5226/373 8588/5226/375 
f 8258/5226/458 8259/5281/457 8591/5281/374 8590/5226/373 
f 8259/5281/457 8256/5281/459 8589/5281/376 8591/5281/374 
f 8262/5280/458 8261/5223/457 8592/5223/374 8593/5280/373 
f 8261/5223/457 8264/5223/459 8594/5223/376 8592/5223/374 
f 8264/5223/459 8265/5280/460 8595/5280/375 8594/5223/376 
f 8265/5280/460 8262/5280/458 8593/5280/373 8595/5280/375 
f 8268/5279/459 8267/5227/460 8596/5227/375 8597/5279/376 
f 8267/5227/460 8270/5227/458 8598/5227/373 8596/5227/375 
f 8270/5227/458 8271/5279/457 8599/5279/374 8598/5227/373 
f 8271/5279/457 8268/5279/459 8597/5279/376 8599/5279/374 
f 8274/5282/458 8273/5230/457 8600/5230/374 8601/5282/373 
f 8273/5230/457 8276/5230/459 8602/5230/376 8600/5230/374 
f 8276/5230/459 8277/5282/460 8603/5282/375 8602/5230/376 
f 8277/5282/460 8274/5282/458 8601/5282/373 8603/5282/375 
f 8280/5281/459 8279/5226/460 8604/5226/375 8605/5281/376 
f 8279/5226/460 8282/5226/458 8606/5226/373 8604/5226/375 
f 8282/5226/458 8283/5281/457 8607/5281/374 8606/5226/373 
f 8283/5281/457 8280/5281/459 8605/5281/376 8607/5281/374 
f 8286/5229/458 8285/5229/457 8608/5229/374 8609/5229/373 
f 8285/5229/457 8287/5253/459 8610/5253/376 8608/5229/374 
f 8287/5253/459 8288/5253/460 8611/5253/375 8610/5253/376 
f 8288/5253/460 8286/5229/458 8609/5229/373 8611/5253/375 
f 8290/5253/459 8289/5253/460 8612/5253/375 8613/5253/376 
f 8289/5253/460 8292/5229/458 8614/5229/373 8612/5253/375 
f 8292/5229/458 8293/5229/457 8615/5229/374 8614/5229/373 
f 8293/5229/457 8290/5253/459 8613/5253/376 8615/5229/374 
f 8296/5229/458 8295/5229/457 8616/5229/374 8617/5229/373 
f 8295/5229/457 8297/5253/459 8618/5253/376 8616/5229/374 
f 8297/5253/459 8298/5253/460 8619/5253/375 8618/5253/376 
f 8298/5253/460 8296/5229/458 8617/5229/373 8619/5253/375 
f 8300/5253/459 8299/5253/460 8620/5253/375 8621/5253/376 
f 8299/5253/460 8302/5229/458 8622/5229/373 8620/5253/375 
f 8302/5229/458 8303/5229/457 8623/5229/374 8622/5229/373 
f 8303/5229/457 8300/5253/459 8621/5253/376 8623/5229/374 
f 8305/5279/459 8304/5227/460 8624/5227/375 8625/5279/376 
f 8304/5227/460 8306/5227/458 8626/5227/373 8624/5227/375 
f 8306/5227/458 8307/5279/457 8627/5279/374 8626/5227/373 
f 8307/5279/457 8305/5279/459 8625/5279/376 8627/5279/374 
f 8309/5280/458 8308/5223/457 8628/5223/374 8629/5280/373 
f 8308/5223/457 8310/5223/459 8630/5223/376 8628/5223/374 
f 8310/5223/459 8311/5280/460 8631/5280/375 8630/5223/376 
f 8311/5280/460 8309/5280/458 8629/5280/373 8631/5280/375 
f 8313/5281/459 8312/5226/460 8632/5226/375 8633/5281/376 
f 8312/5226/460 8314/5226/458 8634/5226/373 8632/5226/375 
f 8314/5226/458 8315/5281/457 8635/5281/374 8634/5226/373 
f 8315/5281/457 8313/5281/459 8633/5281/376 8635/5281/374 
f 8317/5282/458 8316/5230/457 8636/5230/374 8637/5282/373 
f 8316/5230/457 8318/5230/459 8638/5230/376 8636/5230/374 
f 8318/5230/459 8319/5282/460 8639/5282/375 8638/5230/376 
f 8319/5282/460 8317/5282/458 8637/5282/373 8639/5282/375 
f 8321/5279/459 8320/5227/460 8640/5227/375 8641/5279/376 
f 8320/5227/460 8322/5227/458 8642/5227/373 8640/5227/375 
f 8322/5227/458 8323/5279/457 8643/5279/374 8642/5227/373 
f 8323/5279/457 8321/5279/459 8641/5279/376 8643/5279/374 
f 8325/5280/458 8324/5223/457 8644/5223/374 8645/5280/373 
f 8324/5223/457 8326/5223/459 8646/5223/376 8644/5223/374 
f 8326/5223/459 8327/5280/460 8647/5280/375 8646/5223/376 
f 8327/5280/460 8325/5280/458 8645/5280/373 8647/5280/375 
f 8329/5281/459 8328/5226/460 8648/5226/375 8649/5281/376 
f 8328/5226/460 8330/5226/458 8650/5226/373 8648/5226/375 
f 8330/5226/458 8331/5281/457 8651/5281/374 8650/5226/373 
f 8331/5281/457 8329/5281/459 8649/5281/376 8651/5281/374 
f 8333/5282/458 8332/5230/457 8652/5230/374 8653/5282/373 
f 8332/5230/457 8334/5230/459 8654/5230/376 8652/5230/374 
f 8334/5230/459 8335/5282/460 8655/5282/375 8654/5230/376 
f 8335/5282/460 8333/5282/458 8653/5282/373 8655/5282/375 
f 8337/5279/459 8336/5227/460 8656/5227/375 8657/5279/376 
f 8336/5227/460 8338/5227/458 8658/5227/373 8656/5227/375 
f 8338/5227/458 8339/5279/457 8659/5279/374 8658/5227/373 
f 8339/5279/457 8337/5279/459 8657/5279/376 8659/5279/374 
f 8341/5280/458 8340/5223/457 8660/5223/374 8661/5280/373 
f 8340/5223/457 8342/5223/459 8662/5223/376 8660/5223/374 
f 8342/5223/459 8343/5280/460 8663/5280/375 8662/5223/376 
f 8343/5280/460 8341/5280/458 8661/5280/373 8663/5280/375 
f 8345/5281/459 8344/5226/460 8664/5226/375 8665/5281/376 
f 8344/5226/460 8346/5226/458 8666/5226/373 8664/5226/375 
f 8346/5226/458 8347/5281/457 8667/5281/374 8666/5226/373 
f 8347/5281/457 8345/5281/459 8665/5281/376 8667/5281/374 
f 8349/5282/458 8348/5230/457 8668/5230/374 8669/5282/373 
f 8348/5230/457 8350/5230/459 8670/5230/376 8668/5230/374 
f 8350/5230/459 8351/5282/460 8671/5282/375 8670/5230/376 
f 8351/5282/460 8349/5282/458 8669/5282/373 8671/5282/375 
f 8353/5279/459 8352/5227/460 8672/5227/375 8673/5279/376 
f 8352/5227/460 8354/5227/458 8674/5227/373 8672/5227/375 
f 8354/5227/458 8355/5279/457 8675/5279/374 8674/5227/373 
f 8355/5279/457 8353/5279/459 8673/5279/376 8675/5279/374 
f 8357/5280/458 8356/5223/457 8676/5223/374 8677/5280/373 
f 8356/5223/457 8358/5223/459 8678/5223/376 8676/5223/374 
f 8358/5223/459 8359/5280/460 8679/5280/375 8678/5223/376 
f 8359/5280/460 8357/5280/458 8677/5280/373 8679/5280/375 
f 8361/5281/459 8360/5226/460 8680/5226/375 8681/5281/376 
f 8360/5226/460 8362/5226/458 8682/5226/373 8680/5226/375 
f 8362/5226/458 8363/5281/457 8683/5281/374 8682/5226/373 
f 8363/5281/457 8361/5281/459 8681/5281/376 8683/5281/374 
f 8365/5282/458 8364/5230/457 8684/5230/374 8685/5282/373 
f 8364/5230/457 8366/5230/459 8686/5230/376 8684/5230/374 
f 8366/5230/459 8367/5282/460 8687/5282/375 8686/5230/376 
f 8367/5282/460 8365/5282/458 8685/5282/373 8687/5282/375 
f 8370/5279/459 8369/5227/460 8688/5227/375 8689/5279/376 
f 8369/5227/460 8371/5227/458 8690/5227/373 8688/5227/375 
f 8371/5227/458 8372/5279/457 8691/5279/374 8690/5227/373 
f 8372/5279/457 8370/5279/459 8689/5279/376 8691/5279/374 
f 8374/5280/458 8373/5223/457 8692/5223/374 8693/5280/373 
f 8373/5223/457 8376/5223/459 8694/5223/376 8692/5223/374 
f 8376/5223/459 8377/5280/460 8695/5280/375 8694/5223/376 
f 8377/5280/460 8374/5280/458 8693/5280/373 8695/5280/375 
f 8380/5281/459 8379/5226/460 8696/5226/375 8697/5281/376 
f 8379/5226/460 8381/5226/458 8698/5226/373 8696/5226/375 
f 8381/5226/458 8382/5281/457 8699/5281/374 8698/5226/373 
f 8382/5281/457 8380/5281/459 8697/5281/376 8699/5281/374 
f 8384/5282/458 8383/5230/457 8700/5230/374 8701/5282/373 
f 8383/5230/457 8386/5230/459 8702/5230/376 8700/5230/374 
f 8386/5230/459 8387/5282/460 8703/5282/375 8702/5230/376 
f 8387/5282/460 8384/5282/458 8701/5282/373 8703/5282/375 
f 8389/5280/458 8388/5223/457 8704/5223/374 8705/5280/373 
f 8388/5223/457 8391/5223/459 8706/5223/376 8704/5223/374 
f 8391/5223/459 8392/5280/460 8707/5280/375 8706/5223/376 
f 8392/5280/460 8389/5280/458 8705/5280/373 8707/5280/375 
f 8395/5279/459 8394/5227/460 8708/5227/375 8709/5279/376 
f 8394/5227/460 8396/5227/458 8710/5227/373 8708/5227/375 
f 8396/5227/458 8397/5279/457 8711/5279/374 8710/5227/373 
f 8397/5279/457 8395/5279/459 8709/5279/376 8711/5279/374 
f 8399/5282/458 8398/5230/457 8712/5230/374 8713/5282/373 
f 8398/5230/457 8401/5230/459 8714/5230/376 8712/5230/374 
f 8401/5230/459 8402/5282/460 8715/5282/375 8714/5230/376 
f 8402/5282/460 8399/5282/458 8713/5282/373 8715/5282/375 
f 8405/5281/459 8404/5226/460 8716/5226/375 8717/5281/376 
f 8404/5226/460 8406/5226/458 8718/5226/373 8716/5226/375 
f 8406/5226/458 8407/5281/457 8719/5281/374 8718/5226/373 
f 8407/5281/457 8405/5281/459 8717/5281/376 8719/5281/374 
f 8720/5223/463 8721/5223/464 8722/5223/465 8723/5223/466 
f 8721/5223/464 8724/5283/463 8725/5283/467 8722/5223/465 
f 8724/5283/463 8726/5283/464 8727/5283/468 8725/5283/467 
f 8726/5283/464 8720/5223/463 8723/5223/466 8727/5283/468 
f 8728/5284/469 8729/5284/470 8730/5284/465 8731/5284/466 
f 8729/5284/470 8732/5285/469 8733/5285/467 8730/5284/465 
f 8732/5285/469 8734/5285/470 8735/5285/468 8733/5285/467 
f 8734/5285/470 8728/5284/469 8731/5284/466 8735/5285/468 
f 8723/5223/466 8722/5223/465 8736/5223/434 8737/5223/432 
f 8722/5223/465 8725/5283/467 8738/5283/433 8736/5223/434 
f 8725/5283/467 8727/5283/468 8739/5283/431 8738/5283/433 
f 8727/5283/468 8723/5223/466 8737/5223/432 8739/5283/431 
f 8731/5284/466 8730/5284/465 8740/5284/434 8741/5284/432 
f 8730/5284/465 8733/5285/467 8742/5285/433 8740/5284/434 
f 8733/5285/467 8735/5285/468 8743/5285/431 8742/5285/433 
f 8735/5285/468 8731/5284/466 8741/5284/432 8743/5285/431 
f 8744/5224/464 8745/5224/464 8746/5224/471 8747/5224/468 
f 8745/5224/464 8748/5224/464 8749/5224/465 8746/5224/471 
f 8748/5224/464 8750/5224/464 8751/5224/467 8749/5224/465 
f 8750/5224/464 8744/5224/464 8747/5224/468 8751/5224/467 
f 8752/5224/470 8753/5224/469 8754/5224/466 8755/5224/468 
f 8753/5224/469 8756/5224/469 8757/5224/465 8754/5224/466 
f 8756/5224/469 8758/5224/470 8759/5224/472 8757/5224/465 
f 8758/5224/470 8752/5224/470 8755/5224/468 8759/5224/472 
f 8760/5224/470 8761/5224/469 8762/5224/466 8763/5224/468 
f 8761/5224/469 8764/5224/470 8765/5224/465 8762/5224/466 
f 8764/5224/470 8766/5224/470 8767/5224/472 8765/5224/465 
f 8766/5224/470 8760/5224/470 8763/5224/468 8767/5224/472 
f 8768/5224/470 8769/5224/470 8770/5224/466 8771/5224/468 
f 8769/5224/470 8772/5224/469 8773/5224/465 8770/5224/466 
f 8772/5224/469 8774/5224/470 8775/5224/472 8773/5224/465 
f 8774/5224/470 8768/5224/470 8771/5224/468 8775/5224/472 
f 8776/5224/470 8777/5224/469 8778/5224/466 8779/5224/468 
f 8777/5224/469 8780/5224/469 8781/5224/465 8778/5224/466 
f 8780/5224/469 8782/5224/469 8783/5224/467 8781/5224/465 
f 8782/5224/469 8776/5224/470 8779/5224/468 8783/5224/467 
f 8784/5286/464 8785/5287/464 8786/5287/473 8787/5286/468 
f 8785/5287/464 8788/5245/464 8789/5245/465 8786/5287/473 
f 8788/5245/464 8790/5245/474 8791/5245/467 8789/5245/465 
f 8790/5245/474 8784/5286/464 8787/5286/468 8791/5245/467 
f 8745/5224/464 8792/5224/463 8793/5224/466 8794/5224/475 
f 8792/5224/463 8795/5224/464 8796/5224/465 8793/5224/466 
f 8795/5224/464 8748/5224/464 8797/5224/467 8796/5224/465 
f 8748/5224/464 8745/5224/464 8794/5224/475 8797/5224/467 
f 8753/5224/469 8798/5224/470 8799/5224/466 8800/5224/468 
f 8798/5224/470 8801/5224/470 8802/5224/465 8799/5224/466 
f 8801/5224/470 8756/5224/469 8803/5224/467 8802/5224/465 
f 8756/5224/469 8753/5224/469 8800/5224/468 8803/5224/467 
f 8761/5224/469 8804/5224/469 8805/5224/466 8806/5224/468 
f 8804/5224/469 8807/5224/470 8808/5224/465 8805/5224/466 
f 8807/5224/470 8764/5224/470 8809/5224/467 8808/5224/465 
f 8764/5224/470 8761/5224/469 8806/5224/468 8809/5224/467 
f 8769/5224/470 8810/5224/470 8811/5224/466 8812/5224/468 
f 8810/5224/470 8813/5224/470 8814/5224/465 8811/5224/466 
f 8813/5224/470 8772/5224/469 8815/5224/467 8814/5224/465 
f 8772/5224/469 8769/5224/470 8812/5224/468 8815/5224/467 
f 8777/5224/469 8816/5224/469 8817/5224/466 8818/5224/468 
f 8816/5224/469 8819/5224/470 8820/5224/465 8817/5224/466 
f 8819/5224/470 8780/5224/469 8821/5224/467 8820/5224/465 
f 8780/5224/469 8777/5224/469 8818/5224/468 8821/5224/467 
f 8785/5287/464 8822/5288/463 8823/5288/466 8824/5287/468 
f 8822/5288/463 8825/5245/476 8826/5245/477 8823/5288/466 
f 8825/5245/476 8788/5245/464 8827/5245/467 8826/5245/477 
f 8788/5245/464 8785/5287/464 8824/5287/468 8827/5245/467 
f 8747/5224/468 8746/5224/471 8828/5224/432 8829/5224/431 
f 8746/5224/471 8749/5224/465 8830/5224/434 8828/5224/432 
f 8749/5224/465 8751/5224/467 8831/5224/433 8830/5224/434 
f 8751/5224/467 8747/5224/468 8829/5224/431 8831/5224/433 
f 8755/5224/468 8754/5224/466 8832/5224/432 8833/5224/431 
f 8754/5224/466 8757/5224/465 8834/5224/434 8832/5224/432 
f 8757/5224/465 8759/5224/472 8835/5224/433 8834/5224/434 
f 8759/5224/472 8755/5224/468 8833/5224/431 8835/5224/433 
f 8763/5224/468 8762/5224/466 8836/5224/454 8837/5224/478 
f 8762/5224/466 8765/5224/465 8838/5224/434 8836/5224/454 
f 8765/5224/465 8767/5224/472 8839/5224/433 8838/5224/434 
f 8767/5224/472 8763/5224/468 8837/5224/478 8839/5224/433 
f 8771/5224/468 8770/5224/466 8840/5224/454 8841/5224/431 
f 8770/5224/466 8773/5224/465 8842/5224/434 8840/5224/454 
f 8773/5224/465 8775/5224/472 8843/5224/433 8842/5224/434 
f 8775/5224/472 8771/5224/468 8841/5224/431 8843/5224/433 
f 8779/5224/468 8778/5224/466 8844/5224/454 8845/5224/478 
f 8778/5224/466 8781/5224/465 8846/5224/434 8844/5224/454 
f 8781/5224/465 8783/5224/467 8847/5224/433 8846/5224/434 
f 8783/5224/467 8779/5224/468 8845/5224/478 8847/5224/433 
f 8787/5286/468 8786/5287/473 8848/5287/432 8849/5286/431 
f 8786/5287/473 8789/5245/465 8850/5245/479 8848/5287/432 
f 8789/5245/465 8791/5245/467 8851/5245/480 8850/5245/479 
f 8791/5245/467 8787/5286/468 8849/5286/431 8851/5245/480 
f 8794/5224/475 8793/5224/466 8852/5224/432 8853/5224/431 
f 8793/5224/466 8796/5224/465 8854/5224/434 8852/5224/432 
f 8796/5224/465 8797/5224/467 8855/5224/433 8854/5224/434 
f 8797/5224/467 8794/5224/475 8853/5224/431 8855/5224/433 
f 8800/5224/468 8799/5224/466 8856/5224/432 8857/5224/431 
f 8799/5224/466 8802/5224/465 8858/5224/434 8856/5224/432 
f 8802/5224/465 8803/5224/467 8859/5224/433 8858/5224/434 
f 8803/5224/467 8800/5224/468 8857/5224/431 8859/5224/433 
f 8806/5224/468 8805/5224/466 8860/5224/454 8861/5224/478 
f 8805/5224/466 8808/5224/465 8862/5224/434 8860/5224/454 
f 8808/5224/465 8809/5224/467 8863/5224/433 8862/5224/434 
f 8809/5224/467 8806/5224/468 8861/5224/478 8863/5224/433 
f 8812/5224/468 8811/5224/466 8864/5224/454 8865/5224/478 
f 8811/5224/466 8814/5224/465 8866/5224/434 8864/5224/454 
f 8814/5224/465 8815/5224/467 8867/5224/433 8866/5224/434 
f 8815/5224/467 8812/5224/468 8865/5224/478 8867/5224/433 
f 8818/5224/468 8817/5224/466 8868/5224/454 8869/5224/478 
f 8817/5224/466 8820/5224/465 8870/5224/434 8868/5224/454 
f 8820/5224/465 8821/5224/467 8871/5224/433 8870/5224/434 
f 8821/5224/467 8818/5224/468 8869/5224/478 8871/5224/433 
f 8824/5287/468 8823/5288/466 8872/5288/432 8873/5287/431 
f 8823/5288/466 8826/5245/477 8874/5245/479 8872/5288/432 
f 8826/5245/477 8827/5245/467 8875/5245/480 8874/5245/479 
f 8827/5245/467 8824/5287/468 8873/5287/431 8875/5245/480 
f 8876/5245/464 8877/5245/464 8878/5245/467 8879/5245/465 
f 8877/5245/464 8880/5245/464 8881/5245/468 8878/5245/467 
f 8880/5245/464 8882/5245/464 8883/5245/466 8881/5245/468 
f 8882/5245/464 8876/5245/464 8879/5245/465 8883/5245/466 
f 8884/5245/470 8885/5245/469 8886/5245/467 8887/5245/465 
f 8885/5245/469 8888/5245/470 8889/5245/468 8886/5245/467 
f 8888/5245/470 8890/5245/469 8891/5245/466 8889/5245/468 
f 8890/5245/469 8884/5245/470 8887/5245/465 8891/5245/466 
f 8892/5245/469 8893/5245/469 8894/5245/467 8895/5245/465 
f 8893/5245/469 8896/5245/469 8897/5245/468 8894/5245/467 
f 8896/5245/469 8898/5245/469 8899/5245/466 8897/5245/468 
f 8898/5245/469 8892/5245/469 8895/5245/465 8899/5245/466 
f 8900/5245/469 8901/5245/469 8902/5245/467 8903/5245/465 
f 8901/5245/469 8904/5245/469 8905/5245/468 8902/5245/467 
f 8904/5245/469 8906/5245/469 8907/5245/466 8905/5245/468 
f 8906/5245/469 8900/5245/469 8903/5245/465 8907/5245/466 
f 8908/5245/470 8909/5245/469 8910/5245/467 8911/5245/465 
f 8909/5245/469 8912/5245/470 8913/5245/468 8910/5245/467 
f 8912/5245/470 8914/5245/469 8915/5245/466 8913/5245/468 
f 8914/5245/469 8908/5245/470 8911/5245/465 8915/5245/466 
f 8916/5245/463 8917/5245/464 8918/5245/471 8919/5245/468 
f 8917/5245/464 8920/5245/463 8921/5245/465 8918/5245/471 
f 8920/5245/463 8922/5245/464 8923/5245/467 8921/5245/465 
f 8922/5245/464 8916/5245/463 8919/5245/468 8923/5245/467 
f 8924/5245/470 8925/5245/469 8926/5245/466 8927/5245/468 
f 8925/5245/469 8928/5245/469 8929/5245/465 8926/5245/466 
f 8928/5245/469 8930/5245/469 8931/5245/467 8929/5245/465 
f 8930/5245/469 8924/5245/470 8927/5245/468 8931/5245/467 
f 8932/5245/470 8933/5245/470 8934/5245/466 8935/5245/468 
f 8933/5245/470 8936/5245/469 8937/5245/465 8934/5245/466 
f 8936/5245/469 8938/5245/469 8939/5245/467 8937/5245/465 
f 8938/5245/469 8932/5245/470 8935/5245/468 8939/5245/467 
f 8940/5245/470 8941/5245/470 8942/5245/466 8943/5245/468 
f 8941/5245/470 8944/5245/469 8945/5245/465 8942/5245/466 
f 8944/5245/469 8946/5245/470 8947/5245/467 8945/5245/465 
f 8946/5245/470 8940/5245/470 8943/5245/468 8947/5245/467 
f 8948/5245/470 8949/5245/469 8950/5245/466 8951/5245/468 
f 8949/5245/469 8952/5245/469 8953/5245/465 8950/5245/466 
f 8952/5245/469 8954/5245/469 8955/5245/467 8953/5245/465 
f 8954/5245/469 8948/5245/470 8951/5245/468 8955/5245/467 
f 8879/5245/465 8878/5245/467 8956/5245/480 8957/5245/479 
f 8878/5245/467 8881/5245/468 8958/5245/431 8956/5245/480 
f 8881/5245/468 8883/5245/466 8959/5245/432 8958/5245/431 
f 8883/5245/466 8879/5245/465 8957/5245/479 8959/5245/432 
f 8887/5245/465 8886/5245/467 8960/5245/433 8961/5245/434 
f 8886/5245/467 8889/5245/468 8962/5245/478 8960/5245/433 
f 8889/5245/468 8891/5245/466 8963/5245/454 8962/5245/478 
f 8891/5245/466 8887/5245/465 8961/5245/434 8963/5245/454 
f 8895/5245/465 8894/5245/467 8964/5245/433 8965/5245/434 
f 8894/5245/467 8897/5245/468 8966/5245/478 8964/5245/433 
f 8897/5245/468 8899/5245/466 8967/5245/454 8966/5245/478 
f 8899/5245/466 8895/5245/465 8965/5245/434 8967/5245/454 
f 8903/5245/465 8902/5245/467 8968/5245/433 8969/5245/434 
f 8902/5245/467 8905/5245/468 8970/5245/478 8968/5245/433 
f 8905/5245/468 8907/5245/466 8971/5245/454 8970/5245/478 
f 8907/5245/466 8903/5245/465 8969/5245/434 8971/5245/454 
f 8911/5245/465 8910/5245/467 8972/5245/480 8973/5245/434 
f 8910/5245/467 8913/5245/468 8974/5245/478 8972/5245/480 
f 8913/5245/468 8915/5245/466 8975/5245/432 8974/5245/478 
f 8915/5245/466 8911/5245/465 8973/5245/434 8975/5245/432 
f 8919/5245/468 8918/5245/471 8976/5245/432 8977/5245/431 
f 8918/5245/471 8921/5245/465 8978/5245/479 8976/5245/432 
f 8921/5245/465 8923/5245/467 8979/5245/480 8978/5245/479 
f 8923/5245/467 8919/5245/468 8977/5245/431 8979/5245/480 
f 8927/5245/468 8926/5245/466 8980/5245/432 8981/5245/478 
f 8926/5245/466 8929/5245/465 8982/5245/434 8980/5245/432 
f 8929/5245/465 8931/5245/467 8983/5245/480 8982/5245/434 
f 8931/5245/467 8927/5245/468 8981/5245/478 8983/5245/480 
f 8935/5245/468 8934/5245/466 8984/5245/454 8985/5245/478 
f 8934/5245/466 8937/5245/465 8986/5245/434 8984/5245/454 
f 8937/5245/465 8939/5245/467 8987/5245/433 8986/5245/434 
f 8939/5245/467 8935/5245/468 8985/5245/478 8987/5245/433 
f 8943/5245/468 8942/5245/466 8988/5245/454 8989/5245/478 
f 8942/5245/466 8945/5245/465 8990/5245/434 8988/5245/454 
f 8945/5245/465 8947/5245/467 8991/5245/433 8990/5245/434 
f 8947/5245/467 8943/5245/468 8989/5245/478 8991/5245/433 
f 8951/5245/468 8950/5245/466 8992/5245/454 8993/5245/478 
f 8950/5245/466 8953/5245/465 8994/5245/434 8992/5245/454 
f 8953/5245/465 8955/5245/467 8995/5245/480 8994/5245/434 
f 8955/5245/467 8951/5245/468 8993/5245/478 8995/5245/480 
f 8996/5289/455 8997/5278/455 8998/5278/460 8999/5289/459 
f 8997/5278/455 9000/5290/455 9001/5290/458 8998/5278/460 
f 9000/5290/455 9002/5223/455 9003/5223/457 9001/5290/458 
f 9002/5223/455 8996/5289/455 8999/5289/459 9003/5223/457 
f 9004/5291/455 9005/5229/455 9006/5229/481 9007/5291/459 
f 9005/5229/455 9008/5230/455 9009/5230/458 9006/5229/481 
f 9008/5230/455 9010/5292/455 9011/5292/457 9009/5230/458 
f 9010/5292/455 9004/5291/455 9007/5291/459 9011/5292/457 
f 9012/5293/455 9004/5291/455 9013/5291/481 9014/5293/459 
f 9004/5291/455 9010/5292/455 9015/5292/458 9013/5291/481 
f 9010/5292/455 9016/5294/455 9017/5294/457 9015/5292/458 
f 9016/5294/455 9012/5293/455 9014/5293/459 9017/5294/457 
f 8997/5278/455 9012/5293/455 9018/5293/481 9019/5278/459 
f 9012/5293/455 9016/5294/455 9020/5294/458 9018/5293/481 
f 9016/5294/455 9000/5290/455 9021/5290/457 9020/5294/458 
f 9000/5290/455 8997/5278/455 9019/5278/459 9021/5290/457 
f 9022/5283/455 9023/5234/455 9024/5234/457 9025/5283/482 
f 9023/5234/455 9026/5234/455 9027/5234/459 9024/5234/457 
f 9026/5234/455 9028/5295/455 9029/5295/481 9027/5234/459 
f 9028/5295/455 9022/5283/455 9025/5283/482 9029/5295/481 
f 9002/5223/455 9022/5283/455 9030/5283/457 9031/5223/458 
f 9022/5283/455 9028/5295/455 9032/5295/459 9030/5283/457 
f 9028/5295/455 8996/5289/455 9033/5289/481 9032/5295/459 
f 8996/5289/455 9002/5223/455 9031/5223/458 9033/5289/481 
f 8999/5289/459 8998/5278/460 9034/5278/381 9035/5289/380 
f 8998/5278/460 9001/5290/458 9036/5290/373 9034/5278/381 
f 9001/5290/458 9003/5223/457 9037/5223/374 9036/5290/373 
f 9003/5223/457 8999/5289/459 9035/5289/380 9037/5223/374 
f 9007/5291/459 9006/5229/481 9038/5229/381 9039/5291/380 
f 9006/5229/481 9009/5230/458 9040/5230/373 9038/5229/381 
f 9009/5230/458 9011/5292/457 9041/5292/374 9040/5230/373 
f 9011/5292/457 9007/5291/459 9039/5291/380 9041/5292/374 
f 9014/5293/459 9013/5291/481 9042/5291/381 9043/5293/380 
f 9013/5291/481 9015/5292/458 9044/5292/373 9042/5291/381 
f 9015/5292/458 9017/5294/457 9045/5294/374 9044/5292/373 
f 9017/5294/457 9014/5293/459 9043/5293/380 9045/5294/374 
f 9019/5278/459 9018/5293/481 9046/5293/381 9047/5278/380 
f 9018/5293/481 9020/5294/458 9048/5294/373 9046/5293/381 
f 9020/5294/458 9021/5290/457 9049/5290/374 9048/5294/373 
f 9021/5290/457 9019/5278/459 9047/5278/380 9049/5290/374 
f 9025/5283/482 9024/5234/457 9050/5234/374 9051/5283/373 
f 9024/5234/457 9027/5234/459 9052/5234/380 9050/5234/374 
f 9027/5234/459 9029/5295/481 9053/5295/381 9052/5234/380 
f 9029/5295/481 9025/5283/482 9051/5283/373 9053/5295/381 
f 9031/5223/458 9030/5283/457 9054/5283/374 9055/5223/373 
f 9030/5283/457 9032/5295/459 9056/5295/380 9054/5283/374 
f 9032/5295/459 9033/5289/481 9057/5289/381 9056/5295/380 
f 9033/5289/481 9031/5223/458 9055/5223/373 9057/5289/381 
f 9058/5296/483 9059/5297/413 9060/5297/402 9061/5296/403 
f 9059/5297/413 9062/5297/413 9063/5297/404 9060/5297/402 
f 9062/5297/413 9064/5296/413 9065/5296/405 9063/5297/404 
f 9064/5296/413 9058/5296/483 9061/5296/403 9065/5296/405 
f 9066/5298/483 9067/5239/413 9068/5239/402 9069/5298/403 
f 9067/5239/413 9070/5239/483 9071/5239/404 9068/5239/402 
f 9070/5239/483 9072/5298/413 9073/5298/405 9071/5239/404 
f 9072/5298/413 9066/5298/483 9069/5298/403 9073/5298/405 
f 9074/5298/483 9075/5239/413 9076/5239/402 9077/5298/403 
f 9075/5239/413 9078/5239/483 9079/5239/404 9076/5239/402 
f 9078/5239/483 9080/5298/413 9081/5298/405 9079/5239/404 
f 9080/5298/413 9074/5298/483 9077/5298/403 9081/5298/405 
f 9082/5298/483 9083/5239/483 9084/5239/402 9085/5298/403 
f 9083/5239/483 9086/5239/483 9087/5239/404 9084/5239/402 
f 9086/5239/483 9088/5298/484 9089/5298/405 9087/5239/404 
f 9088/5298/484 9082/5298/483 9085/5298/403 9089/5298/405 
f 9090/5298/483 9091/5239/483 9092/5239/402 9093/5298/403 
f 9091/5239/483 9094/5239/483 9095/5239/404 9092/5239/402 
f 9094/5239/483 9096/5298/484 9097/5298/405 9095/5239/404 
f 9096/5298/484 9090/5298/483 9093/5298/403 9097/5298/405 
f 9059/5297/413 9098/5299/413 9099/5299/402 9100/5297/403 
f 9098/5299/413 9101/5299/483 9102/5299/404 9099/5299/402 
f 9101/5299/483 9062/5297/413 9103/5297/405 9102/5299/404 
f 9062/5297/413 9059/5297/413 9100/5297/403 9103/5297/405 
f 9067/5239/413 9104/5300/413 9105/5300/402 9106/5239/403 
f 9104/5300/413 9107/5300/483 9108/5300/404 9105/5300/402 
f 9107/5300/483 9070/5239/483 9109/5239/405 9108/5300/404 
f 9070/5239/483 9067/5239/413 9106/5239/403 9109/5239/405 
f 9075/5239/413 9110/5300/413 9111/5300/402 9112/5239/403 
f 9110/5300/413 9113/5300/483 9114/5300/404 9111/5300/402 
f 9113/5300/483 9078/5239/483 9115/5239/405 9114/5300/404 
f 9078/5239/483 9075/5239/413 9112/5239/403 9115/5239/405 
f 9083/5239/483 9116/5300/484 9117/5300/402 9118/5239/403 
f 9116/5300/484 9119/5300/483 9120/5300/404 9117/5300/402 
f 9119/5300/483 9086/5239/483 9121/5239/405 9120/5300/404 
f 9086/5239/483 9083/5239/483 9118/5239/403 9121/5239/405 
f 9091/5239/483 9122/5300/484 9123/5300/402 9124/5239/403 
f 9122/5300/484 9125/5300/483 9126/5300/404 9123/5300/402 
f 9125/5300/483 9094/5239/483 9127/5239/405 9126/5300/404 
f 9094/5239/483 9091/5239/483 9124/5239/403 9127/5239/405 
f 9061/5296/403 9060/5297/402 9128/5297/478 9129/5296/432 
f 9060/5297/402 9063/5297/404 9130/5297/480 9128/5297/478 
f 9063/5297/404 9065/5296/405 9131/5296/434 9130/5297/480 
f 9065/5296/405 9061/5296/403 9129/5296/432 9131/5296/434 
f 9069/5298/403 9068/5239/402 9132/5239/478 9133/5298/432 
f 9068/5239/402 9071/5239/404 9134/5239/480 9132/5239/478 
f 9071/5239/404 9073/5298/405 9135/5298/434 9134/5239/480 
f 9073/5298/405 9069/5298/403 9133/5298/432 9135/5298/434 
f 9077/5298/403 9076/5239/402 9136/5239/478 9137/5298/432 
f 9076/5239/402 9079/5239/404 9138/5239/480 9136/5239/478 
f 9079/5239/404 9081/5298/405 9139/5298/434 9138/5239/480 
f 9081/5298/405 9077/5298/403 9137/5298/432 9139/5298/434 
f 9085/5298/403 9084/5239/402 9140/5239/478 9141/5298/432 
f 9084/5239/402 9087/5239/404 9142/5239/480 9140/5239/478 
f 9087/5239/404 9089/5298/405 9143/5298/434 9142/5239/480 
f 9089/5298/405 9085/5298/403 9141/5298/432 9143/5298/434 
f 9093/5298/403 9092/5239/402 9144/5239/478 9145/5298/432 
f 9092/5239/402 9095/5239/404 9146/5239/433 9144/5239/478 
f 9095/5239/404 9097/5298/405 9147/5298/434 9146/5239/433 
f 9097/5298/405 9093/5298/403 9145/5298/432 9147/5298/434 
f 9100/5297/403 9099/5299/402 9148/5299/478 9149/5297/432 
f 9099/5299/402 9102/5299/404 9150/5299/480 9148/5299/478 
f 9102/5299/404 9103/5297/405 9151/5297/434 9150/5299/480 
f 9103/5297/405 9100/5297/403 9149/5297/432 9151/5297/434 
f 9106/5239/403 9105/5300/402 9152/5300/478 9153/5239/432 
f 9105/5300/402 9108/5300/404 9154/5300/480 9152/5300/478 
f 9108/5300/404 9109/5239/405 9155/5239/434 9154/5300/480 
f 9109/5239/405 9106/5239/403 9153/5239/432 9155/5239/434 
f 9112/5239/403 9111/5300/402 9156/5300/478 9157/5239/432 
f 9111/5300/402 9114/5300/404 9158/5300/480 9156/5300/478 
f 9114/5300/404 9115/5239/405 9159/5239/434 9158/5300/480 
f 9115/5239/405 9112/5239/403 9157/5239/432 9159/5239/434 
f 9118/5239/403 9117/5300/402 9160/5300/478 9161/5239/432 
f 9117/5300/402 9120/5300/404 9162/5300/480 9160/5300/478 
f 9120/5300/404 9121/5239/405 9163/5239/434 9162/5300/480 
f 9121/5239/405 9118/5239/403 9161/5239/432 9163/5239/434 
f 9124/5239/403 9123/5300/402 9164/5300/478 9165/5239/454 
f 9123/5300/402 9126/5300/404 9166/5300/480 9164/5300/478 
f 9126/5300/404 9127/5239/405 9167/5239/434 9166/5300/480 
f 9127/5239/405 9124/5239/403 9165/5239/454 9167/5239/434 
f 9168/5301/483 9169/5302/413 9170/5302/485 9171/5301/404 
f 9169/5302/413 9172/5303/413 9173/5303/486 9170/5302/485 
f 9172/5303/413 9174/5301/413 9175/5301/402 9173/5303/486 
f 9174/5301/413 9168/5301/483 9171/5301/404 9175/5301/402 
f 9176/5304/483 9177/5305/484 9178/5305/405 9179/5304/404 
f 9177/5305/484 9180/5305/484 9181/5305/403 9178/5305/405 
f 9180/5305/484 9182/5304/484 9183/5304/402 9181/5305/403 
f 9182/5304/484 9176/5304/483 9179/5304/404 9183/5304/402 
f 9184/5304/483 9185/5305/484 9186/5305/405 9187/5304/404 
f 9185/5305/484 9188/5305/484 9189/5305/403 9186/5305/405 
f 9188/5305/484 9190/5304/484 9191/5304/402 9189/5305/403 
f 9190/5304/484 9184/5304/483 9187/5304/404 9191/5304/402 
f 9192/5304/401 9193/5305/484 9194/5305/405 9195/5304/404 
f 9193/5305/484 9196/5305/484 9197/5305/403 9194/5305/405 
f 9196/5305/484 9198/5304/484 9199/5304/402 9197/5305/403 
f 9198/5304/484 9192/5304/401 9195/5304/404 9199/5304/402 
f 9200/5304/483 9201/5305/484 9202/5305/405 9203/5304/404 
f 9201/5305/484 9204/5305/483 9205/5305/403 9202/5305/405 
f 9204/5305/483 9206/5304/484 9207/5304/402 9205/5305/403 
f 9206/5304/484 9200/5304/483 9203/5304/404 9207/5304/402 
f 9208/5306/483 9209/5307/483 9210/5307/402 9211/5306/403 
f 9209/5307/483 9212/5308/483 9213/5308/404 9210/5307/402 
f 9212/5308/483 9214/5309/484 9215/5309/405 9213/5308/404 
f 9214/5309/484 9208/5306/483 9211/5306/403 9215/5309/405 
f 9216/5310/483 9217/5311/484 9218/5311/402 9219/5310/403 
f 9217/5311/484 9220/5312/483 9221/5312/404 9218/5311/402 
f 9220/5312/483 9222/5313/484 9223/5313/405 9221/5312/404 
f 9222/5313/484 9216/5310/483 9219/5310/403 9223/5313/405 
f 9224/5230/483 9225/5230/483 9226/5230/402 9227/5230/403 
f 9225/5230/483 9228/5314/483 9229/5314/404 9226/5230/402 
f 9228/5314/483 9230/5227/484 9231/5227/405 9229/5314/404 
f 9230/5227/484 9224/5230/483 9227/5230/403 9231/5227/405 
f 9232/5230/483 9233/5230/483 9234/5230/402 9235/5230/403 
f 9233/5230/483 9236/5315/483 9237/5315/404 9234/5230/402 
f 9236/5315/483 9238/5223/484 9239/5223/405 9237/5315/404 
f 9238/5223/484 9232/5230/483 9235/5230/403 9239/5223/405 
f 9240/5316/483 9241/5317/484 9242/5317/402 9243/5316/403 
f 9241/5317/484 9244/5318/483 9245/5318/404 9242/5317/402 
f 9244/5318/483 9246/5319/484 9247/5319/405 9245/5318/404 
f 9246/5319/484 9240/5316/483 9243/5316/403 9247/5319/405 
f 9169/5302/413 9248/5320/413 9249/5320/405 9250/5302/487 
f 9248/5320/413 9251/5320/483 9252/5320/403 9249/5320/405 
f 9172/5303/413 9253/5303/488 9252/5320/403 9251/5320/483 
f 9172/5303/413 9169/5302/413 9250/5302/487 9253/5303/488 
f 9177/5305/484 9254/5321/484 9255/5321/405 9256/5305/404 
f 9254/5321/484 9257/5321/483 9258/5321/403 9255/5321/405 
f 9257/5321/483 9180/5305/484 9259/5305/402 9258/5321/403 
f 9180/5305/484 9177/5305/484 9256/5305/404 9259/5305/402 
f 9185/5305/484 9260/5321/484 9261/5321/405 9262/5305/404 
f 9260/5321/484 9263/5321/483 9264/5321/403 9261/5321/405 
f 9263/5321/483 9188/5305/484 9265/5305/402 9264/5321/403 
f 9188/5305/484 9185/5305/484 9262/5305/404 9265/5305/402 
f 9193/5305/484 9266/5321/484 9267/5321/405 9268/5305/404 
f 9266/5321/484 9269/5321/483 9270/5321/403 9267/5321/405 
f 9269/5321/483 9196/5305/484 9271/5305/402 9270/5321/403 
f 9196/5305/484 9193/5305/484 9268/5305/404 9271/5305/402 
f 9201/5305/484 9272/5321/484 9273/5321/405 9274/5305/404 
f 9272/5321/484 9275/5321/483 9276/5321/403 9273/5321/405 
f 9275/5321/483 9204/5305/483 9277/5305/402 9276/5321/403 
f 9204/5305/483 9201/5305/484 9274/5305/404 9277/5305/402 
f 9209/5307/483 9278/5274/484 9279/5274/402 9280/5307/403 
f 9278/5274/484 9281/5271/483 9282/5271/404 9279/5274/402 
f 9281/5271/483 9212/5308/483 9283/5308/405 9282/5271/404 
f 9212/5308/483 9209/5307/483 9280/5307/403 9283/5308/405 
f 9217/5311/484 9284/5294/484 9285/5294/402 9286/5311/403 
f 9284/5294/484 9287/5322/483 9288/5322/404 9285/5294/402 
f 9287/5322/483 9220/5312/483 9289/5312/405 9288/5322/404 
f 9220/5312/483 9217/5311/484 9286/5311/403 9289/5312/405 
f 9225/5230/483 9290/5230/484 9291/5230/402 9292/5230/403 
f 9290/5230/484 9293/5224/483 9294/5224/404 9291/5230/402 
f 9293/5224/483 9228/5314/483 9295/5314/405 9294/5224/404 
f 9228/5314/483 9225/5230/483 9292/5230/403 9295/5314/405 
f 9233/5230/483 9296/5230/484 9297/5230/402 9298/5230/403 
f 9296/5230/484 9299/5323/483 9300/5323/404 9297/5230/402 
f 9299/5323/483 9236/5315/483 9301/5315/405 9300/5323/404 
f 9236/5315/483 9233/5230/483 9298/5230/403 9301/5315/405 
f 9241/5317/484 9302/5253/484 9303/5253/402 9304/5317/403 
f 9302/5253/484 9305/5324/483 9306/5324/404 9303/5253/402 
f 9305/5324/483 9244/5318/483 9307/5318/405 9306/5324/404 
f 9244/5318/483 9241/5317/484 9304/5317/403 9307/5318/405 
f 9171/5301/404 9170/5302/485 9308/5302/489 9309/5301/433 
f 9170/5302/485 9173/5303/486 9310/5303/490 9308/5302/489 
f 9173/5303/486 9175/5301/402 9311/5301/431 9310/5303/490 
f 9175/5301/402 9171/5301/404 9309/5301/433 9311/5301/431 
f 9179/5304/404 9178/5305/405 9312/5305/434 9313/5304/433 
f 9178/5305/405 9181/5305/403 9314/5305/432 9312/5305/434 
f 9181/5305/403 9183/5304/402 9315/5304/431 9314/5305/432 
f 9183/5304/402 9179/5304/404 9313/5304/433 9315/5304/431 
f 9187/5304/404 9186/5305/405 9316/5305/434 9317/5304/433 
f 9186/5305/405 9189/5305/403 9318/5305/432 9316/5305/434 
f 9189/5305/403 9191/5304/402 9319/5304/431 9318/5305/432 
f 9191/5304/402 9187/5304/404 9317/5304/433 9319/5304/431 
f 9195/5304/404 9194/5305/405 9320/5305/479 9321/5304/433 
f 9194/5305/405 9197/5305/403 9322/5305/432 9320/5305/479 
f 9197/5305/403 9199/5304/402 9323/5304/431 9322/5305/432 
f 9199/5304/402 9195/5304/404 9321/5304/433 9323/5304/431 
f 9203/5304/404 9202/5305/405 9324/5305/434 9325/5304/433 
f 9202/5305/405 9205/5305/403 9326/5305/432 9324/5305/434 
f 9205/5305/403 9207/5304/402 9327/5304/431 9326/5305/432 
f 9207/5304/402 9203/5304/404 9325/5304/433 9327/5304/431 
f 9211/5306/403 9210/5307/402 9328/5307/431 9329/5306/432 
f 9210/5307/402 9213/5308/404 9330/5308/433 9328/5307/431 
f 9213/5308/404 9215/5309/405 9331/5309/434 9330/5308/433 
f 9215/5309/405 9211/5306/403 9329/5306/432 9331/5309/434 
f 9219/5310/403 9218/5311/402 9332/5311/431 9333/5310/432 
f 9218/5311/402 9221/5312/404 9334/5312/433 9332/5311/431 
f 9221/5312/404 9223/5313/405 9335/5313/434 9334/5312/433 
f 9223/5313/405 9219/5310/403 9333/5310/432 9335/5313/434 
f 9227/5230/403 9226/5230/402 9336/5230/431 9337/5230/432 
f 9226/5230/402 9229/5314/404 9338/5314/433 9336/5230/431 
f 9229/5314/404 9231/5227/405 9339/5227/434 9338/5314/433 
f 9231/5227/405 9227/5230/403 9337/5230/432 9339/5227/434 
f 9235/5230/403 9234/5230/402 9340/5230/431 9341/5230/432 
f 9234/5230/402 9237/5315/404 9342/5315/433 9340/5230/431 
f 9237/5315/404 9239/5223/405 9343/5223/434 9342/5315/433 
f 9239/5223/405 9235/5230/403 9341/5230/432 9343/5223/434 
f 9243/5316/403 9242/5317/402 9344/5317/431 9345/5316/454 
f 9242/5317/402 9245/5318/404 9346/5318/433 9344/5317/431 
f 9245/5318/404 9247/5319/405 9347/5319/434 9346/5318/433 
f 9247/5319/405 9243/5316/403 9345/5316/454 9347/5319/434 
f 9250/5302/487 9249/5320/405 9348/5320/434 9349/5302/491 
f 9249/5320/405 9252/5320/403 9350/5320/432 9348/5320/434 
f 9350/5320/432 9252/5320/403 9253/5303/488 9351/5303/492 
f 9253/5303/488 9250/5302/487 9349/5302/491 9351/5303/492 
f 9256/5305/404 9255/5321/405 9352/5321/434 9353/5305/433 
f 9255/5321/405 9258/5321/403 9354/5321/432 9352/5321/434 
f 9258/5321/403 9259/5305/402 9355/5305/431 9354/5321/432 
f 9259/5305/402 9256/5305/404 9353/5305/433 9355/5305/431 
f 9262/5305/404 9261/5321/405 9356/5321/434 9357/5305/433 
f 9261/5321/405 9264/5321/403 9358/5321/432 9356/5321/434 
f 9264/5321/403 9265/5305/402 9359/5305/431 9358/5321/432 
f 9265/5305/402 9262/5305/404 9357/5305/433 9359/5305/431 
f 9268/5305/404 9267/5321/405 9360/5321/434 9361/5305/433 
f 9267/5321/405 9270/5321/403 9362/5321/454 9360/5321/434 
f 9270/5321/403 9271/5305/402 9363/5305/431 9362/5321/454 
f 9271/5305/402 9268/5305/404 9361/5305/433 9363/5305/431 
f 9274/5305/404 9273/5321/405 9364/5321/434 9365/5305/433 
f 9273/5321/405 9276/5321/403 9366/5321/454 9364/5321/434 
f 9276/5321/403 9277/5305/402 9367/5305/478 9366/5321/454 
f 9277/5305/402 9274/5305/404 9365/5305/433 9367/5305/478 
f 9280/5307/403 9279/5274/402 9368/5274/431 9369/5307/432 
f 9279/5274/402 9282/5271/404 9370/5271/433 9368/5274/431 
f 9282/5271/404 9283/5308/405 9371/5308/434 9370/5271/433 
f 9283/5308/405 9280/5307/403 9369/5307/432 9371/5308/434 
f 9286/5311/403 9285/5294/402 9372/5294/431 9373/5311/432 
f 9285/5294/402 9288/5322/404 9374/5322/433 9372/5294/431 
f 9288/5322/404 9289/5312/405 9375/5312/434 9374/5322/433 
f 9289/5312/405 9286/5311/403 9373/5311/432 9375/5312/434 
f 9292/5230/403 9291/5230/402 9376/5230/431 9377/5230/432 
f 9291/5230/402 9294/5224/404 9378/5224/433 9376/5230/431 
f 9294/5224/404 9295/5314/405 9379/5314/434 9378/5224/433 
f 9295/5314/405 9292/5230/403 9377/5230/432 9379/5314/434 
f 9298/5230/403 9297/5230/402 9380/5230/431 9381/5230/432 
f 9297/5230/402 9300/5323/404 9382/5323/433 9380/5230/431 
f 9300/5323/404 9301/5315/405 9383/5315/434 9382/5323/433 
f 9301/5315/405 9298/5230/403 9381/5230/432 9383/5315/434 
f 9304/5317/403 9303/5253/402 9384/5253/431 9385/5317/454 
f 9303/5253/402 9306/5324/404 9386/5324/433 9384/5253/431 
f 9306/5324/404 9307/5318/405 9387/5318/434 9386/5324/433 
f 9307/5318/405 9304/5317/403 9385/5317/454 9387/5318/434 
# 3912 polygons

#
# object obj_05
#

v  1.5293 4.5000 7.2904
v  1.5293 4.5000 11.8904
v  1.5293 3.5000 11.8904
v  1.5293 3.5000 7.2904
v  1.5293 4.5000 21.2904
v  1.5293 4.5000 25.8904
v  1.5293 3.5000 25.8904
v  1.5293 3.5000 21.2904
v  1.5293 8.0000 21.2904
v  1.5293 8.0000 25.8904
v  1.5293 7.0000 25.8904
v  1.5293 7.0000 21.2904
v  1.5293 11.5000 21.2904
v  1.5293 11.5000 25.8904
v  1.5293 10.5000 25.8904
v  1.5293 10.5000 21.2904
v  1.5293 15.0000 21.2904
v  1.5293 15.0000 25.8904
v  1.5293 14.0000 25.8904
v  1.5293 14.0000 21.2904
v  1.5293 4.5000 -11.7096
v  1.5293 4.5000 -7.1096
v  1.5293 3.5000 -7.1096
v  1.5293 3.5000 -11.7096
v  1.5293 8.0000 -11.7096
v  1.5293 8.0000 -7.1096
v  1.5293 7.0000 -7.1096
v  1.5293 7.0000 -11.7096
v  1.5293 11.5000 -11.7096
v  1.5293 11.5000 -7.1096
v  1.5293 10.5000 -7.1096
v  1.5293 10.5000 -11.7096
v  1.5293 15.0000 -11.7096
v  1.5293 15.0000 -7.1096
v  1.5293 14.0000 -7.1096
v  1.5293 14.0000 -11.7096
v  1.5293 18.5000 -11.7096
v  1.5293 18.5000 -7.1096
v  1.5293 17.5000 -7.1096
v  1.5293 17.5000 -11.7096
v  1.5293 8.0000 7.2904
v  1.5293 8.0000 11.8904
v  1.5293 7.0000 11.8904
v  1.5293 7.0000 7.2904
v  1.5293 11.5000 7.2904
v  1.5293 11.5000 11.8904
v  1.5293 10.5000 11.8904
v  1.5293 10.5000 7.2904
v  1.5293 15.0000 7.2904
v  1.5293 15.0000 11.8904
v  1.5293 14.0000 11.8904
v  1.5293 14.0000 7.2904
v  1.5293 18.5000 7.2904
v  1.5293 18.5000 11.8904
v  1.5293 17.5000 11.8904
v  1.5293 17.5000 7.2904
v  1.4993 3.5000 11.8904
v  1.4993 4.5000 11.8904
v  1.4993 4.5000 7.2904
v  1.4993 3.5000 7.2904
v  1.4993 3.5000 25.8904
v  1.4993 4.5000 25.8904
v  1.4993 4.5000 21.2904
v  1.4993 3.5000 21.2904
v  1.4993 7.0000 25.8904
v  1.4993 8.0000 25.8904
v  1.4993 8.0000 21.2904
v  1.4993 7.0000 21.2904
v  1.4993 10.5000 25.8904
v  1.4993 11.5000 25.8904
v  1.4993 11.5000 21.2904
v  1.4993 10.5000 21.2904
v  1.4993 14.0000 25.8904
v  1.4993 15.0000 25.8904
v  1.4993 15.0000 21.2904
v  1.4993 14.0000 21.2904
v  1.4993 3.5000 -7.1096
v  1.4993 4.5000 -7.1096
v  1.4993 4.5000 -11.7096
v  1.4993 3.5000 -11.7096
v  1.4993 7.0000 -7.1096
v  1.4993 8.0000 -7.1096
v  1.4993 8.0000 -11.7096
v  1.4993 7.0000 -11.7096
v  1.4993 10.5000 -7.1096
v  1.4993 11.5000 -7.1096
v  1.4993 11.5000 -11.7096
v  1.4993 10.5000 -11.7096
v  1.4993 14.0000 -7.1096
v  1.4993 15.0000 -7.1096
v  1.4993 15.0000 -11.7096
v  1.4993 14.0000 -11.7096
v  1.4993 17.5000 -7.1096
v  1.4993 18.5000 -7.1096
v  1.4993 18.5000 -11.7096
v  1.4993 17.5000 -11.7096
v  1.4993 7.0000 11.8904
v  1.4993 8.0000 11.8904
v  1.4993 8.0000 7.2904
v  1.4993 7.0000 7.2904
v  1.4993 10.5000 11.8904
v  1.4993 11.5000 11.8904
v  1.4993 11.5000 7.2904
v  1.4993 10.5000 7.2904
v  1.4993 14.0000 11.8904
v  1.4993 15.0000 11.8904
v  1.4993 15.0000 7.2904
v  1.4993 14.0000 7.2904
v  1.4993 17.5000 11.8904
v  1.4993 18.5000 11.8904
v  1.4993 18.5000 7.2904
v  1.4993 17.5000 7.2904
v  16.4993 15.0000 -2.0096
v  16.4993 15.0000 2.2904
v  16.4993 14.0000 2.2904
v  16.4993 14.0000 -2.0096
v  16.4993 15.0000 16.9904
v  16.4993 15.0000 21.2904
v  16.4993 14.0000 21.2904
v  16.4993 14.0000 16.9904
v  16.4993 11.5000 -2.0096
v  16.4993 11.5000 2.2904
v  16.4993 10.5000 2.2904
v  16.4993 10.5000 -2.0096
v  16.4993 11.5000 16.9904
v  16.4993 11.5000 21.2904
v  16.4993 10.5000 21.2904
v  16.4993 10.5000 16.9904
v  16.4993 8.0000 -2.0096
v  16.4993 8.0000 2.2904
v  16.4993 7.0000 2.2904
v  16.4993 7.0000 -2.0096
v  16.4993 8.0000 16.9904
v  16.4993 8.0000 21.2904
v  16.4993 7.0000 21.2904
v  16.4993 7.0000 16.9904
v  16.4993 4.5000 -2.0096
v  16.4993 4.5000 2.2904
v  16.4993 3.5000 2.2904
v  16.4993 3.5000 -2.0096
v  16.4993 4.5000 16.9904
v  16.4993 4.5000 21.2904
v  16.4993 3.5000 21.2904
v  16.4993 3.5000 16.9904
v  16.4693 14.0000 2.2904
v  16.4693 15.0000 2.2904
v  16.4693 15.0000 -2.0096
v  16.4693 14.0000 -2.0096
v  16.4693 14.0000 21.2904
v  16.4693 15.0000 21.2904
v  16.4693 15.0000 16.9904
v  16.4693 14.0000 16.9904
v  16.4693 10.5000 2.2904
v  16.4693 11.5000 2.2904
v  16.4693 11.5000 -2.0096
v  16.4693 10.5000 -2.0096
v  16.4693 10.5000 21.2904
v  16.4693 11.5000 21.2904
v  16.4693 11.5000 16.9904
v  16.4693 10.5000 16.9904
v  16.4693 7.0000 2.2904
v  16.4693 8.0000 2.2904
v  16.4693 8.0000 -2.0096
v  16.4693 7.0000 -2.0096
v  16.4693 7.0000 21.2904
v  16.4693 8.0000 21.2904
v  16.4693 8.0000 16.9904
v  16.4693 7.0000 16.9904
v  16.4693 3.5000 2.2904
v  16.4693 4.5000 2.2904
v  16.4693 4.5000 -2.0096
v  16.4693 3.5000 -2.0096
v  16.4693 3.5000 21.2904
v  16.4693 4.5000 21.2904
v  16.4693 4.5000 16.9904
v  16.4693 3.5000 16.9904
v  16.4993 17.5000 -7.1095
v  16.4993 17.5000 -16.7095
v  16.4993 18.5000 -16.7095
v  16.4993 18.5000 -7.1095
v  11.1993 17.5000 -16.7095
v  11.1993 18.5000 -16.7095
v  11.1993 18.5000 -7.1095
v  11.1993 17.5000 -7.1095
v  16.4993 17.5000 11.8905
v  16.4993 17.5000 -2.3095
v  16.4993 18.5000 -2.3095
v  16.4993 18.5000 11.8905
v  11.1993 17.5000 -2.3095
v  11.1993 18.5000 -2.3095
v  11.1993 18.5000 11.8905
v  11.1993 17.5000 11.8905
v  16.4993 17.5000 31.2905
v  16.4993 17.5000 16.6905
v  16.4993 18.5000 16.6905
v  16.4993 18.5000 31.2905
v  11.1993 17.5000 16.6905
v  11.1993 18.5000 16.6905
v  1.4993 18.5000 31.2904
v  1.4993 17.5000 31.2904
v  1.4993 18.5000 16.2904
v  1.4993 17.5000 16.2904
v  3.4993 18.5000 16.2904
v  3.4993 17.5000 16.2904
v  16.4693 18.5000 -16.6795
v  16.4693 17.5000 -16.6795
v  16.4693 17.5000 -7.1395
v  16.4693 18.5000 -7.1395
v  11.1993 18.5000 -16.6795
v  11.1993 17.5000 -16.6795
v  11.1993 18.5000 -7.1395
v  11.1993 17.5000 -7.1395
v  16.4693 18.5000 -2.2795
v  16.4693 17.5000 -2.2795
v  16.4693 17.5000 11.8605
v  16.4693 18.5000 11.8605
v  11.1993 18.5000 -2.2795
v  11.1993 17.5000 -2.2795
v  11.1993 18.5000 11.8605
v  11.1993 17.5000 11.8605
v  16.4693 18.5000 16.7205
v  16.4693 17.5000 16.7205
v  16.4693 17.5000 31.2605
v  16.4693 18.5000 31.2605
v  11.1993 18.5000 16.7205
v  11.1993 17.5000 16.7205
v  1.5293 18.5000 31.2604
v  1.5293 17.5000 31.2604
v  1.5293 18.5000 16.3204
v  1.5293 17.5000 16.3204
v  3.4993 18.5000 16.3204
v  3.4993 17.5000 16.3204
v  14.4055 15.0000 -21.4581
v  11.4990 15.0000 -21.4583
v  11.4990 14.0000 -21.4583
v  14.4055 14.0000 -21.4581
v  14.4055 11.5000 -21.4581
v  11.4990 11.5000 -21.4583
v  11.4990 10.5000 -21.4583
v  14.4055 10.5000 -21.4581
v  14.4055 8.0000 -21.4581
v  11.4990 7.9999 -21.4583
v  11.4990 6.9999 -21.4583
v  14.4055 7.0000 -21.4581
v  14.4055 4.5000 -21.4581
v  11.4990 4.5000 -21.4583
v  11.4990 3.5000 -21.4583
v  14.4055 3.5000 -21.4581
v  14.4056 15.0000 -16.7094
v  14.4056 15.0000 -21.3092
v  14.4056 14.0000 -21.3092
v  14.4056 14.0000 -16.7094
v  14.4056 11.5000 -16.7094
v  14.4056 11.5000 -21.3093
v  14.4056 10.5000 -21.3093
v  14.4056 10.5000 -16.7094
v  14.4056 8.0000 -16.7094
v  14.4055 8.0000 -21.3093
v  14.4055 7.0000 -21.3093
v  14.4056 7.0000 -16.7094
v  14.4056 4.5000 -16.7094
v  14.4055 4.5000 -21.3093
v  14.4055 3.5000 -21.3093
v  14.4056 3.5000 -16.7094
v  11.4990 14.0000 -21.4883
v  11.4990 15.0000 -21.4883
v  14.4055 15.0000 -21.4881
v  14.4055 14.0000 -21.4881
v  11.4990 10.5000 -21.4883
v  11.4990 11.5000 -21.4883
v  14.4055 11.5000 -21.4881
v  14.4055 10.5000 -21.4881
v  11.4990 6.9999 -21.4883
v  11.4990 7.9999 -21.4883
v  14.4055 8.0000 -21.4881
v  14.4055 7.0000 -21.4881
v  11.4990 3.5000 -21.4883
v  11.4990 4.5000 -21.4883
v  14.4055 4.5000 -21.4881
v  14.4055 3.5000 -21.4881
v  14.4356 14.0000 -21.3092
v  14.4356 15.0000 -21.3092
v  14.4356 15.0000 -16.7094
v  14.4356 14.0000 -16.7094
v  14.4356 10.5000 -21.3093
v  14.4356 11.5000 -21.3093
v  14.4356 11.5000 -16.7094
v  14.4356 10.5000 -16.7094
v  14.4355 7.0000 -21.3093
v  14.4355 8.0000 -21.3093
v  14.4356 8.0000 -16.7094
v  14.4356 7.0000 -16.7094
v  14.4355 3.5000 -21.3093
v  14.4355 4.5000 -21.3093
v  14.4356 4.5000 -16.7094
v  14.4356 3.5000 -16.7094
v  11.4990 1.0000 -21.4881
v  14.4055 1.0000 -21.4879
v  14.4055 -0.0000 -21.4879
v  11.4990 -0.0000 -21.4881
v  14.4054 -0.0000 -21.4579
v  14.4054 1.0000 -21.4579
v  11.4990 1.0000 -21.4581
v  11.4990 -0.0000 -21.4581
# 304 vertices

vn 0.5774 0.5774 -0.5774
vn 0.5774 0.5774 0.5774
vn 0.5774 -0.5774 0.5774
vn 0.5774 -0.5774 -0.5774
vn 0.5774 0.5774 0.5773
vn -0.5774 -0.5774 0.5774
vn -0.5774 0.5774 0.5774
vn -0.5774 0.5774 -0.5774
vn -0.5774 -0.5774 -0.5774
vn -0.5774 -0.5774 -0.5773
vn 0.5774 -0.5774 0.5773
vn 0.5773 0.5773 -0.5774
vn 0.5773 -0.5773 -0.5774
vn -0.5774 0.5774 -0.5773
vn -0.5773 -0.5773 0.5774
vn -0.5773 0.5773 0.5774
vn 0.5773 -0.5774 -0.5774
vn 0.5774 0.5774 -0.5773
vn -0.5773 0.5774 0.5774
vn 0.5773 -0.5774 0.5774
vn -0.5774 -0.5774 0.5773
vn -0.5773 0.5774 -0.5774
vn -0.5773 -0.5774 -0.5774
vn 0.5774 0.5773 -0.5773
vn 0.5774 -0.5773 -0.5773
vn -0.3015 0.9045 0.3015
vn -0.3015 -0.9045 0.3015
vn -0.3015 -0.9045 -0.3015
vn -0.3015 0.9045 -0.3015
vn 0.3015 0.9045 -0.3015
vn 0.3015 -0.9045 -0.3015
vn 0.3015 0.9045 0.3015
vn 0.3015 -0.9045 0.3015
vn 0.5773 0.5774 0.5774
vn 0.5773 0.5773 0.5774
vn -0.5774 0.5774 0.5773
vn -0.5774 -0.5773 0.5773
vn -0.5774 0.5773 0.5773
vn 0.5773 -0.5773 0.5774
vn -0.5773 0.5773 -0.5774
vn -0.5773 -0.5773 -0.5774
vn 0.5774 -0.5774 -0.5773
# 42 vertex normals

vt -7.4700 -21.5000 4.5000
vt -7.4700 -26.1000 4.5000
vt -7.4700 -26.1000 3.5000
vt -7.4700 -21.5000 3.5000
vt -7.4700 -35.5000 4.5000
vt -7.4700 -40.1000 4.5000
vt -7.4700 -40.1000 3.5000
vt -7.4700 -35.5000 3.5000
vt -7.4700 -35.5000 8.0000
vt -7.4700 -40.1000 8.0000
vt -7.4700 -40.1000 7.0000
vt -7.4700 -35.5000 7.0000
vt -7.4700 -35.5000 11.5000
vt -7.4700 -40.1000 11.5000
vt -7.4700 -40.1000 10.5000
vt -7.4700 -35.5000 10.5000
vt -7.4700 -35.5000 15.0000
vt -7.4700 -40.1000 15.0000
vt -7.4700 -40.1000 14.0000
vt -7.4700 -35.5000 14.0000
vt -7.4700 -2.5000 4.5000
vt -7.4700 -7.1000 4.5000
vt -7.4700 -7.1000 3.5000
vt -7.4700 -2.5000 3.5000
vt -7.4700 -2.5000 8.0000
vt -7.4700 -7.1000 8.0000
vt -7.4700 -7.1000 7.0000
vt -7.4700 -2.5000 7.0000
vt -7.4700 -2.5000 11.5000
vt -7.4700 -7.1000 11.5000
vt -7.4700 -7.1000 10.5000
vt -7.4700 -2.5000 10.5000
vt -7.4700 -2.5000 15.0000
vt -7.4700 -7.1000 15.0000
vt -7.4700 -7.1000 14.0000
vt -7.4700 -2.5000 14.0000
vt -7.4700 -2.5000 18.5000
vt -7.4700 -7.1000 18.5000
vt -7.4700 -7.1000 17.5000
vt -7.4700 -2.5000 17.5000
vt -7.4700 -21.5000 8.0000
vt -7.4700 -26.1000 8.0000
vt -7.4700 -26.1000 7.0000
vt -7.4700 -21.5000 7.0000
vt -7.4700 -21.5000 11.5000
vt -7.4700 -26.1000 11.5000
vt -7.4700 -26.1000 10.5000
vt -7.4700 -21.5000 10.5000
vt -7.4700 -21.5000 15.0000
vt -7.4700 -26.1000 15.0000
vt -7.4700 -26.1000 14.0000
vt -7.4700 -21.5000 14.0000
vt -7.4700 -21.5000 18.5000
vt -7.4700 -26.1000 18.5000
vt -7.4700 -26.1000 17.5000
vt -7.4700 -21.5000 17.5000
vt -7.5000 -26.1000 3.5000
vt -7.5000 -26.1000 4.5000
vt -7.5000 -21.5000 4.5000
vt -7.5000 -21.5000 3.5000
vt -7.5000 -40.1000 3.5000
vt -7.5000 -40.1000 4.5000
vt -7.5000 -35.5000 4.5000
vt -7.5000 -35.5000 3.5000
vt -7.5000 -40.1000 7.0000
vt -7.5000 -40.1000 8.0000
vt -7.5000 -35.5000 8.0000
vt -7.5000 -35.5000 7.0000
vt -7.5000 -40.1000 10.5000
vt -7.5000 -40.1000 11.5000
vt -7.5000 -35.5000 11.5000
vt -7.5000 -35.5000 10.5000
vt -7.5000 -40.1000 14.0000
vt -7.5000 -40.1000 15.0000
vt -7.5000 -35.5000 15.0000
vt -7.5000 -35.5000 14.0000
vt -7.5000 -7.1000 3.5000
vt -7.5000 -7.1000 4.5000
vt -7.5000 -2.5000 4.5000
vt -7.5000 -2.5000 3.5000
vt -7.5000 -7.1000 7.0000
vt -7.5000 -7.1000 8.0000
vt -7.5000 -2.5000 8.0000
vt -7.5000 -2.5000 7.0000
vt -7.5000 -7.1000 10.5000
vt -7.5000 -7.1000 11.5000
vt -7.5000 -2.5000 11.5000
vt -7.5000 -2.5000 10.5000
vt -7.5000 -7.1000 14.0000
vt -7.5000 -7.1000 15.0000
vt -7.5000 -2.5000 15.0000
vt -7.5000 -2.5000 14.0000
vt -7.5000 -7.1000 17.5000
vt -7.5000 -7.1000 18.5000
vt -7.5000 -2.5000 18.5000
vt -7.5000 -2.5000 17.5000
vt -7.5000 -26.1000 7.0000
vt -7.5000 -26.1000 8.0000
vt -7.5000 -21.5000 8.0000
vt -7.5000 -21.5000 7.0000
vt -7.5000 -26.1000 10.5000
vt -7.5000 -26.1000 11.5000
vt -7.5000 -21.5000 11.5000
vt -7.5000 -21.5000 10.5000
vt -7.5000 -26.1000 14.0000
vt -7.5000 -26.1000 15.0000
vt -7.5000 -21.5000 15.0000
vt -7.5000 -21.5000 14.0000
vt -7.5000 -26.1000 17.5000
vt -7.5000 -26.1000 18.5000
vt -7.5000 -21.5000 18.5000
vt -7.5000 -21.5000 17.5000
vt 7.5000 -12.2000 15.0000
vt 7.5000 -16.5000 15.0000
vt 7.5000 -16.5000 14.0000
vt 7.5000 -12.2000 14.0000
vt 7.5000 -31.2000 15.0000
vt 7.5000 -35.5000 15.0000
vt 7.5000 -35.5000 14.0000
vt 7.5000 -31.2000 14.0000
vt 7.5000 -12.2000 11.5000
vt 7.5000 -16.5000 11.5000
vt 7.5000 -16.5000 10.5000
vt 7.5000 -12.2000 10.5000
vt 7.5000 -31.2000 11.5000
vt 7.5000 -35.5000 11.5000
vt 7.5000 -35.5000 10.5000
vt 7.5000 -31.2000 10.5000
vt 7.5000 -12.1999 8.0000
vt 7.5000 -16.4999 8.0000
vt 7.5000 -16.4999 7.0000
vt 7.5000 -12.1999 7.0000
vt 7.5000 -31.1999 8.0000
vt 7.5000 -35.4999 8.0000
vt 7.5000 -35.4999 7.0000
vt 7.5000 -31.1999 7.0000
vt 7.5000 -12.2000 4.5000
vt 7.5000 -16.5000 4.5000
vt 7.5000 -16.5000 3.5000
vt 7.5000 -12.2000 3.5000
vt 7.5000 -31.2000 4.5000
vt 7.5000 -35.5000 4.5000
vt 7.5000 -35.5000 3.5000
vt 7.5000 -31.2000 3.5000
vt 7.4700 -16.5000 14.0000
vt 7.4700 -16.5000 15.0000
vt 7.4700 -12.2000 15.0000
vt 7.4700 -12.2000 14.0000
vt 7.4700 -35.5000 14.0000
vt 7.4700 -35.5000 15.0000
vt 7.4700 -31.2000 15.0000
vt 7.4700 -31.2000 14.0000
vt 7.4700 -16.5000 10.5000
vt 7.4700 -16.5000 11.5000
vt 7.4700 -12.2000 11.5000
vt 7.4700 -12.2000 10.5000
vt 7.4700 -35.5000 10.5000
vt 7.4700 -35.5000 11.5000
vt 7.4700 -31.2000 11.5000
vt 7.4700 -31.2000 10.5000
vt 7.4700 -16.4999 7.0000
vt 7.4700 -16.4999 8.0000
vt 7.4700 -12.1999 8.0000
vt 7.4700 -12.1999 7.0000
vt 7.4700 -35.4999 7.0000
vt 7.4700 -35.4999 8.0000
vt 7.4700 -31.1999 8.0000
vt 7.4700 -31.1999 7.0000
vt 7.4700 -16.5000 3.5000
vt 7.4700 -16.5000 4.5000
vt 7.4700 -12.2000 4.5000
vt 7.4700 -12.2000 3.5000
vt 7.4700 -35.5000 3.5000
vt 7.4700 -35.5000 4.5000
vt 7.4700 -31.2000 4.5000
vt 7.4700 -31.2000 3.5000
vt 0.0000 0.0000 0.0000
vt 1.0000 0.0000 0.0000
vt 1.0000 1.0000 0.0000
vt 0.0000 1.0000 0.0000
vt 5.4062 7.4697 15.0000
vt 2.4997 7.4699 15.0000
vt 2.4997 7.4699 14.0000
vt 5.4062 7.4697 14.0000
vt 5.4062 7.4697 11.5000
vt 2.4998 7.4699 11.5000
vt 2.4998 7.4699 10.5000
vt 5.4062 7.4697 10.5000
vt 5.4062 7.4697 8.0000
vt 2.4997 7.4700 7.9999
vt 2.4997 7.4700 6.9999
vt 5.4062 7.4697 7.0000
vt 5.4062 7.4697 4.5000
vt 2.4997 7.4699 4.5000
vt 2.4997 7.4699 3.5000
vt 5.4062 7.4697 3.5000
vt 5.4063 2.4998 15.0000
vt 5.4063 7.0997 15.0000
vt 5.4063 7.0997 14.0000
vt 5.4063 2.4998 14.0000
vt 5.4063 2.4998 11.5000
vt 5.4063 7.0997 11.5000
vt 5.4063 7.0997 10.5000
vt 5.4063 2.4998 10.5000
vt 5.4063 2.4999 8.0000
vt 5.4063 7.0997 8.0000
vt 5.4063 7.0997 7.0000
vt 5.4063 2.4999 7.0000
vt 5.4063 2.4998 4.5000
vt 5.4063 7.0997 4.5000
vt 5.4063 7.0997 3.5000
vt 5.4063 2.4998 3.5000
vt 2.4998 7.4999 14.0000
vt 2.4998 7.4999 15.0000
vt 5.4062 7.4997 15.0000
vt 5.4062 7.4997 14.0000
vt 2.4998 7.4999 10.5000
vt 2.4998 7.4999 11.5000
vt 5.4062 7.4997 11.5000
vt 5.4062 7.4997 10.5000
vt 2.4997 7.5000 6.9999
vt 2.4997 7.5000 7.9999
vt 5.4062 7.4997 8.0000
vt 5.4062 7.4997 7.0000
vt 2.4997 7.4999 3.5000
vt 2.4997 7.4999 4.5000
vt 5.4062 7.4997 4.5000
vt 5.4062 7.4997 3.5000
vt 5.4363 7.0997 14.0000
vt 5.4363 7.0997 15.0000
vt 5.4363 2.4998 15.0000
vt 5.4363 2.4998 14.0000
vt 5.4363 7.0997 10.5000
vt 5.4363 7.0997 11.5000
vt 5.4363 2.4998 11.5000
vt 5.4363 2.4998 10.5000
vt 5.4363 7.0997 7.0000
vt 5.4363 7.0997 8.0000
vt 5.4363 2.4999 8.0000
vt 5.4363 2.4999 7.0000
vt 5.4363 7.0997 3.5000
vt 5.4363 7.0997 4.5000
vt 5.4363 2.4998 4.5000
vt 5.4363 2.4998 3.5000
vt 2.4997 7.2785 1.0000
vt 5.4062 7.2783 1.0000
vt 5.4062 7.2783 -0.0000
vt 2.4997 7.2785 -0.0000
vt 5.4062 7.2483 -0.0000
vt 5.4062 7.2483 1.0000
vt 2.4997 7.2485 1.0000
vt 2.4997 7.2485 -0.0000
# 252 texture coords

o obj_05
g obj_05
usemtl wire_115115115
s 1
f 9388/5325/493 9389/5326/494 9390/5327/495 9391/5328/496 
f 9392/5329/493 9393/5330/497 9394/5331/495 9395/5332/496 
f 9396/5333/493 9397/5334/497 9398/5335/495 9399/5336/496 
f 9400/5337/493 9401/5338/497 9402/5339/495 9403/5340/496 
f 9404/5341/493 9405/5342/494 9406/5343/495 9407/5344/496 
f 9408/5345/493 9409/5346/494 9410/5347/495 9411/5348/496 
f 9412/5349/493 9413/5350/494 9414/5351/495 9415/5352/496 
f 9416/5353/493 9417/5354/494 9418/5355/495 9419/5356/496 
f 9420/5357/493 9421/5358/494 9422/5359/495 9423/5360/496 
f 9424/5361/493 9425/5362/494 9426/5363/495 9427/5364/496 
f 9428/5365/493 9429/5366/494 9430/5367/495 9431/5368/496 
f 9432/5369/493 9433/5370/494 9434/5371/495 9435/5372/496 
f 9436/5373/493 9437/5374/494 9438/5375/495 9439/5376/496 
f 9440/5377/493 9441/5378/494 9442/5379/495 9443/5380/496 
f 9444/5381/498 9445/5382/499 9446/5383/500 9447/5384/501 
f 9448/5385/498 9449/5386/499 9450/5387/500 9451/5388/502 
f 9452/5389/498 9453/5390/499 9454/5391/500 9455/5392/502 
f 9456/5393/498 9457/5394/499 9458/5395/500 9459/5396/502 
f 9460/5397/498 9461/5398/499 9462/5399/500 9463/5400/501 
f 9464/5401/498 9465/5402/499 9466/5403/500 9467/5404/501 
f 9468/5405/498 9469/5406/499 9470/5407/500 9471/5408/501 
f 9472/5409/498 9473/5410/499 9474/5411/500 9475/5412/501 
f 9476/5413/498 9477/5414/499 9478/5415/500 9479/5416/501 
f 9480/5417/498 9481/5418/499 9482/5419/500 9483/5420/501 
f 9484/5421/498 9485/5422/499 9486/5423/500 9487/5424/501 
f 9488/5425/498 9489/5426/499 9490/5427/500 9491/5428/501 
f 9492/5429/498 9493/5430/499 9494/5431/500 9495/5432/501 
f 9496/5433/498 9497/5434/499 9498/5435/500 9499/5436/501 
s 2
f 9389/5326/494 9388/5325/493 9446/5383/500 9445/5382/499 
s 4
f 9390/5327/495 9389/5326/494 9445/5382/499 9444/5381/498 
s 2
f 9391/5328/496 9390/5327/495 9444/5381/498 9447/5384/501 
s 4
f 9388/5325/493 9391/5328/496 9447/5384/501 9446/5383/500 
s 2
f 9393/5330/497 9392/5329/493 9450/5387/500 9449/5386/499 
s 4
f 9394/5331/495 9393/5330/497 9449/5386/499 9448/5385/498 
s 2
f 9395/5332/496 9394/5331/495 9448/5385/498 9451/5388/502 
s 4
f 9392/5329/493 9395/5332/496 9451/5388/502 9450/5387/500 
s 2
f 9397/5334/497 9396/5333/493 9454/5391/500 9453/5390/499 
s 4
f 9398/5335/495 9397/5334/497 9453/5390/499 9452/5389/498 
s 2
f 9399/5336/496 9398/5335/495 9452/5389/498 9455/5392/502 
s 4
f 9396/5333/493 9399/5336/496 9455/5392/502 9454/5391/500 
s 2
f 9401/5338/497 9400/5337/493 9458/5395/500 9457/5394/499 
s 4
f 9402/5339/495 9401/5338/497 9457/5394/499 9456/5393/498 
s 2
f 9403/5340/496 9402/5339/495 9456/5393/498 9459/5396/502 
s 4
f 9400/5337/493 9403/5340/496 9459/5396/502 9458/5395/500 
s 2
f 9405/5342/494 9404/5341/493 9462/5399/500 9461/5398/499 
s 4
f 9406/5343/495 9405/5342/494 9461/5398/499 9460/5397/498 
s 2
f 9407/5344/496 9406/5343/495 9460/5397/498 9463/5400/501 
s 4
f 9404/5341/493 9407/5344/496 9463/5400/501 9462/5399/500 
s 2
f 9409/5346/494 9408/5345/493 9466/5403/500 9465/5402/499 
s 4
f 9410/5347/495 9409/5346/494 9465/5402/499 9464/5401/498 
s 2
f 9411/5348/496 9410/5347/495 9464/5401/498 9467/5404/501 
s 4
f 9408/5345/493 9411/5348/496 9467/5404/501 9466/5403/500 
s 2
f 9413/5350/494 9412/5349/493 9470/5407/500 9469/5406/499 
s 4
f 9414/5351/495 9413/5350/494 9469/5406/499 9468/5405/498 
s 2
f 9415/5352/496 9414/5351/495 9468/5405/498 9471/5408/501 
s 4
f 9412/5349/493 9415/5352/496 9471/5408/501 9470/5407/500 
s 2
f 9417/5354/494 9416/5353/493 9474/5411/500 9473/5410/499 
s 4
f 9418/5355/495 9417/5354/494 9473/5410/499 9472/5409/498 
s 2
f 9419/5356/496 9418/5355/495 9472/5409/498 9475/5412/501 
s 4
f 9416/5353/493 9419/5356/496 9475/5412/501 9474/5411/500 
s 2
f 9421/5358/494 9420/5357/493 9478/5415/500 9477/5414/499 
s 4
f 9422/5359/495 9421/5358/494 9477/5414/499 9476/5413/498 
s 2
f 9423/5360/496 9422/5359/495 9476/5413/498 9479/5416/501 
s 4
f 9420/5357/493 9423/5360/496 9479/5416/501 9478/5415/500 
s 2
f 9425/5362/494 9424/5361/493 9482/5419/500 9481/5418/499 
s 4
f 9426/5363/495 9425/5362/494 9481/5418/499 9480/5417/498 
s 2
f 9427/5364/496 9426/5363/495 9480/5417/498 9483/5420/501 
s 4
f 9424/5361/493 9427/5364/496 9483/5420/501 9482/5419/500 
s 2
f 9429/5366/494 9428/5365/493 9486/5423/500 9485/5422/499 
s 4
f 9430/5367/495 9429/5366/494 9485/5422/499 9484/5421/498 
s 2
f 9431/5368/496 9430/5367/495 9484/5421/498 9487/5424/501 
s 4
f 9428/5365/493 9431/5368/496 9487/5424/501 9486/5423/500 
s 2
f 9433/5370/494 9432/5369/493 9490/5427/500 9489/5426/499 
s 4
f 9434/5371/495 9433/5370/494 9489/5426/499 9488/5425/498 
s 2
f 9435/5372/496 9434/5371/495 9488/5425/498 9491/5428/501 
s 4
f 9432/5369/493 9435/5372/496 9491/5428/501 9490/5427/500 
s 2
f 9437/5374/494 9436/5373/493 9494/5431/500 9493/5430/499 
s 4
f 9438/5375/495 9437/5374/494 9493/5430/499 9492/5429/498 
s 2
f 9439/5376/496 9438/5375/495 9492/5429/498 9495/5432/501 
s 4
f 9436/5373/493 9439/5376/496 9495/5432/501 9494/5431/500 
s 2
f 9441/5378/494 9440/5377/493 9498/5435/500 9497/5434/499 
s 4
f 9442/5379/495 9441/5378/494 9497/5434/499 9496/5433/498 
s 2
f 9443/5380/496 9442/5379/495 9496/5433/498 9499/5436/501 
s 4
f 9440/5377/493 9443/5380/496 9499/5436/501 9498/5435/500 
s 1
f 9500/5437/493 9501/5438/497 9502/5439/503 9503/5440/496 
f 9504/5441/504 9505/5442/497 9506/5443/503 9507/5444/505 
f 9508/5445/504 9509/5446/497 9510/5447/503 9511/5448/505 
f 9512/5449/504 9513/5450/497 9514/5451/503 9515/5452/505 
f 9516/5453/504 9517/5454/497 9518/5455/503 9519/5456/496 
f 9520/5457/504 9521/5458/497 9522/5459/503 9523/5460/505 
f 9524/5461/493 9525/5462/497 9526/5463/503 9527/5464/496 
f 9528/5465/504 9529/5466/497 9530/5467/503 9531/5468/505 
f 9532/5469/498 9533/5470/499 9534/5471/506 9535/5472/502 
f 9536/5473/507 9537/5474/508 9538/5475/506 9539/5476/502 
f 9540/5477/507 9541/5478/508 9542/5479/506 9543/5480/502 
f 9544/5481/507 9545/5482/508 9546/5483/506 9547/5484/502 
f 9548/5485/507 9549/5486/499 9550/5487/506 9551/5488/502 
f 9552/5489/507 9553/5490/508 9554/5491/506 9555/5492/502 
f 9556/5493/498 9557/5494/499 9558/5495/506 9559/5496/502 
f 9560/5497/507 9561/5498/508 9562/5499/506 9563/5500/502 
s 2
f 9501/5438/497 9500/5437/493 9534/5471/506 9533/5470/499 
s 4
f 9502/5439/503 9501/5438/497 9533/5470/499 9532/5469/498 
s 2
f 9503/5440/496 9502/5439/503 9532/5469/498 9535/5472/502 
s 4
f 9500/5437/493 9503/5440/496 9535/5472/502 9534/5471/506 
s 2
f 9505/5442/497 9504/5441/504 9538/5475/506 9537/5474/508 
s 4
f 9506/5443/503 9505/5442/497 9537/5474/508 9536/5473/507 
s 2
f 9507/5444/505 9506/5443/503 9536/5473/507 9539/5476/502 
s 4
f 9504/5441/504 9507/5444/505 9539/5476/502 9538/5475/506 
s 2
f 9509/5446/497 9508/5445/504 9542/5479/506 9541/5478/508 
s 4
f 9510/5447/503 9509/5446/497 9541/5478/508 9540/5477/507 
s 2
f 9511/5448/505 9510/5447/503 9540/5477/507 9543/5480/502 
s 4
f 9508/5445/504 9511/5448/505 9543/5480/502 9542/5479/506 
s 2
f 9513/5450/497 9512/5449/504 9546/5483/506 9545/5482/508 
s 4
f 9514/5451/503 9513/5450/497 9545/5482/508 9544/5481/507 
s 2
f 9515/5452/505 9514/5451/503 9544/5481/507 9547/5484/502 
s 4
f 9512/5449/504 9515/5452/505 9547/5484/502 9546/5483/506 
s 2
f 9517/5454/497 9516/5453/504 9550/5487/506 9549/5486/499 
s 4
f 9518/5455/503 9517/5454/497 9549/5486/499 9548/5485/507 
s 2
f 9519/5456/496 9518/5455/503 9548/5485/507 9551/5488/502 
s 4
f 9516/5453/504 9519/5456/496 9551/5488/502 9550/5487/506 
s 2
f 9521/5458/497 9520/5457/504 9554/5491/506 9553/5490/508 
s 4
f 9522/5459/503 9521/5458/497 9553/5490/508 9552/5489/507 
s 2
f 9523/5460/505 9522/5459/503 9552/5489/507 9555/5492/502 
s 4
f 9520/5457/504 9523/5460/505 9555/5492/502 9554/5491/506 
s 2
f 9525/5462/497 9524/5461/493 9558/5495/506 9557/5494/499 
s 4
f 9526/5463/503 9525/5462/497 9557/5494/499 9556/5493/498 
s 2
f 9527/5464/496 9526/5463/503 9556/5493/498 9559/5496/502 
s 4
f 9524/5461/493 9527/5464/496 9559/5496/502 9558/5495/506 
s 2
f 9529/5466/497 9528/5465/504 9562/5499/506 9561/5498/508 
s 4
f 9530/5467/503 9529/5466/497 9561/5498/508 9560/5497/507 
s 2
f 9531/5468/505 9530/5467/503 9560/5497/507 9563/5500/502 
s 4
f 9528/5465/504 9531/5468/505 9563/5500/502 9562/5499/506 
s 16
f 9564/5501/503 9565/5502/509 9566/5503/510 9567/5504/497 
s 32
f 9565/5501/509 9568/5502/501 9569/5503/500 9566/5504/510 
s off
f 9564/5501/503 9567/5504/497 9570/5504/511 9571/5501/507 
s 16
f 9572/5501/503 9573/5502/496 9574/5503/493 9575/5504/497 
s 32
f 9573/5501/496 9576/5502/501 9577/5503/500 9574/5504/493 
s off
f 9572/5501/503 9575/5504/497 9578/5504/511 9579/5501/507 
s 16
f 9580/5501/512 9581/5502/496 9582/5503/493 9583/5504/494 
s 32
f 9581/5501/496 9584/5502/501 9585/5503/500 9582/5504/493 
s off
f 9580/5501/512 9583/5504/494 9586/5504/499 9587/5501/513 
f 9587/5501/513 9586/5504/499 9588/5504/514 9589/5501/515 
f 9589/5501/515 9588/5504/514 9590/5504/516 9591/5501/517 
s 16
f 9592/5503/518 9593/5502/519 9594/5501/520 9595/5504/521 
s 32
f 9596/5503/499 9597/5502/498 9593/5501/519 9592/5504/518 
s off
f 9598/5504/506 9595/5504/521 9594/5501/520 9599/5501/502 
s 16
f 9600/5503/518 9601/5502/519 9602/5501/520 9603/5504/521 
s 32
f 9604/5503/499 9605/5502/498 9601/5501/519 9600/5504/518 
s off
f 9606/5504/506 9603/5504/521 9602/5501/520 9607/5501/502 
s 16
f 9608/5503/518 9609/5502/519 9610/5501/520 9611/5504/521 
s 32
f 9612/5503/499 9613/5502/498 9609/5501/519 9608/5504/518 
s off
f 9614/5504/522 9611/5504/521 9610/5501/520 9615/5501/523 
f 9616/5504/524 9614/5504/522 9615/5501/523 9617/5501/525 
f 9618/5504/526 9616/5504/524 9617/5501/525 9619/5501/512 
s 1
f 9565/5502/509 9564/5501/503 9594/5501/520 9593/5502/519 
f 9567/5504/497 9566/5503/510 9592/5503/518 9595/5504/521 
f 9568/5502/501 9565/5501/509 9593/5501/519 9597/5502/498 
s 2
f 9569/5503/500 9568/5502/501 9597/5502/498 9596/5503/499 
s 1
f 9566/5504/510 9569/5503/500 9596/5503/499 9592/5504/518 
f 9570/5504/511 9567/5504/497 9595/5504/521 9598/5504/506 
s 2
f 9571/5501/507 9570/5504/511 9598/5504/506 9599/5501/502 
s 1
f 9564/5501/503 9571/5501/507 9599/5501/502 9594/5501/520 
f 9573/5502/496 9572/5501/503 9602/5501/520 9601/5502/519 
f 9575/5504/497 9574/5503/493 9600/5503/518 9603/5504/521 
f 9576/5502/501 9573/5501/496 9601/5501/519 9605/5502/498 
s 2
f 9577/5503/500 9576/5502/501 9605/5502/498 9604/5503/499 
s 1
f 9574/5504/493 9577/5503/500 9604/5503/499 9600/5504/518 
f 9578/5504/511 9575/5504/497 9603/5504/521 9606/5504/506 
s 2
f 9579/5501/507 9578/5504/511 9606/5504/506 9607/5501/502 
s 1
f 9572/5501/503 9579/5501/507 9607/5501/502 9602/5501/520 
f 9581/5502/496 9580/5501/512 9610/5501/520 9609/5502/519 
f 9583/5504/494 9582/5503/493 9608/5503/518 9611/5504/521 
f 9584/5502/501 9581/5501/496 9609/5501/519 9613/5502/498 
s 2
f 9585/5503/500 9584/5502/501 9613/5502/498 9612/5503/499 
s 1
f 9582/5504/493 9585/5503/500 9612/5503/499 9608/5504/518 
f 9586/5504/499 9583/5504/494 9611/5504/521 9614/5504/522 
f 9580/5501/512 9587/5501/513 9615/5501/523 9610/5501/520 
f 9588/5504/514 9586/5504/499 9614/5504/522 9616/5504/524 
f 9587/5501/513 9589/5501/515 9617/5501/525 9615/5501/523 
f 9590/5504/516 9588/5504/514 9616/5504/524 9618/5504/526 
s 2
f 9591/5501/517 9590/5504/516 9618/5504/526 9619/5501/512 
s 1
f 9589/5501/515 9591/5501/517 9619/5501/512 9617/5501/525 
f 9620/5505/527 9621/5506/528 9622/5507/529 9623/5508/512 
f 9624/5509/527 9625/5510/528 9626/5511/529 9627/5512/512 
f 9628/5513/526 9629/5514/530 9630/5515/513 9631/5516/531 
f 9632/5517/527 9633/5518/528 9634/5519/529 9635/5520/512 
f 9636/5521/528 9637/5522/532 9638/5523/502 9639/5524/507 
f 9640/5525/528 9641/5526/532 9642/5527/502 9643/5528/507 
f 9644/5529/528 9645/5530/532 9646/5531/502 9647/5532/507 
f 9648/5533/528 9649/5534/532 9650/5535/502 9651/5536/507 
f 9652/5537/533 9653/5538/514 9654/5539/516 9655/5540/534 
f 9656/5541/533 9657/5542/514 9658/5543/516 9659/5544/534 
f 9660/5545/515 9661/5546/514 9662/5547/510 9663/5548/534 
f 9664/5549/533 9665/5550/514 9666/5551/516 9667/5552/534 
f 9668/5553/534 9669/5554/504 9670/5555/497 9671/5556/531 
f 9672/5557/534 9673/5558/504 9674/5559/497 9675/5560/531 
f 9676/5561/534 9677/5562/504 9678/5563/497 9679/5564/531 
f 9680/5565/534 9681/5566/504 9682/5567/497 9683/5568/531 
s 2
f 9621/5506/528 9620/5505/527 9654/5539/516 9653/5538/514 
s 4
f 9622/5507/529 9621/5506/528 9653/5538/514 9652/5537/533 
s 2
f 9623/5508/512 9622/5507/529 9652/5537/533 9655/5540/534 
s 4
f 9620/5505/527 9623/5508/512 9655/5540/534 9654/5539/516 
s 2
f 9625/5510/528 9624/5509/527 9658/5543/516 9657/5542/514 
s 4
f 9626/5511/529 9625/5510/528 9657/5542/514 9656/5541/533 
s 2
f 9627/5512/512 9626/5511/529 9656/5541/533 9659/5544/534 
s 4
f 9624/5509/527 9627/5512/512 9659/5544/534 9658/5543/516 
s 2
f 9629/5514/530 9628/5513/526 9662/5547/510 9661/5546/514 
s 4
f 9630/5515/513 9629/5514/530 9661/5546/514 9660/5545/515 
s 2
f 9631/5516/531 9630/5515/513 9660/5545/515 9663/5548/534 
s 4
f 9628/5513/526 9631/5516/531 9663/5548/534 9662/5547/510 
s 2
f 9633/5518/528 9632/5517/527 9666/5551/516 9665/5550/514 
s 4
f 9634/5519/529 9633/5518/528 9665/5550/514 9664/5549/533 
s 2
f 9635/5520/512 9634/5519/529 9664/5549/533 9667/5552/534 
s 4
f 9632/5517/527 9635/5520/512 9667/5552/534 9666/5551/516 
s 2
f 9637/5522/532 9636/5521/528 9670/5555/497 9669/5554/504 
s 4
f 9638/5523/502 9637/5522/532 9669/5554/504 9668/5553/534 
s 2
f 9639/5524/507 9638/5523/502 9668/5553/534 9671/5556/531 
s 4
f 9636/5521/528 9639/5524/507 9671/5556/531 9670/5555/497 
s 2
f 9641/5526/532 9640/5525/528 9674/5559/497 9673/5558/504 
s 4
f 9642/5527/502 9641/5526/532 9673/5558/504 9672/5557/534 
s 2
f 9643/5528/507 9642/5527/502 9672/5557/534 9675/5560/531 
s 4
f 9640/5525/528 9643/5528/507 9675/5560/531 9674/5559/497 
s 2
f 9645/5530/532 9644/5529/528 9678/5563/497 9677/5562/504 
s 4
f 9646/5531/502 9645/5530/532 9677/5562/504 9676/5561/534 
s 2
f 9647/5532/507 9646/5531/502 9676/5561/534 9679/5564/531 
s 4
f 9644/5529/528 9647/5532/507 9679/5564/531 9678/5563/497 
s 2
f 9649/5534/532 9648/5533/528 9682/5567/497 9681/5566/504 
s 4
f 9650/5535/502 9649/5534/532 9681/5566/504 9680/5565/534 
s 2
f 9651/5536/507 9650/5535/502 9680/5565/534 9683/5568/531 
s 4
f 9648/5533/528 9651/5536/507 9683/5568/531 9682/5567/497 
s 1
f 9684/5569/514 9685/5570/510 9686/5571/534 9687/5572/515 
f 9688/5573/512 9689/5574/527 9690/5575/528 9691/5576/529 
s 2
f 9685/5570/510 9684/5569/514 9690/5575/528 9689/5574/527 
s 4
f 9686/5571/534 9685/5570/510 9689/5574/527 9688/5573/512 
s 2
f 9687/5572/515 9686/5571/534 9688/5573/512 9691/5576/529 
s 4
f 9684/5569/514 9687/5572/515 9691/5576/529 9690/5575/528 
# 236 polygons

#
# object obj_06
#

v  1.4993 3.5300 28.7404
v  1.4993 3.5300 30.9904
v  1.7993 3.5300 30.9904
v  1.7993 3.5300 28.7404
v  1.4993 7.0300 28.7404
v  1.4993 7.0300 30.9904
v  1.7993 7.0300 30.9904
v  1.7993 7.0300 28.7404
v  1.4993 10.5300 28.7404
v  1.4993 10.5300 30.9904
v  1.7993 10.5300 30.9904
v  1.7993 10.5300 28.7404
v  1.4993 14.0300 28.7404
v  1.4993 14.0300 30.9904
v  1.7993 14.0300 30.9904
v  1.7993 14.0300 28.7404
v  1.4993 3.5300 18.7904
v  1.4993 3.5300 20.9904
v  1.7993 3.5300 20.9904
v  1.7993 3.5300 18.7904
v  1.4993 7.0300 18.7904
v  1.4993 7.0300 20.9904
v  1.7993 7.0300 20.9904
v  1.7993 7.0300 18.7904
v  1.4993 10.5300 18.7904
v  1.4993 10.5300 20.9904
v  1.7993 10.5300 20.9904
v  1.7993 10.5300 18.7904
v  1.4993 14.0300 18.7904
v  1.4993 14.0300 20.9904
v  1.7993 14.0300 20.9904
v  1.7993 14.0300 18.7904
v  1.4993 3.5300 -16.7096
v  1.4993 3.5300 -14.2096
v  1.7993 3.5300 -14.2096
v  1.7993 3.5300 -16.7096
v  1.4993 3.5300 2.2904
v  1.4993 3.5300 4.7904
v  1.7993 3.5300 4.7904
v  1.7993 3.5300 2.2904
v  1.4993 7.0300 -16.7096
v  1.4993 7.0300 -14.2096
v  1.7993 7.0300 -14.2096
v  1.7993 7.0300 -16.7096
v  1.4993 7.0300 2.2904
v  1.4993 7.0300 4.7904
v  1.7993 7.0300 4.7904
v  1.7993 7.0300 2.2904
v  1.4993 10.5300 -16.7096
v  1.4993 10.5300 -14.2096
v  1.7993 10.5300 -14.2096
v  1.7993 10.5300 -16.7096
v  1.4993 10.5300 2.2904
v  1.4993 10.5300 4.7904
v  1.7993 10.5300 4.7904
v  1.7993 10.5300 2.2904
v  1.4993 14.0300 -16.7096
v  1.4993 14.0300 -14.2096
v  1.7993 14.0300 -14.2096
v  1.7993 14.0300 -16.7096
v  1.4993 14.0300 2.2904
v  1.4993 14.0300 4.7904
v  1.7993 14.0300 4.7904
v  1.7993 14.0300 2.2904
v  1.4993 17.5300 -16.7096
v  1.4993 17.5300 -14.2096
v  1.7993 17.5300 -14.2096
v  1.7993 17.5300 -16.7096
v  1.4993 17.5300 2.2904
v  1.4993 17.5300 4.7904
v  1.7993 17.5300 4.7904
v  1.7993 17.5300 2.2904
v  1.4993 3.5300 -21.3096
v  1.4993 3.5300 -19.0096
v  1.7993 3.5300 -19.0096
v  1.7993 3.5300 -21.3096
v  1.4993 7.0300 -21.3096
v  1.4993 7.0300 -19.0096
v  1.7993 7.0300 -19.0096
v  1.7993 7.0300 -21.3096
v  1.4993 10.5300 -21.3096
v  1.4993 10.5300 -19.0096
v  1.7993 10.5300 -19.0096
v  1.7993 10.5300 -21.3096
v  1.4993 14.0300 -21.3096
v  1.4993 14.0300 -19.0096
v  1.7993 14.0300 -19.0096
v  1.7993 14.0300 -21.3096
v  1.4993 17.5300 -21.3096
v  1.4993 17.5300 -19.0096
v  1.7993 17.5300 -19.0096
v  1.7993 17.5300 -21.3096
v  1.4993 3.5300 -2.3096
v  1.4993 3.5300 -0.0096
v  1.7993 3.5300 -0.0096
v  1.7993 3.5300 -2.3096
v  1.4993 7.0300 -2.3096
v  1.4993 7.0300 -0.0096
v  1.7993 7.0300 -0.0096
v  1.7993 7.0300 -2.3096
v  1.4993 10.5300 -2.3096
v  1.4993 10.5300 -0.0096
v  1.7993 10.5300 -0.0096
v  1.7993 10.5300 -2.3096
v  1.4993 14.0300 -2.3096
v  1.4993 14.0300 -0.0096
v  1.7993 14.0300 -0.0096
v  1.7993 14.0300 -2.3096
v  1.4993 17.5300 -2.3096
v  1.4993 17.5300 -0.0096
v  1.7993 17.5300 -0.0096
v  1.7993 17.5300 -2.3096
v  16.4993 14.0300 -12.9596
v  16.4993 14.0300 -15.4596
v  16.1993 14.0300 -15.4596
v  16.1993 14.0300 -12.9596
v  16.4993 14.0300 -8.2595
v  16.4993 14.0300 -11.7096
v  16.1993 14.0300 -11.7096
v  16.1993 14.0300 -8.2595
v  16.4993 10.5300 -12.9596
v  16.4993 10.5300 -15.4596
v  16.1993 10.5300 -15.4596
v  16.1993 10.5300 -12.9596
v  16.4993 10.5300 -8.2596
v  16.4993 10.5300 -11.7096
v  16.1993 10.5300 -11.7096
v  16.1993 10.5300 -8.2596
v  16.4993 7.0300 -12.9596
v  16.4993 7.0300 -15.4596
v  16.1993 7.0300 -15.4596
v  16.1993 7.0300 -12.9596
v  16.4993 7.0300 -8.2596
v  16.4993 7.0300 -11.7096
v  16.1993 7.0300 -11.7096
v  16.1993 7.0300 -8.2596
v  16.4993 3.5300 -12.9596
v  16.4993 3.5300 -15.4596
v  16.1993 3.5300 -15.4596
v  16.1993 3.5300 -12.9596
v  16.4993 3.5300 -8.2596
v  16.4993 3.5300 -11.7096
v  16.1993 3.5300 -11.7096
v  16.1993 3.5300 -8.2596
v  16.4993 14.0300 6.0404
v  16.4993 14.0300 3.5404
v  16.1993 14.0300 3.5404
v  16.1993 14.0300 6.0404
v  16.4993 14.0300 10.7404
v  16.4993 14.0300 7.2904
v  16.1993 14.0300 7.2904
v  16.1993 14.0300 10.7404
v  16.4993 14.0300 25.0404
v  16.4993 14.0300 22.5404
v  16.1993 14.0300 22.5404
v  16.1993 14.0300 25.0404
v  16.4993 14.0300 30.0404
v  16.4993 14.0300 26.2904
v  16.1993 14.0300 26.2904
v  16.1993 14.0300 30.0404
v  16.4993 10.5300 6.0404
v  16.4993 10.5300 3.5404
v  16.1993 10.5300 3.5404
v  16.1993 10.5300 6.0404
v  16.4993 10.5300 10.7404
v  16.4993 10.5300 7.2904
v  16.1993 10.5300 7.2904
v  16.1993 10.5300 10.7404
v  16.4993 10.5300 25.0404
v  16.4993 10.5300 22.5404
v  16.1993 10.5300 22.5404
v  16.1993 10.5300 25.0404
v  16.4993 10.5300 30.0404
v  16.4993 10.5300 26.2904
v  16.1993 10.5300 26.2904
v  16.1993 10.5300 30.0404
v  16.4993 7.0300 6.0404
v  16.4993 7.0300 3.5404
v  16.1993 7.0300 3.5404
v  16.1993 7.0300 6.0404
v  16.4993 7.0300 10.7404
v  16.4993 7.0300 7.2904
v  16.1993 7.0300 7.2904
v  16.1993 7.0300 10.7404
v  16.4993 7.0300 25.0404
v  16.4993 7.0300 22.5404
v  16.1993 7.0300 22.5404
v  16.1993 7.0300 25.0404
v  16.4993 7.0300 30.0404
v  16.4993 7.0300 26.2904
v  16.1993 7.0300 26.2904
v  16.1993 7.0300 30.0404
v  16.4993 3.5300 6.0404
v  16.4993 3.5300 3.5404
v  16.1993 3.5300 3.5404
v  16.1993 3.5300 6.0404
v  16.4993 3.5300 10.7404
v  16.4993 3.5300 7.2904
v  16.1993 3.5300 7.2904
v  16.1993 3.5300 10.7404
v  16.4993 3.5300 25.0404
v  16.4993 3.5300 22.5404
v  16.1993 3.5300 22.5404
v  16.1993 3.5300 25.0404
v  16.4993 3.5300 30.0404
v  16.4993 3.5300 26.2904
v  16.1993 3.5300 26.2904
v  16.1993 3.5300 30.0404
v  6.4990 14.0300 -21.7095
v  4.9990 14.0300 -21.7095
v  4.9990 14.0300 -21.4095
v  6.4990 14.0300 -21.4095
v  6.4990 10.5300 -21.7096
v  4.9990 10.5300 -21.7096
v  4.9990 10.5300 -21.4096
v  6.4990 10.5300 -21.4096
v  6.4990 7.0300 -21.7096
v  4.9990 7.0300 -21.7096
v  4.9990 7.0300 -21.4096
v  6.4990 7.0300 -21.4096
v  6.4990 3.5300 -21.7096
v  4.9990 3.5300 -21.7096
v  4.9990 3.5300 -21.4096
v  6.4990 3.5300 -21.4096
v  6.4990 17.5300 -21.7095
v  4.9990 17.5300 -21.7095
v  4.9990 17.5300 -21.4095
v  6.4990 17.5300 -21.4095
v  6.2382 7.0300 31.2904
v  7.7382 7.0300 31.2904
v  7.7382 7.0300 30.9904
v  6.2382 7.0300 30.9904
v  6.2382 14.0300 31.2904
v  7.7382 14.0300 31.2904
v  7.7382 14.0300 30.9904
v  6.2382 14.0300 30.9904
v  6.2382 10.5300 31.2904
v  7.7382 10.5300 31.2904
v  7.7382 10.5300 30.9904
v  6.2382 10.5300 30.9904
v  6.2382 3.5300 31.2904
v  7.7382 3.5300 31.2904
v  7.7382 3.5300 30.9904
v  6.2382 3.5300 30.9904
v  3.3326 3.5300 31.2904
v  4.8326 3.5300 31.2904
v  4.8326 3.5300 30.9904
v  3.3326 3.5300 30.9904
v  3.3326 7.0300 31.2904
v  4.8326 7.0300 31.2904
v  4.8326 7.0300 30.9904
v  3.3326 7.0300 30.9904
v  3.3326 10.5300 31.2904
v  4.8326 10.5300 31.2904
v  4.8326 10.5300 30.9904
v  3.3326 10.5300 30.9904
v  3.3326 14.0300 31.2904
v  4.8326 14.0300 31.2904
v  4.8326 14.0300 30.9904
v  3.3326 14.0300 30.9904
v  9.8324 7.0300 31.2904
v  11.4990 7.0300 31.2904
v  11.4990 7.0300 30.9904
v  9.8324 7.0300 30.9904
v  9.8324 14.0300 31.2904
v  11.4990 14.0300 31.2904
v  11.4990 14.0300 30.9904
v  9.8324 14.0300 30.9904
v  9.8324 10.5300 31.2904
v  11.4990 10.5300 31.2904
v  11.4990 10.5300 30.9904
v  9.8324 10.5300 30.9904
v  9.8324 3.5300 31.2904
v  11.4990 3.5300 31.2904
v  11.4990 3.5300 30.9904
v  9.8324 3.5300 30.9904
v  1.4693 3.5000 28.7404
v  1.4693 3.5000 30.9904
v  1.4693 3.5300 30.9904
v  1.4693 3.5300 28.7404
v  1.4693 7.0000 28.7404
v  1.4693 7.0000 30.9904
v  1.4693 7.0300 30.9904
v  1.4693 7.0300 28.7404
v  1.4693 10.5000 28.7404
v  1.4693 10.5000 30.9904
v  1.4693 10.5300 30.9904
v  1.4693 10.5300 28.7404
v  1.4693 14.0000 28.7404
v  1.4693 14.0000 30.9904
v  1.4693 14.0300 30.9904
v  1.4693 14.0300 28.7404
v  1.4693 3.5000 18.7904
v  1.4693 3.5000 20.9904
v  1.4693 3.5300 20.9904
v  1.4693 3.5300 18.7904
v  1.4693 7.0000 18.7904
v  1.4693 7.0000 20.9904
v  1.4693 7.0300 20.9904
v  1.4693 7.0300 18.7904
v  1.4693 10.5000 18.7904
v  1.4693 10.5000 20.9904
v  1.4693 10.5300 20.9904
v  1.4693 10.5300 18.7904
v  1.4693 14.0000 18.7904
v  1.4693 14.0000 20.9904
v  1.4693 14.0300 20.9904
v  1.4693 14.0300 18.7904
v  1.4693 3.5000 -16.7096
v  1.4693 3.5000 -14.2096
v  1.4693 3.5300 -14.2096
v  1.4693 3.5300 -16.7096
v  1.4693 3.5000 2.2904
v  1.4693 3.5000 4.7904
v  1.4693 3.5300 4.7904
v  1.4693 3.5300 2.2904
v  1.4693 7.0000 -16.7096
v  1.4693 7.0000 -14.2096
v  1.4693 7.0300 -14.2096
v  1.4693 7.0300 -16.7096
v  1.4693 7.0000 2.2904
v  1.4693 7.0000 4.7904
v  1.4693 7.0300 4.7904
v  1.4693 7.0300 2.2904
v  1.4693 10.5000 -16.7096
v  1.4693 10.5000 -14.2096
v  1.4693 10.5300 -14.2096
v  1.4693 10.5300 -16.7096
v  1.4693 10.5000 2.2904
v  1.4693 10.5000 4.7904
v  1.4693 10.5300 4.7904
v  1.4693 10.5300 2.2904
v  1.4693 14.0000 -16.7096
v  1.4693 14.0000 -14.2096
v  1.4693 14.0300 -14.2096
v  1.4693 14.0300 -16.7096
v  1.4693 14.0000 2.2904
v  1.4693 14.0000 4.7904
v  1.4693 14.0300 4.7904
v  1.4693 14.0300 2.2904
v  1.4693 17.5000 -16.7096
v  1.4693 17.5000 -14.2096
v  1.4693 17.5300 -14.2096
v  1.4693 17.5300 -16.7096
v  1.4693 17.5000 2.2904
v  1.4693 17.5000 4.7904
v  1.4693 17.5300 4.7904
v  1.4693 17.5300 2.2904
v  1.4693 3.5000 -21.3096
v  1.4693 3.5000 -19.0096
v  1.4693 3.5300 -19.0096
v  1.4693 3.5300 -21.3096
v  1.4693 7.0000 -21.3096
v  1.4693 7.0000 -19.0096
v  1.4693 7.0300 -19.0096
v  1.4693 7.0300 -21.3096
v  1.4693 10.5000 -21.3096
v  1.4693 10.5000 -19.0096
v  1.4693 10.5300 -19.0096
v  1.4693 10.5300 -21.3096
v  1.4693 14.0000 -21.3096
v  1.4693 14.0000 -19.0096
v  1.4693 14.0300 -19.0096
v  1.4693 14.0300 -21.3096
v  1.4693 17.5000 -21.3096
v  1.4693 17.5000 -19.0096
v  1.4693 17.5300 -19.0096
v  1.4693 17.5300 -21.3096
v  1.4693 3.5000 -2.3096
v  1.4693 3.5000 -0.0096
v  1.4693 3.5300 -0.0096
v  1.4693 3.5300 -2.3096
v  1.4693 7.0000 -2.3096
v  1.4693 7.0000 -0.0096
v  1.4693 7.0300 -0.0096
v  1.4693 7.0300 -2.3096
v  1.4693 10.5000 -2.3096
v  1.4693 10.5000 -0.0096
v  1.4693 10.5300 -0.0096
v  1.4693 10.5300 -2.3096
v  1.4693 14.0000 -2.3096
v  1.4693 14.0000 -0.0096
v  1.4693 14.0300 -0.0096
v  1.4693 14.0300 -2.3096
v  1.4693 17.5000 -2.3096
v  1.4693 17.5000 -0.0096
v  1.4693 17.5300 -0.0096
v  1.4693 17.5300 -2.3096
v  16.5293 14.0000 -12.9596
v  16.5293 14.0000 -15.4596
v  16.5293 14.0300 -15.4596
v  16.5293 14.0300 -12.9596
v  16.5293 14.0000 -8.2595
v  16.5293 14.0000 -11.7096
v  16.5293 14.0300 -11.7096
v  16.5293 14.0300 -8.2595
v  16.5293 10.5000 -12.9596
v  16.5293 10.5000 -15.4596
v  16.5293 10.5300 -15.4596
v  16.5293 10.5300 -12.9596
v  16.5293 10.5000 -8.2596
v  16.5293 10.5000 -11.7096
v  16.5293 10.5300 -11.7096
v  16.5293 10.5300 -8.2596
v  16.5293 7.0000 -12.9596
v  16.5293 7.0000 -15.4596
v  16.5293 7.0300 -15.4596
v  16.5293 7.0300 -12.9596
v  16.5293 7.0000 -8.2596
v  16.5293 7.0000 -11.7096
v  16.5293 7.0300 -11.7096
v  16.5293 7.0300 -8.2596
v  16.5293 3.5000 -12.9596
v  16.5293 3.5000 -15.4596
v  16.5293 3.5300 -15.4596
v  16.5293 3.5300 -12.9596
v  16.5293 3.5000 -8.2596
v  16.5293 3.5000 -11.7096
v  16.5293 3.5300 -11.7096
v  16.5293 3.5300 -8.2596
v  16.5293 14.0000 6.0404
v  16.5293 14.0000 3.5404
v  16.5293 14.0300 3.5404
v  16.5293 14.0300 6.0404
v  16.5293 14.0000 10.7404
v  16.5293 14.0000 7.2904
v  16.5293 14.0300 7.2904
v  16.5293 14.0300 10.7404
v  16.5293 14.0000 25.0404
v  16.5293 14.0000 22.5404
v  16.5293 14.0300 22.5404
v  16.5293 14.0300 25.0404
v  16.5293 14.0000 30.0404
v  16.5293 14.0000 26.2904
v  16.5293 14.0300 26.2904
v  16.5293 14.0300 30.0404
v  16.5293 10.5000 6.0404
v  16.5293 10.5000 3.5404
v  16.5293 10.5300 3.5404
v  16.5293 10.5300 6.0404
v  16.5293 10.5000 10.7404
v  16.5293 10.5000 7.2904
v  16.5293 10.5300 7.2904
v  16.5293 10.5300 10.7404
v  16.5293 10.5000 25.0404
v  16.5293 10.5000 22.5404
v  16.5293 10.5300 22.5404
v  16.5293 10.5300 25.0404
v  16.5293 10.5000 30.0404
v  16.5293 10.5000 26.2904
v  16.5293 10.5300 26.2904
v  16.5293 10.5300 30.0404
v  16.5293 7.0000 6.0404
v  16.5293 7.0000 3.5404
v  16.5293 7.0300 3.5404
v  16.5293 7.0300 6.0404
v  16.5293 7.0000 10.7404
v  16.5293 7.0000 7.2904
v  16.5293 7.0300 7.2904
v  16.5293 7.0300 10.7404
v  16.5293 7.0000 25.0404
v  16.5293 7.0000 22.5404
v  16.5293 7.0300 22.5404
v  16.5293 7.0300 25.0404
v  16.5293 7.0000 30.0404
v  16.5293 7.0000 26.2904
v  16.5293 7.0300 26.2904
v  16.5293 7.0300 30.0404
v  16.5293 3.5000 6.0404
v  16.5293 3.5000 3.5404
v  16.5293 3.5300 3.5404
v  16.5293 3.5300 6.0404
v  16.5293 3.5000 10.7404
v  16.5293 3.5000 7.2904
v  16.5293 3.5300 7.2904
v  16.5293 3.5300 10.7404
v  16.5293 3.5000 25.0404
v  16.5293 3.5000 22.5404
v  16.5293 3.5300 22.5404
v  16.5293 3.5300 25.0404
v  16.5293 3.5000 30.0404
v  16.5293 3.5000 26.2904
v  16.5293 3.5300 26.2904
v  16.5293 3.5300 30.0404
v  6.4990 14.0000 -21.7395
v  4.9990 14.0000 -21.7395
v  4.9990 14.0300 -21.7395
v  6.4990 14.0300 -21.7395
v  6.4990 10.5000 -21.7396
v  4.9990 10.5000 -21.7396
v  4.9990 10.5300 -21.7396
v  6.4990 10.5300 -21.7396
v  6.4990 7.0000 -21.7396
v  4.9990 7.0000 -21.7396
v  4.9990 7.0300 -21.7396
v  6.4990 7.0300 -21.7396
v  6.4990 3.5000 -21.7396
v  4.9990 3.5000 -21.7396
v  4.9990 3.5300 -21.7396
v  6.4990 3.5300 -21.7396
v  6.4990 17.5000 -21.7395
v  4.9990 17.5000 -21.7395
v  4.9990 17.5300 -21.7395
v  6.4990 17.5300 -21.7395
v  6.2382 7.0000 31.3204
v  7.7382 7.0000 31.3204
v  7.7382 7.0300 31.3204
v  6.2382 7.0300 31.3204
v  6.2382 14.0000 31.3204
v  7.7382 14.0000 31.3204
v  7.7382 14.0300 31.3204
v  6.2382 14.0300 31.3204
v  6.2382 10.5000 31.3204
v  7.7382 10.5000 31.3204
v  7.7382 10.5300 31.3204
v  6.2382 10.5300 31.3204
v  6.2382 3.5000 31.3204
v  7.7382 3.5000 31.3204
v  7.7382 3.5300 31.3204
v  6.2382 3.5300 31.3204
v  3.3326 3.5000 31.3204
v  4.8326 3.5000 31.3204
v  4.8326 3.5300 31.3204
v  3.3326 3.5300 31.3204
v  3.3326 7.0000 31.3204
v  4.8326 7.0000 31.3204
v  4.8326 7.0300 31.3204
v  3.3326 7.0300 31.3204
v  3.3326 10.5000 31.3204
v  4.8326 10.5000 31.3204
v  4.8326 10.5300 31.3204
v  3.3326 10.5300 31.3204
v  3.3326 14.0000 31.3204
v  4.8326 14.0000 31.3204
v  4.8326 14.0300 31.3204
v  3.3326 14.0300 31.3204
v  9.8324 7.0000 31.3204
v  11.4990 7.0000 31.3204
v  11.4990 7.0300 31.3204
v  9.8324 7.0300 31.3204
v  9.8324 14.0000 31.3204
v  11.4990 14.0000 31.3204
v  11.4990 14.0300 31.3204
v  9.8324 14.0300 31.3204
v  9.8324 10.5000 31.3204
v  11.4990 10.5000 31.3204
v  11.4990 10.5300 31.3204
v  9.8324 10.5300 31.3204
v  9.8324 3.5000 31.3204
v  11.4990 3.5000 31.3204
v  11.4990 3.5300 31.3204
v  9.8324 3.5300 31.3204
v  1.4993 3.5000 28.7404
v  1.4993 3.5000 30.9904
v  1.4993 7.0000 28.7404
v  1.4993 7.0000 30.9904
v  1.4993 10.5000 28.7404
v  1.4993 10.5000 30.9904
v  1.4993 14.0000 28.7404
v  1.4993 14.0000 30.9904
v  1.4993 3.5000 18.7904
v  1.4993 3.5000 20.9904
v  1.4993 7.0000 18.7904
v  1.4993 7.0000 20.9904
v  1.4993 10.5000 18.7904
v  1.4993 10.5000 20.9904
v  1.4993 14.0000 18.7904
v  1.4993 14.0000 20.9904
v  1.4993 3.5000 -16.7096
v  1.4993 3.5000 -14.2096
v  1.4993 3.5000 2.2904
v  1.4993 3.5000 4.7904
v  1.4993 7.0000 -16.7096
v  1.4993 7.0000 -14.2096
v  1.4993 7.0000 2.2904
v  1.4993 7.0000 4.7904
v  1.4993 10.5000 -16.7096
v  1.4993 10.5000 -14.2096
v  1.4993 10.5000 2.2904
v  1.4993 10.5000 4.7904
v  1.4993 14.0000 -16.7096
v  1.4993 14.0000 -14.2096
v  1.4993 14.0000 2.2904
v  1.4993 14.0000 4.7904
v  1.4993 17.5000 -16.7096
v  1.4993 17.5000 -14.2096
v  1.4993 17.5000 2.2904
v  1.4993 17.5000 4.7904
v  1.4993 3.5000 -21.3096
v  1.4993 3.5000 -19.0096
v  1.4993 7.0000 -21.3096
v  1.4993 7.0000 -19.0096
v  1.4993 10.5000 -21.3096
v  1.4993 10.5000 -19.0096
v  1.4993 14.0000 -21.3096
v  1.4993 14.0000 -19.0096
v  1.4993 17.5000 -21.3096
v  1.4993 17.5000 -19.0096
v  1.4993 3.5000 -2.3096
v  1.4993 3.5000 -0.0096
v  1.4993 7.0000 -2.3096
v  1.4993 7.0000 -0.0096
v  1.4993 10.5000 -2.3096
v  1.4993 10.5000 -0.0096
v  1.4993 14.0000 -2.3096
v  1.4993 14.0000 -0.0096
v  1.4993 17.5000 -2.3096
v  1.4993 17.5000 -0.0096
v  16.4993 14.0000 -12.9596
v  16.4993 14.0000 -15.4596
v  16.4993 14.0000 -8.2595
v  16.4993 14.0000 -11.7096
v  16.4993 10.5000 -12.9596
v  16.4993 10.5000 -15.4596
v  16.4993 10.5000 -8.2596
v  16.4993 10.5000 -11.7096
v  16.4993 7.0000 -12.9596
v  16.4993 7.0000 -15.4596
v  16.4993 7.0000 -8.2596
v  16.4993 7.0000 -11.7096
v  16.4993 3.5000 -12.9596
v  16.4993 3.5000 -15.4596
v  16.4993 3.5000 -8.2596
v  16.4993 3.5000 -11.7096
v  16.4993 14.0000 6.0404
v  16.4993 14.0000 3.5404
v  16.4993 14.0000 10.7404
v  16.4993 14.0000 7.2904
v  16.4993 14.0000 25.0404
v  16.4993 14.0000 22.5404
v  16.4993 14.0000 30.0404
v  16.4993 14.0000 26.2904
v  16.4993 10.5000 6.0404
v  16.4993 10.5000 3.5404
v  16.4993 10.5000 10.7404
v  16.4993 10.5000 7.2904
v  16.4993 10.5000 25.0404
v  16.4993 10.5000 22.5404
v  16.4993 10.5000 30.0404
v  16.4993 10.5000 26.2904
v  16.4993 7.0000 6.0404
v  16.4993 7.0000 3.5404
v  16.4993 7.0000 10.7404
v  16.4993 7.0000 7.2904
v  16.4993 7.0000 25.0404
v  16.4993 7.0000 22.5404
v  16.4993 7.0000 30.0404
v  16.4993 7.0000 26.2904
v  16.4993 3.5000 6.0404
v  16.4993 3.5000 3.5404
v  16.4993 3.5000 10.7404
v  16.4993 3.5000 7.2904
v  16.4993 3.5000 25.0404
v  16.4993 3.5000 22.5404
v  16.4993 3.5000 30.0404
v  16.4993 3.5000 26.2904
v  6.4990 14.0000 -21.7095
v  4.9990 14.0000 -21.7095
v  6.4990 10.5000 -21.7096
v  4.9990 10.5000 -21.7096
v  6.4990 7.0000 -21.7096
v  4.9990 7.0000 -21.7096
v  6.4990 3.5000 -21.7096
v  4.9990 3.5000 -21.7096
v  6.4990 17.5000 -21.7095
v  4.9990 17.5000 -21.7095
v  6.2382 7.0000 31.2904
v  7.7382 7.0000 31.2904
v  6.2382 14.0000 31.2904
v  7.7382 14.0000 31.2904
v  6.2382 10.5000 31.2904
v  7.7382 10.5000 31.2904
v  6.2382 3.5000 31.2904
v  7.7382 3.5000 31.2904
v  3.3326 3.5000 31.2904
v  4.8326 3.5000 31.2904
v  3.3326 7.0000 31.2904
v  4.8326 7.0000 31.2904
v  3.3326 10.5000 31.2904
v  4.8326 10.5000 31.2904
v  3.3326 14.0000 31.2904
v  4.8326 14.0000 31.2904
v  9.8324 7.0000 31.2904
v  11.4990 7.0000 31.2904
v  9.8324 14.0000 31.2904
v  11.4990 14.0000 31.2904
v  9.8324 10.5000 31.2904
v  11.4990 10.5000 31.2904
v  9.8324 3.5000 31.2904
v  11.4990 3.5000 31.2904
v  13.1660 14.0300 16.6905
v  12.3326 14.0300 16.6905
v  12.3326 14.0300 16.9905
v  13.1660 14.0300 16.9905
v  13.1660 10.5300 16.6904
v  12.3326 10.5300 16.6904
v  12.3326 10.5300 16.9904
v  13.1660 10.5300 16.9904
v  13.1659 7.0300 16.6904
v  12.3326 7.0300 16.6904
v  12.3326 7.0300 16.9904
v  13.1659 7.0300 16.9904
v  13.1660 3.5300 16.6904
v  12.3326 3.5300 16.6904
v  12.3326 3.5300 16.9904
v  13.1660 3.5300 16.9904
v  13.1660 14.0300 -2.3095
v  12.3326 14.0300 -2.3095
v  12.3326 14.0300 -2.0095
v  13.1660 14.0300 -2.0095
v  13.1660 10.5300 -2.3096
v  12.3326 10.5300 -2.3096
v  12.3326 10.5300 -2.0096
v  13.1660 10.5300 -2.0096
v  13.1659 7.0300 -2.3096
v  12.3326 7.0300 -2.3096
v  12.3326 7.0300 -2.0096
v  13.1659 7.0300 -2.0096
v  13.1660 3.5300 -2.3096
v  12.3326 3.5300 -2.3096
v  12.3326 3.5300 -2.0096
v  13.1660 3.5300 -2.0096
v  13.1660 14.0000 16.6605
v  12.3326 14.0000 16.6605
v  12.3326 14.0300 16.6605
v  13.1660 14.0300 16.6605
v  13.1660 10.5000 16.6604
v  12.3326 10.5000 16.6604
v  12.3326 10.5300 16.6604
v  13.1660 10.5300 16.6604
v  13.1659 7.0000 16.6604
v  12.3326 7.0000 16.6604
v  12.3326 7.0300 16.6604
v  13.1659 7.0300 16.6604
v  13.1660 3.5000 16.6604
v  12.3326 3.5000 16.6604
v  12.3326 3.5300 16.6604
v  13.1660 3.5300 16.6604
v  13.1660 14.0000 -2.3395
v  12.3326 14.0000 -2.3395
v  12.3326 14.0300 -2.3395
v  13.1660 14.0300 -2.3395
v  13.1660 10.5000 -2.3396
v  12.3326 10.5000 -2.3396
v  12.3326 10.5300 -2.3396
v  13.1660 10.5300 -2.3396
v  13.1659 7.0000 -2.3396
v  12.3326 7.0000 -2.3396
v  12.3326 7.0300 -2.3396
v  13.1659 7.0300 -2.3396
v  13.1660 3.5000 -2.3396
v  12.3326 3.5000 -2.3396
v  12.3326 3.5300 -2.3396
v  13.1660 3.5300 -2.3396
v  13.1660 14.0000 16.6905
v  12.3326 14.0000 16.6905
v  13.1660 10.5000 16.6904
v  12.3326 10.5000 16.6904
v  13.1659 7.0000 16.6904
v  12.3326 7.0000 16.6904
v  13.1660 3.5000 16.6904
v  12.3326 3.5000 16.6904
v  13.1660 14.0000 -2.3095
v  12.3326 14.0000 -2.3095
v  13.1660 10.5000 -2.3096
v  12.3326 10.5000 -2.3096
v  13.1659 7.0000 -2.3096
v  12.3326 7.0000 -2.3096
v  13.1660 3.5000 -2.3096
v  12.3326 3.5000 -2.3096
# 770 vertices

vn 0.0000 0.8944 -0.4472
vn 0.0000 0.8944 0.4472
vn 0.0000 1.0000 -0.0000
vn -0.0000 0.8944 0.4472
vn -0.0000 0.8944 -0.4472
vn -0.0000 1.0000 -0.0000
vn 0.0000 1.0000 0.0000
vn 0.4472 0.8944 -0.0000
vn -0.4472 0.8944 -0.0000
vn 0.4472 0.8944 0.0000
vn -0.4472 0.8944 0.0000
vn -0.0000 1.0000 0.0000
vn -0.5774 -0.5774 -0.5774
vn -0.5774 -0.5774 0.5774
vn -0.5774 0.5774 0.5774
vn -0.5774 0.5774 -0.5774
vn -0.5774 -0.5774 0.5773
vn -0.5774 0.5774 0.5773
vn 0.5774 -0.5774 0.5774
vn 0.5774 -0.5774 -0.5774
vn 0.5774 0.5774 -0.5774
vn 0.5774 0.5774 0.5774
vn 0.5774 -0.5774 -0.5773
vn 0.5774 -0.5773 0.5773
vn 0.5774 -0.5773 -0.5773
vn 0.5773 0.5774 -0.5774
vn 0.5773 0.5774 0.5774
vn 0.5773 -0.5773 0.5774
vn 0.5774 0.5774 -0.5773
vn 0.5773 0.5773 0.5774
vn -0.5774 -0.5774 -0.5773
vn -0.5773 0.5773 -0.5774
vn 0.5773 0.5773 -0.5774
vn 0.5773 -0.5774 -0.5774
vn -0.5774 -0.5773 -0.5773
vn 0.5774 -0.5773 -0.5774
vn -0.5774 -0.5773 -0.5774
vn -0.5774 0.5774 -0.5773
vn 0.5773 0.5774 -0.5773
vn 0.5773 -0.5774 -0.5773
vn -0.5773 -0.5774 -0.5773
vn -0.5774 0.5773 -0.5774
vn 0.5774 0.5773 -0.5774
vn -0.5773 -0.5774 0.5774
vn 0.5774 -0.5773 0.5774
vn -0.5774 0.5773 0.5773
vn 0.5774 0.5774 0.5773
vn -0.5773 0.5773 0.5774
vn 0.5773 -0.5774 0.5774
vn -0.5773 0.5774 0.5774
vn -0.5773 -0.5773 0.5774
vn 0.5774 -0.5774 0.5773
vn 0.5774 0.5773 0.5773
vn 0.0000 -0.7071 -0.7071
vn 0.0000 -0.7071 0.7071
vn 0.7071 -0.7071 0.0000
vn -0.7071 -0.7071 0.0000
vn 0.7071 -0.7071 -0.0000
vn -0.7071 -0.7071 -0.0000
vn 0.5773 -0.5773 -0.5774
# 60 vertex normals

vt 0.0000 1.0000 0.0000
vt 0.0000 0.6667 0.0000
vt 0.0000 0.5000 0.0000
vt 0.0000 0.8333 0.0000
vt 0.0000 0.7500 0.0000
vt 0.6667 0.4167 0.0000
vt 0.6667 0.5833 0.0000
vt 0.6042 0.2083 0.0000
vt 0.6667 0.3333 0.0000
vt 0.6667 1.0000 0.0000
vt 0.6042 1.0000 0.0000
vt 0.5521 1.0000 0.0000
vt 0.5573 1.0000 0.0000
vt 0.3099 1.0000 0.0000
vt 0.4444 1.0000 0.0000
vt -0.0416 1.1249 0.0000
vt 0.1667 0.5000 0.0000
vt -0.0416 1.0000 0.0000
vt 0.1667 1.0000 0.0000
vt 0.5555 1.0000 0.0000
vt 0.6666 1.0000 0.0000
vt 0.5833 1.0000 0.0000
# 22 texture coords

o obj_06
g obj_06
usemtl wire_115115115
s 4
f 9692/5577/535 9693/5577/536 9694/5577/537 9695/5577/537 
f 9696/5577/535 9697/5577/536 9698/5577/537 9699/5577/537 
f 9700/5577/535 9701/5577/536 9702/5577/537 9703/5577/537 
f 9704/5577/535 9705/5577/536 9706/5577/537 9707/5577/537 
f 9708/5577/535 9709/5577/536 9710/5577/537 9711/5577/537 
s 1
f 9712/5577/535 9713/5577/536 9714/5577/537 9715/5577/537 
f 9716/5577/535 9717/5577/536 9718/5577/537 9719/5577/537 
f 9720/5577/535 9721/5577/536 9722/5577/537 9723/5577/537 
f 9724/5578/535 9725/5579/536 9726/5579/537 9727/5578/537 
s 4
f 9728/5577/535 9729/5577/536 9730/5577/537 9731/5577/537 
s 1
f 9732/5578/535 9733/5579/536 9734/5579/537 9735/5578/537 
f 9736/5577/535 9737/5577/536 9738/5577/537 9739/5577/537 
f 9740/5578/535 9741/5579/536 9742/5579/537 9743/5578/537 
f 9744/5577/535 9745/5577/536 9746/5577/537 9747/5577/537 
f 9748/5578/535 9749/5579/536 9750/5579/537 9751/5578/537 
f 9752/5577/535 9753/5577/536 9754/5577/537 9755/5577/537 
f 9756/5578/535 9757/5579/536 9758/5579/537 9759/5578/537 
f 9760/5577/535 9761/5577/536 9762/5577/537 9763/5577/537 
s 4
f 9764/5580/535 9765/5581/536 9766/5581/537 9767/5580/537 
f 9768/5580/535 9769/5581/536 9770/5581/537 9771/5580/537 
f 9772/5580/535 9773/5581/536 9774/5581/537 9775/5580/537 
f 9776/5580/535 9777/5581/536 9778/5581/537 9779/5580/537 
f 9780/5580/535 9781/5581/536 9782/5581/537 9783/5580/537 
f 9784/5577/535 9785/5577/536 9786/5577/537 9787/5577/537 
f 9788/5577/535 9789/5577/536 9790/5577/537 9791/5577/537 
f 9792/5577/535 9793/5577/536 9794/5577/537 9795/5577/537 
f 9796/5577/535 9797/5577/536 9798/5577/537 9799/5577/537 
f 9800/5577/535 9801/5577/536 9802/5577/537 9803/5577/537 
s off
f 9804/5582/538 9805/5583/539 9806/5583/540 9807/5582/540 
f 9808/5584/538 9809/5585/539 9810/5585/540 9811/5584/540 
f 9812/5582/538 9813/5583/539 9814/5583/540 9815/5582/540 
f 9816/5584/538 9817/5585/539 9818/5585/540 9819/5584/540 
f 9820/5582/536 9821/5583/535 9822/5583/537 9823/5582/537 
f 9824/5584/536 9825/5585/535 9826/5585/541 9827/5584/541 
f 9828/5582/536 9829/5583/535 9830/5583/537 9831/5582/537 
f 9832/5584/536 9833/5585/535 9834/5585/537 9835/5584/537 
f 9836/5586/538 9837/5586/539 9838/5586/540 9839/5586/540 
f 9840/5587/538 9841/5586/539 9842/5586/540 9843/5587/540 
f 9844/5586/538 9845/5586/539 9846/5586/540 9847/5586/540 
f 9848/5586/538 9849/5586/539 9850/5586/540 9851/5586/540 
f 9852/5586/538 9853/5586/539 9854/5586/540 9855/5586/540 
f 9856/5587/538 9857/5586/539 9858/5586/540 9859/5587/540 
f 9860/5586/538 9861/5586/539 9862/5586/540 9863/5586/540 
f 9864/5586/538 9865/5586/539 9866/5586/540 9867/5586/540 
f 9868/5586/536 9869/5586/535 9870/5586/537 9871/5586/537 
f 9872/5587/536 9873/5586/535 9874/5586/541 9875/5587/541 
f 9876/5586/536 9877/5586/535 9878/5586/537 9879/5586/537 
f 9880/5586/536 9881/5586/535 9882/5586/537 9883/5586/537 
f 9884/5586/536 9885/5586/535 9886/5586/537 9887/5586/537 
f 9888/5587/536 9889/5586/535 9890/5586/537 9891/5587/537 
f 9892/5586/536 9893/5586/535 9894/5586/537 9895/5586/537 
f 9896/5586/536 9897/5586/535 9898/5586/537 9899/5586/537 
f 9900/5586/542 9901/5586/543 9902/5586/537 9903/5586/537 
f 9904/5586/544 9905/5586/545 9906/5586/541 9907/5586/541 
f 9908/5586/544 9909/5586/545 9910/5586/546 9911/5586/546 
f 9912/5586/544 9913/5586/545 9914/5586/541 9915/5586/541 
f 9916/5588/542 9917/5589/543 9918/5589/540 9919/5588/540 
f 9920/5590/545 9921/5591/544 9922/5591/546 9923/5590/546 
f 9924/5590/543 9925/5591/542 9926/5591/540 9927/5590/540 
f 9928/5590/545 9929/5591/544 9930/5591/546 9931/5590/546 
f 9932/5590/545 9933/5591/542 9934/5591/546 9935/5590/546 
f 9936/5592/545 9937/5593/544 9938/5593/541 9939/5592/541 
f 9940/5594/545 9941/5595/544 9942/5595/541 9943/5594/541 
f 9944/5577/543 9945/5577/542 9946/5577/537 9947/5577/537 
f 9948/5577/543 9949/5577/542 9950/5577/537 9951/5577/537 
f 9952/5596/545 9953/5597/542 9954/5597/537 9955/5596/537 
f 9956/5596/545 9957/5597/542 9958/5597/537 9959/5596/537 
f 9960/5596/545 9961/5597/542 9962/5597/541 9963/5596/541 
f 9964/5596/545 9965/5597/544 9966/5597/541 9967/5596/541 
f 9968/5577/547 9969/5577/548 9970/5577/549 9971/5577/550 
f 9972/5577/547 9973/5577/548 9974/5577/549 9975/5577/550 
f 9976/5577/547 9977/5577/551 9978/5577/549 9979/5577/550 
f 9980/5577/547 9981/5577/548 9982/5577/549 9983/5577/550 
f 9984/5577/547 9985/5577/548 9986/5577/552 9987/5577/550 
f 9988/5577/547 9989/5577/548 9990/5577/552 9991/5577/550 
f 9992/5577/547 9993/5577/548 9994/5577/552 9995/5577/550 
f 9996/5577/547 9997/5577/548 9998/5577/552 9999/5577/550 
f 10000/5578/547 10001/5579/548 10002/5579/549 10003/5578/550 
f 10004/5577/547 10005/5577/548 10006/5577/549 10007/5577/550 
f 10008/5578/547 10009/5579/548 10010/5579/549 10011/5578/550 
f 10012/5577/547 10013/5577/548 10014/5577/549 10015/5577/550 
f 10016/5578/547 10017/5579/548 10018/5579/549 10019/5578/550 
f 10020/5577/547 10021/5577/548 10022/5577/549 10023/5577/550 
f 10024/5578/547 10025/5579/548 10026/5579/549 10027/5578/550 
f 10028/5577/547 10029/5577/548 10030/5577/549 10031/5577/550 
f 10032/5578/547 10033/5579/548 10034/5579/549 10035/5578/550 
f 10036/5577/547 10037/5577/548 10038/5577/549 10039/5577/550 
f 10040/5580/547 10041/5581/548 10042/5581/549 10043/5580/550 
f 10044/5580/547 10045/5581/548 10046/5581/549 10047/5580/550 
f 10048/5580/547 10049/5581/548 10050/5581/549 10051/5580/550 
f 10052/5580/547 10053/5581/548 10054/5581/549 10055/5580/550 
f 10056/5580/547 10057/5581/548 10058/5581/549 10059/5580/550 
f 10060/5577/547 10061/5577/548 10062/5577/549 10063/5577/550 
f 10064/5577/547 10065/5577/548 10066/5577/549 10067/5577/550 
f 10068/5577/547 10069/5577/548 10070/5577/549 10071/5577/550 
f 10072/5577/547 10073/5577/548 10074/5577/549 10075/5577/550 
f 10076/5577/547 10077/5577/548 10078/5577/549 10079/5577/550 
f 10080/5582/553 10081/5583/554 10082/5583/555 10083/5582/556 
f 10084/5584/553 10085/5585/557 10086/5585/555 10087/5584/556 
f 10088/5582/558 10089/5583/559 10090/5583/560 10091/5582/561 
f 10092/5584/562 10093/5585/557 10094/5585/563 10095/5584/564 
f 10096/5582/553 10097/5583/554 10098/5583/555 10099/5582/556 
f 10100/5584/553 10101/5585/554 10102/5585/563 10103/5584/564 
f 10104/5582/553 10105/5583/554 10106/5583/555 10107/5582/556 
f 10108/5584/553 10109/5585/554 10110/5585/555 10111/5584/556 
f 10112/5586/553 10113/5586/554 10114/5586/555 10115/5586/556 
f 10116/5587/553 10117/5586/554 10118/5586/555 10119/5587/556 
f 10120/5586/553 10121/5586/554 10122/5586/555 10123/5586/556 
f 10124/5586/553 10125/5586/554 10126/5586/555 10127/5586/556 
f 10128/5586/558 10129/5586/559 10130/5586/560 10131/5586/561 
f 10132/5587/562 10133/5586/557 10134/5586/563 10135/5587/556 
f 10136/5586/558 10137/5586/559 10138/5586/560 10139/5586/561 
f 10140/5586/558 10141/5586/559 10142/5586/560 10143/5586/561 
f 10144/5586/553 10145/5586/554 10146/5586/555 10147/5586/556 
f 10148/5587/553 10149/5586/554 10150/5586/563 10151/5587/564 
f 10152/5586/553 10153/5586/554 10154/5586/555 10155/5586/556 
f 10156/5586/553 10157/5586/554 10158/5586/555 10159/5586/556 
f 10160/5586/553 10161/5586/554 10162/5586/555 10163/5586/556 
f 10164/5587/553 10165/5586/554 10166/5586/555 10167/5587/556 
f 10168/5586/553 10169/5586/554 10170/5586/555 10171/5586/556 
f 10172/5586/553 10173/5586/554 10174/5586/555 10175/5586/556 
f 10176/5586/557 10177/5586/565 10178/5586/566 10179/5586/567 
f 10180/5586/568 10181/5586/569 10182/5586/550 10183/5586/555 
f 10184/5586/570 10185/5586/571 10186/5586/572 10187/5586/573 
f 10188/5586/568 10189/5586/569 10190/5586/550 10191/5586/560 
f 10192/5588/574 10193/5589/575 10194/5589/576 10195/5588/577 
f 10196/5590/548 10197/5591/553 10198/5591/556 10199/5590/549 
f 10200/5590/578 10201/5591/579 10202/5591/561 10203/5590/580 
f 10204/5590/578 10205/5591/558 10206/5591/561 10207/5590/580 
f 10208/5590/578 10209/5591/558 10210/5591/581 10211/5590/582 
f 10212/5592/548 10213/5593/583 10214/5593/556 10215/5592/584 
f 10216/5594/548 10217/5595/583 10218/5595/556 10219/5594/584 
f 10220/5577/548 10221/5577/553 10222/5577/556 10223/5577/549 
f 10224/5577/548 10225/5577/553 10226/5577/556 10227/5577/549 
f 10228/5596/585 10229/5597/586 10230/5597/587 10231/5596/584 
f 10232/5596/585 10233/5597/586 10234/5597/581 10235/5596/584 
f 10236/5596/585 10237/5597/586 10238/5597/581 10239/5596/584 
f 10240/5596/578 10241/5597/558 10242/5597/587 10243/5596/584 
f 10244/5577/588 10245/5577/589 9969/5577/548 9968/5577/547 
f 10245/5577/589 9693/5577/536 9970/5577/549 9969/5577/548 
f 9693/5577/536 9692/5577/535 9971/5577/550 9970/5577/549 
f 9692/5577/535 10244/5577/588 9968/5577/547 9971/5577/550 
f 10246/5577/588 10247/5577/589 9973/5577/548 9972/5577/547 
f 10247/5577/589 9697/5577/536 9974/5577/549 9973/5577/548 
f 9697/5577/536 9696/5577/535 9975/5577/550 9974/5577/549 
f 9696/5577/535 10246/5577/588 9972/5577/547 9975/5577/550 
f 10248/5577/588 10249/5577/589 9977/5577/551 9976/5577/547 
f 10249/5577/589 9701/5577/536 9978/5577/549 9977/5577/551 
f 9701/5577/536 9700/5577/535 9979/5577/550 9978/5577/549 
f 9700/5577/535 10248/5577/588 9976/5577/547 9979/5577/550 
f 10250/5577/588 10251/5577/589 9981/5577/548 9980/5577/547 
f 10251/5577/589 9705/5577/536 9982/5577/549 9981/5577/548 
f 9705/5577/536 9704/5577/535 9983/5577/550 9982/5577/549 
f 9704/5577/535 10250/5577/588 9980/5577/547 9983/5577/550 
f 10252/5577/588 10253/5577/589 9985/5577/548 9984/5577/547 
f 10253/5577/589 9709/5577/536 9986/5577/552 9985/5577/548 
f 9709/5577/536 9708/5577/535 9987/5577/550 9986/5577/552 
f 9708/5577/535 10252/5577/588 9984/5577/547 9987/5577/550 
f 10254/5577/588 10255/5577/589 9989/5577/548 9988/5577/547 
f 10255/5577/589 9713/5577/536 9990/5577/552 9989/5577/548 
f 9713/5577/536 9712/5577/535 9991/5577/550 9990/5577/552 
f 9712/5577/535 10254/5577/588 9988/5577/547 9991/5577/550 
f 10256/5577/588 10257/5577/589 9993/5577/548 9992/5577/547 
f 10257/5577/589 9717/5577/536 9994/5577/552 9993/5577/548 
f 9717/5577/536 9716/5577/535 9995/5577/550 9994/5577/552 
f 9716/5577/535 10256/5577/588 9992/5577/547 9995/5577/550 
f 10258/5577/588 10259/5577/589 9997/5577/548 9996/5577/547 
f 10259/5577/589 9721/5577/536 9998/5577/552 9997/5577/548 
f 9721/5577/536 9720/5577/535 9999/5577/550 9998/5577/552 
f 9720/5577/535 10258/5577/588 9996/5577/547 9999/5577/550 
f 10260/5578/588 10261/5579/589 10001/5579/548 10000/5578/547 
f 10261/5579/589 9725/5579/536 10002/5579/549 10001/5579/548 
f 9725/5579/536 9724/5578/535 10003/5578/550 10002/5579/549 
f 9724/5578/535 10260/5578/588 10000/5578/547 10003/5578/550 
f 10262/5577/588 10263/5577/589 10005/5577/548 10004/5577/547 
f 10263/5577/589 9729/5577/536 10006/5577/549 10005/5577/548 
f 9729/5577/536 9728/5577/535 10007/5577/550 10006/5577/549 
f 9728/5577/535 10262/5577/588 10004/5577/547 10007/5577/550 
f 10264/5578/588 10265/5579/589 10009/5579/548 10008/5578/547 
f 10265/5579/589 9733/5579/536 10010/5579/549 10009/5579/548 
f 9733/5579/536 9732/5578/535 10011/5578/550 10010/5579/549 
f 9732/5578/535 10264/5578/588 10008/5578/547 10011/5578/550 
f 10266/5577/588 10267/5577/589 10013/5577/548 10012/5577/547 
f 10267/5577/589 9737/5577/536 10014/5577/549 10013/5577/548 
f 9737/5577/536 9736/5577/535 10015/5577/550 10014/5577/549 
f 9736/5577/535 10266/5577/588 10012/5577/547 10015/5577/550 
f 10268/5578/588 10269/5579/589 10017/5579/548 10016/5578/547 
f 10269/5579/589 9741/5579/536 10018/5579/549 10017/5579/548 
f 9741/5579/536 9740/5578/535 10019/5578/550 10018/5579/549 
f 9740/5578/535 10268/5578/588 10016/5578/547 10019/5578/550 
f 10270/5577/588 10271/5577/589 10021/5577/548 10020/5577/547 
f 10271/5577/589 9745/5577/536 10022/5577/549 10021/5577/548 
f 9745/5577/536 9744/5577/535 10023/5577/550 10022/5577/549 
f 9744/5577/535 10270/5577/588 10020/5577/547 10023/5577/550 
f 10272/5578/588 10273/5579/589 10025/5579/548 10024/5578/547 
f 10273/5579/589 9749/5579/536 10026/5579/549 10025/5579/548 
f 9749/5579/536 9748/5578/535 10027/5578/550 10026/5579/549 
f 9748/5578/535 10272/5578/588 10024/5578/547 10027/5578/550 
f 10274/5577/588 10275/5577/589 10029/5577/548 10028/5577/547 
f 10275/5577/589 9753/5577/536 10030/5577/549 10029/5577/548 
f 9753/5577/536 9752/5577/535 10031/5577/550 10030/5577/549 
f 9752/5577/535 10274/5577/588 10028/5577/547 10031/5577/550 
f 10276/5578/588 10277/5579/589 10033/5579/548 10032/5578/547 
f 10277/5579/589 9757/5579/536 10034/5579/549 10033/5579/548 
f 9757/5579/536 9756/5578/535 10035/5578/550 10034/5579/549 
f 9756/5578/535 10276/5578/588 10032/5578/547 10035/5578/550 
f 10278/5577/588 10279/5577/589 10037/5577/548 10036/5577/547 
f 10279/5577/589 9761/5577/536 10038/5577/549 10037/5577/548 
f 9761/5577/536 9760/5577/535 10039/5577/550 10038/5577/549 
f 9760/5577/535 10278/5577/588 10036/5577/547 10039/5577/550 
f 10280/5580/588 10281/5581/589 10041/5581/548 10040/5580/547 
f 10281/5581/589 9765/5581/536 10042/5581/549 10041/5581/548 
f 9765/5581/536 9764/5580/535 10043/5580/550 10042/5581/549 
f 9764/5580/535 10280/5580/588 10040/5580/547 10043/5580/550 
f 10282/5580/588 10283/5581/589 10045/5581/548 10044/5580/547 
f 10283/5581/589 9769/5581/536 10046/5581/549 10045/5581/548 
f 9769/5581/536 9768/5580/535 10047/5580/550 10046/5581/549 
f 9768/5580/535 10282/5580/588 10044/5580/547 10047/5580/550 
f 10284/5580/588 10285/5581/589 10049/5581/548 10048/5580/547 
f 10285/5581/589 9773/5581/536 10050/5581/549 10049/5581/548 
f 9773/5581/536 9772/5580/535 10051/5580/550 10050/5581/549 
f 9772/5580/535 10284/5580/588 10048/5580/547 10051/5580/550 
f 10286/5580/588 10287/5581/589 10053/5581/548 10052/5580/547 
f 10287/5581/589 9777/5581/536 10054/5581/549 10053/5581/548 
f 9777/5581/536 9776/5580/535 10055/5580/550 10054/5581/549 
f 9776/5580/535 10286/5580/588 10052/5580/547 10055/5580/550 
f 10288/5580/588 10289/5581/589 10057/5581/548 10056/5580/547 
f 10289/5581/589 9781/5581/536 10058/5581/549 10057/5581/548 
f 9781/5581/536 9780/5580/535 10059/5580/550 10058/5581/549 
f 9780/5580/535 10288/5580/588 10056/5580/547 10059/5580/550 
f 10290/5577/588 10291/5577/589 10061/5577/548 10060/5577/547 
f 10291/5577/589 9785/5577/536 10062/5577/549 10061/5577/548 
f 9785/5577/536 9784/5577/535 10063/5577/550 10062/5577/549 
f 9784/5577/535 10290/5577/588 10060/5577/547 10063/5577/550 
f 10292/5577/588 10293/5577/589 10065/5577/548 10064/5577/547 
f 10293/5577/589 9789/5577/536 10066/5577/549 10065/5577/548 
f 9789/5577/536 9788/5577/535 10067/5577/550 10066/5577/549 
f 9788/5577/535 10292/5577/588 10064/5577/547 10067/5577/550 
f 10294/5577/588 10295/5577/589 10069/5577/548 10068/5577/547 
f 10295/5577/589 9793/5577/536 10070/5577/549 10069/5577/548 
f 9793/5577/536 9792/5577/535 10071/5577/550 10070/5577/549 
f 9792/5577/535 10294/5577/588 10068/5577/547 10071/5577/550 
f 10296/5577/588 10297/5577/589 10073/5577/548 10072/5577/547 
f 10297/5577/589 9797/5577/536 10074/5577/549 10073/5577/548 
f 9797/5577/536 9796/5577/535 10075/5577/550 10074/5577/549 
f 9796/5577/535 10296/5577/588 10072/5577/547 10075/5577/550 
f 10298/5577/588 10299/5577/589 10077/5577/548 10076/5577/547 
f 10299/5577/589 9801/5577/536 10078/5577/549 10077/5577/548 
f 9801/5577/536 9800/5577/535 10079/5577/550 10078/5577/549 
f 9800/5577/535 10298/5577/588 10076/5577/547 10079/5577/550 
f 10300/5582/589 10301/5583/588 10081/5583/554 10080/5582/553 
f 10301/5583/588 9805/5583/539 10082/5583/555 10081/5583/554 
f 9805/5583/539 9804/5582/538 10083/5582/556 10082/5583/555 
f 9804/5582/538 10300/5582/589 10080/5582/553 10083/5582/556 
f 10302/5584/589 10303/5585/588 10085/5585/557 10084/5584/553 
f 10303/5585/588 9809/5585/539 10086/5585/555 10085/5585/557 
f 9809/5585/539 9808/5584/538 10087/5584/556 10086/5585/555 
f 9808/5584/538 10302/5584/589 10084/5584/553 10087/5584/556 
f 10304/5582/589 10305/5583/588 10089/5583/559 10088/5582/558 
f 10305/5583/588 9813/5583/539 10090/5583/560 10089/5583/559 
f 9813/5583/539 9812/5582/538 10091/5582/561 10090/5583/560 
f 9812/5582/538 10304/5582/589 10088/5582/558 10091/5582/561 
f 10306/5584/589 10307/5585/588 10093/5585/557 10092/5584/562 
f 10307/5585/588 9817/5585/539 10094/5585/563 10093/5585/557 
f 9817/5585/539 9816/5584/538 10095/5584/564 10094/5585/563 
f 9816/5584/538 10306/5584/589 10092/5584/562 10095/5584/564 
f 10308/5582/589 10309/5583/588 10097/5583/554 10096/5582/553 
f 10309/5583/588 9821/5583/535 10098/5583/555 10097/5583/554 
f 9821/5583/535 9820/5582/536 10099/5582/556 10098/5583/555 
f 9820/5582/536 10308/5582/589 10096/5582/553 10099/5582/556 
f 10310/5584/589 10311/5585/588 10101/5585/554 10100/5584/553 
f 10311/5585/588 9825/5585/535 10102/5585/563 10101/5585/554 
f 9825/5585/535 9824/5584/536 10103/5584/564 10102/5585/563 
f 9824/5584/536 10310/5584/589 10100/5584/553 10103/5584/564 
f 10312/5582/589 10313/5583/588 10105/5583/554 10104/5582/553 
f 10313/5583/588 9829/5583/535 10106/5583/555 10105/5583/554 
f 9829/5583/535 9828/5582/536 10107/5582/556 10106/5583/555 
f 9828/5582/536 10312/5582/589 10104/5582/553 10107/5582/556 
f 10314/5584/589 10315/5585/588 10109/5585/554 10108/5584/553 
f 10315/5585/588 9833/5585/535 10110/5585/555 10109/5585/554 
f 9833/5585/535 9832/5584/536 10111/5584/556 10110/5585/555 
f 9832/5584/536 10314/5584/589 10108/5584/553 10111/5584/556 
f 10316/5586/589 10317/5586/588 10113/5586/554 10112/5586/553 
f 10317/5586/588 9837/5586/539 10114/5586/555 10113/5586/554 
f 9837/5586/539 9836/5586/538 10115/5586/556 10114/5586/555 
f 9836/5586/538 10316/5586/589 10112/5586/553 10115/5586/556 
f 10318/5587/589 10319/5586/588 10117/5586/554 10116/5587/553 
f 10319/5586/588 9841/5586/539 10118/5586/555 10117/5586/554 
f 9841/5586/539 9840/5587/538 10119/5587/556 10118/5586/555 
f 9840/5587/538 10318/5587/589 10116/5587/553 10119/5587/556 
f 10320/5586/589 10321/5586/588 10121/5586/554 10120/5586/553 
f 10321/5586/588 9845/5586/539 10122/5586/555 10121/5586/554 
f 9845/5586/539 9844/5586/538 10123/5586/556 10122/5586/555 
f 9844/5586/538 10320/5586/589 10120/5586/553 10123/5586/556 
f 10322/5586/589 10323/5586/588 10125/5586/554 10124/5586/553 
f 10323/5586/588 9849/5586/539 10126/5586/555 10125/5586/554 
f 9849/5586/539 9848/5586/538 10127/5586/556 10126/5586/555 
f 9848/5586/538 10322/5586/589 10124/5586/553 10127/5586/556 
f 10324/5586/589 10325/5586/588 10129/5586/559 10128/5586/558 
f 10325/5586/588 9853/5586/539 10130/5586/560 10129/5586/559 
f 9853/5586/539 9852/5586/538 10131/5586/561 10130/5586/560 
f 9852/5586/538 10324/5586/589 10128/5586/558 10131/5586/561 
f 10326/5587/589 10327/5586/588 10133/5586/557 10132/5587/562 
f 10327/5586/588 9857/5586/539 10134/5586/563 10133/5586/557 
f 9857/5586/539 9856/5587/538 10135/5587/556 10134/5586/563 
f 9856/5587/538 10326/5587/589 10132/5587/562 10135/5587/556 
f 10328/5586/589 10329/5586/588 10137/5586/559 10136/5586/558 
f 10329/5586/588 9861/5586/539 10138/5586/560 10137/5586/559 
f 9861/5586/539 9860/5586/538 10139/5586/561 10138/5586/560 
f 9860/5586/538 10328/5586/589 10136/5586/558 10139/5586/561 
f 10330/5586/589 10331/5586/588 10141/5586/559 10140/5586/558 
f 10331/5586/588 9865/5586/539 10142/5586/560 10141/5586/559 
f 9865/5586/539 9864/5586/538 10143/5586/561 10142/5586/560 
f 9864/5586/538 10330/5586/589 10140/5586/558 10143/5586/561 
f 10332/5586/589 10333/5586/588 10145/5586/554 10144/5586/553 
f 10333/5586/588 9869/5586/535 10146/5586/555 10145/5586/554 
f 9869/5586/535 9868/5586/536 10147/5586/556 10146/5586/555 
f 9868/5586/536 10332/5586/589 10144/5586/553 10147/5586/556 
f 10334/5587/589 10335/5586/588 10149/5586/554 10148/5587/553 
f 10335/5586/588 9873/5586/535 10150/5586/563 10149/5586/554 
f 9873/5586/535 9872/5587/536 10151/5587/564 10150/5586/563 
f 9872/5587/536 10334/5587/589 10148/5587/553 10151/5587/564 
f 10336/5586/589 10337/5586/588 10153/5586/554 10152/5586/553 
f 10337/5586/588 9877/5586/535 10154/5586/555 10153/5586/554 
f 9877/5586/535 9876/5586/536 10155/5586/556 10154/5586/555 
f 9876/5586/536 10336/5586/589 10152/5586/553 10155/5586/556 
f 10338/5586/589 10339/5586/588 10157/5586/554 10156/5586/553 
f 10339/5586/588 9881/5586/535 10158/5586/555 10157/5586/554 
f 9881/5586/535 9880/5586/536 10159/5586/556 10158/5586/555 
f 9880/5586/536 10338/5586/589 10156/5586/553 10159/5586/556 
f 10340/5586/589 10341/5586/588 10161/5586/554 10160/5586/553 
f 10341/5586/588 9885/5586/535 10162/5586/555 10161/5586/554 
f 9885/5586/535 9884/5586/536 10163/5586/556 10162/5586/555 
f 9884/5586/536 10340/5586/589 10160/5586/553 10163/5586/556 
f 10342/5587/589 10343/5586/588 10165/5586/554 10164/5587/553 
f 10343/5586/588 9889/5586/535 10166/5586/555 10165/5586/554 
f 9889/5586/535 9888/5587/536 10167/5587/556 10166/5586/555 
f 9888/5587/536 10342/5587/589 10164/5587/553 10167/5587/556 
f 10344/5586/589 10345/5586/588 10169/5586/554 10168/5586/553 
f 10345/5586/588 9893/5586/535 10170/5586/555 10169/5586/554 
f 9893/5586/535 9892/5586/536 10171/5586/556 10170/5586/555 
f 9892/5586/536 10344/5586/589 10168/5586/553 10171/5586/556 
f 10346/5586/589 10347/5586/588 10173/5586/554 10172/5586/553 
f 10347/5586/588 9897/5586/535 10174/5586/555 10173/5586/554 
f 9897/5586/535 9896/5586/536 10175/5586/556 10174/5586/555 
f 9896/5586/536 10346/5586/589 10172/5586/553 10175/5586/556 
f 10348/5586/590 10349/5586/591 10177/5586/565 10176/5586/557 
f 10349/5586/591 9901/5586/543 10178/5586/566 10177/5586/565 
f 9901/5586/543 9900/5586/542 10179/5586/567 10178/5586/566 
f 9900/5586/542 10348/5586/590 10176/5586/557 10179/5586/567 
f 10350/5586/592 10351/5586/593 10181/5586/569 10180/5586/568 
f 10351/5586/593 9905/5586/545 10182/5586/550 10181/5586/569 
f 9905/5586/545 9904/5586/544 10183/5586/555 10182/5586/550 
f 9904/5586/544 10350/5586/592 10180/5586/568 10183/5586/555 
f 10352/5586/592 10353/5586/593 10185/5586/571 10184/5586/570 
f 10353/5586/593 9909/5586/545 10186/5586/572 10185/5586/571 
f 9909/5586/545 9908/5586/544 10187/5586/573 10186/5586/572 
f 9908/5586/544 10352/5586/592 10184/5586/570 10187/5586/573 
f 10354/5586/592 10355/5586/593 10189/5586/569 10188/5586/568 
f 10355/5586/593 9913/5586/545 10190/5586/550 10189/5586/569 
f 9913/5586/545 9912/5586/544 10191/5586/560 10190/5586/550 
f 9912/5586/544 10354/5586/592 10188/5586/568 10191/5586/560 
f 10356/5588/592 10357/5589/593 10193/5589/575 10192/5588/574 
f 10357/5589/593 9917/5589/543 10194/5589/576 10193/5589/575 
f 9917/5589/543 9916/5588/542 10195/5588/577 10194/5589/576 
f 9916/5588/542 10356/5588/592 10192/5588/574 10195/5588/577 
f 10358/5590/593 10359/5591/592 10197/5591/553 10196/5590/548 
f 10359/5591/592 9921/5591/544 10198/5591/556 10197/5591/553 
f 9921/5591/544 9920/5590/545 10199/5590/549 10198/5591/556 
f 9920/5590/545 10358/5590/593 10196/5590/548 10199/5590/549 
f 10360/5590/593 10361/5591/592 10201/5591/579 10200/5590/578 
f 10361/5591/592 9925/5591/542 10202/5591/561 10201/5591/579 
f 9925/5591/542 9924/5590/543 10203/5590/580 10202/5591/561 
f 9924/5590/543 10360/5590/593 10200/5590/578 10203/5590/580 
f 10362/5590/593 10363/5591/592 10205/5591/558 10204/5590/578 
f 10363/5591/592 9929/5591/544 10206/5591/561 10205/5591/558 
f 9929/5591/544 9928/5590/545 10207/5590/580 10206/5591/561 
f 9928/5590/545 10362/5590/593 10204/5590/578 10207/5590/580 
f 10364/5590/591 10365/5591/592 10209/5591/558 10208/5590/578 
f 10365/5591/592 9933/5591/542 10210/5591/581 10209/5591/558 
f 9933/5591/542 9932/5590/545 10211/5590/582 10210/5591/581 
f 9932/5590/545 10364/5590/591 10208/5590/578 10211/5590/582 
f 10366/5592/593 10367/5593/592 10213/5593/583 10212/5592/548 
f 10367/5593/592 9937/5593/544 10214/5593/556 10213/5593/583 
f 9937/5593/544 9936/5592/545 10215/5592/584 10214/5593/556 
f 9936/5592/545 10366/5592/593 10212/5592/548 10215/5592/584 
f 10368/5594/593 10369/5595/592 10217/5595/583 10216/5594/548 
f 10369/5595/592 9941/5595/544 10218/5595/556 10217/5595/583 
f 9941/5595/544 9940/5594/545 10219/5594/584 10218/5595/556 
f 9940/5594/545 10368/5594/593 10216/5594/548 10219/5594/584 
f 10370/5577/593 10371/5577/592 10221/5577/553 10220/5577/548 
f 10371/5577/592 9945/5577/542 10222/5577/556 10221/5577/553 
f 9945/5577/542 9944/5577/543 10223/5577/549 10222/5577/556 
f 9944/5577/543 10370/5577/593 10220/5577/548 10223/5577/549 
f 10372/5577/593 10373/5577/592 10225/5577/553 10224/5577/548 
f 10373/5577/592 9949/5577/542 10226/5577/556 10225/5577/553 
f 9949/5577/542 9948/5577/543 10227/5577/549 10226/5577/556 
f 9948/5577/543 10372/5577/593 10224/5577/548 10227/5577/549 
f 10374/5596/591 10375/5597/592 10229/5597/586 10228/5596/585 
f 10375/5597/592 9953/5597/542 10230/5597/587 10229/5597/586 
f 9953/5597/542 9952/5596/545 10231/5596/584 10230/5597/587 
f 9952/5596/545 10374/5596/591 10228/5596/585 10231/5596/584 
f 10376/5596/591 10377/5597/592 10233/5597/586 10232/5596/585 
f 10377/5597/592 9957/5597/542 10234/5597/581 10233/5597/586 
f 9957/5597/542 9956/5596/545 10235/5596/584 10234/5597/581 
f 9956/5596/545 10376/5596/591 10232/5596/585 10235/5596/584 
f 10378/5596/591 10379/5597/592 10237/5597/586 10236/5596/585 
f 10379/5597/592 9961/5597/542 10238/5597/581 10237/5597/586 
f 9961/5597/542 9960/5596/545 10239/5596/584 10238/5597/581 
f 9960/5596/545 10378/5596/591 10236/5596/585 10239/5596/584 
f 10380/5596/591 10381/5597/592 10241/5597/558 10240/5596/578 
f 10381/5597/592 9965/5597/544 10242/5597/587 10241/5597/558 
f 9965/5597/544 9964/5596/545 10243/5596/584 10242/5597/587 
f 9964/5596/545 10380/5596/591 10240/5596/578 10243/5596/584 
f 10382/5598/542 10383/5598/543 10384/5598/537 10385/5598/537 
f 10386/5598/542 10387/5598/545 10388/5598/541 10389/5598/541 
f 10390/5598/544 10391/5598/545 10392/5598/541 10393/5598/541 
f 10394/5598/544 10395/5598/545 10396/5598/541 10397/5598/541 
f 10398/5598/542 10399/5598/543 10400/5598/537 10401/5598/537 
f 10402/5598/544 10403/5598/545 10404/5598/541 10405/5598/541 
f 10406/5598/544 10407/5598/545 10408/5598/541 10409/5598/541 
f 10410/5598/544 10411/5598/545 10412/5598/541 10413/5598/541 
f 10414/5598/568 10415/5598/565 10416/5598/572 10417/5598/567 
f 10418/5598/594 10419/5598/569 10420/5598/572 10421/5598/567 
f 10422/5598/594 10423/5598/569 10424/5598/572 10425/5598/567 
f 10426/5598/594 10427/5598/569 10428/5598/572 10429/5598/567 
f 10430/5598/574 10431/5598/565 10432/5598/576 10433/5598/567 
f 10434/5598/568 10435/5598/569 10436/5598/572 10437/5598/560 
f 10438/5598/594 10439/5598/571 10440/5598/572 10441/5598/573 
f 10442/5598/594 10443/5598/571 10444/5598/572 10445/5598/573 
f 10446/5598/592 10447/5598/591 10415/5598/565 10414/5598/568 
f 10447/5598/591 10383/5598/543 10416/5598/572 10415/5598/565 
f 10383/5598/543 10382/5598/542 10417/5598/567 10416/5598/572 
f 10382/5598/542 10446/5598/592 10414/5598/568 10417/5598/567 
f 10448/5598/592 10449/5598/591 10419/5598/569 10418/5598/594 
f 10449/5598/591 10387/5598/545 10420/5598/572 10419/5598/569 
f 10387/5598/545 10386/5598/542 10421/5598/567 10420/5598/572 
f 10386/5598/542 10448/5598/592 10418/5598/594 10421/5598/567 
f 10450/5598/592 10451/5598/591 10423/5598/569 10422/5598/594 
f 10451/5598/591 10391/5598/545 10424/5598/572 10423/5598/569 
f 10391/5598/545 10390/5598/544 10425/5598/567 10424/5598/572 
f 10390/5598/544 10450/5598/592 10422/5598/594 10425/5598/567 
f 10452/5598/592 10453/5598/591 10427/5598/569 10426/5598/594 
f 10453/5598/591 10395/5598/545 10428/5598/572 10427/5598/569 
f 10395/5598/545 10394/5598/544 10429/5598/567 10428/5598/572 
f 10394/5598/544 10452/5598/592 10426/5598/594 10429/5598/567 
f 10454/5598/590 10455/5598/591 10431/5598/565 10430/5598/574 
f 10455/5598/591 10399/5598/543 10432/5598/576 10431/5598/565 
f 10399/5598/543 10398/5598/542 10433/5598/567 10432/5598/576 
f 10398/5598/542 10454/5598/590 10430/5598/574 10433/5598/567 
f 10456/5598/592 10457/5598/591 10435/5598/569 10434/5598/568 
f 10457/5598/591 10403/5598/545 10436/5598/572 10435/5598/569 
f 10403/5598/545 10402/5598/544 10437/5598/560 10436/5598/572 
f 10402/5598/544 10456/5598/592 10434/5598/568 10437/5598/560 
f 10458/5598/592 10459/5598/593 10439/5598/571 10438/5598/594 
f 10459/5598/593 10407/5598/545 10440/5598/572 10439/5598/571 
f 10407/5598/545 10406/5598/544 10441/5598/573 10440/5598/572 
f 10406/5598/544 10458/5598/592 10438/5598/594 10441/5598/573 
f 10460/5598/592 10461/5598/593 10443/5598/571 10442/5598/594 
f 10461/5598/593 10411/5598/545 10444/5598/572 10443/5598/571 
f 10411/5598/545 10410/5598/544 10445/5598/573 10444/5598/572 
f 10410/5598/544 10460/5598/592 10442/5598/594 10445/5598/573 
# 462 polygons

